{
    "id": "0121272d-20b3-4059-920a-6fe30b7c773e",
    "result_metadata": {
        "score": 1
    },
    "copyright": "\u00a9 Copyright \u00a9 2020  The Standard Journal, All rights reserved.",
    "geoOrigin": "Milton, Pennsylvania",
    "sourceType": "Newspaper",
    "source": "Standard Journal, The (Milton, PA)",
    "corpus_document_id": "28171904692896663294",
    "description": "LEWISBURG- A daughter, Haley Isabel, was born to Stephanie Wolfe and Adam Wolfe at 6:26 a.m. Tuesday, June 2, 2020, at Evangelical Community Hospital, Lewisburg.",
    "serviceName": "Newspapers",
    "locationCode": [],
    "sourceClass": "General News",
    "subjectCode": [],
    "text": "LEWISBURG - A daughter, Haley Isabel, was born to Stephanie (Krick) Wolfe and\nAdam Wolfe at 6:26 a.m. Tuesday, June 2, 2020, at Evangelical Community\nHospital, Lewisburg.\n\nHaley Isabel is the granddaughter of Dennis and Anna Wolfe, of Lewisburg, and\nGary and Christine Rkick, of Potts Grove.",
    "industryCode": [],
    "naviga_enrichment": {
        "org": [
            "Evangelical Community Hospital"
        ],
        "location": [
            "Potts Grove"
        ],
        "person": [
            "Haley Isabel",
            "Stephanie (Krick) Wolfe",
            "Adam Wolfe",
            "Anna Wolfe"
        ],
        "companies": [
            "Evangelical Community Hospital"
        ]
    },
    "geoOrigin_code": "RU/us.pa.milton",
    "language": "English",
    "filename": "202006080000NEWSBANKNEWSPPRS60483E4B5E75190219857AFAF015813.XML",
    "providerName": "NewsBank",
    "enriched_text": {
        "entities": [
            {
                "count": 3,
                "sentiment": {
                    "score": 0,
                    "label": "neutral"
                },
                "text": "LEWISBURG",
                "relevance": 0.886474,
                "type": "Location",
                "disambiguation": {
                    "subtype": [
                        "City"
                    ]
                }
            },
            {
                "count": 3,
                "sentiment": {
                    "score": 0,
                    "label": "neutral"
                },
                "text": "Haley Isabel",
                "relevance": 0.880619,
                "type": "Person"
            },
            {
                "count": 2,
                "sentiment": {
                    "score": -0.378581,
                    "label": "negative"
                },
                "text": "Adam Wolfe",
                "relevance": 0.748971,
                "type": "Person"
            },
            {
                "count": 1,
                "sentiment": {
                    "score": 0,
                    "label": "neutral"
                },
                "text": "Anna Wolfe",
                "relevance": 0.456276,
                "type": "Person"
            },
            {
                "count": 1,
                "sentiment": {
                    "score": 0,
                    "label": "neutral"
                },
                "text": "Potts Grove",
                "relevance": 0.27093,
                "type": "Location",
                "disambiguation": {
                    "subtype": [
                        "City"
                    ]
                }
            },
            {
                "count": 1,
                "sentiment": {
                    "score": 0,
                    "label": "neutral"
                },
                "text": "Evangelical Community",
                "relevance": 0.222468,
                "type": "Organization"
            },
            {
                "count": 1,
                "sentiment": {
                    "score": 0,
                    "label": "neutral"
                },
                "text": "Christine Rkick",
                "relevance": 0.202808,
                "type": "Person"
            },
            {
                "count": 1,
                "sentiment": {
                    "score": 0,
                    "label": "neutral"
                },
                "text": "Stephanie",
                "relevance": 0.200515,
                "type": "Person"
            },
            {
                "count": 1,
                "sentiment": {
                    "score": 0,
                    "label": "neutral"
                },
                "text": "Gary",
                "relevance": 0.170916,
                "type": "Person"
            },
            {
                "count": 1,
                "sentiment": {
                    "score": 0,
                    "label": "neutral"
                },
                "text": "Dennis",
                "relevance": 0.158881,
                "type": "Person"
            }
        ],
        "semantic_roles": [
            {
                "subject": {
                    "text": "Haley Isabel"
                },
                "sentence": " Haley Isabel is the granddaughter of Dennis and Anna Wolfe, of Lewisburg, and",
                "object": {
                    "text": "the granddaughter of Dennis and Anna Wolfe"
                },
                "action": {
                    "verb": {
                        "text": "be",
                        "tense": "present"
                    },
                    "text": "is",
                    "normalized": "be"
                }
            }
        ],
        "categories": [
            {
                "score": 0.707083,
                "label": "/society/social institution/divorce"
            }
        ],
        "relations": [
            {
                "type": "residesIn",
                "sentence": "Haley Isabel is the granddaughter of Dennis and Anna Wolfe, of Lewisburg, and Gary and Christine Rkick, of Potts Grove.",
                "score": 0.972105,
                "arguments": [
                    {
                        "text": "Anna Wolfe",
                        "location": [
                            220,
                            230
                        ],
                        "entities": [
                            {
                                "type": "Person",
                                "text": "Anna Wolfe"
                            }
                        ]
                    },
                    {
                        "text": "Lewisburg",
                        "location": [
                            235,
                            244
                        ],
                        "entities": [
                            {
                                "type": "GeopoliticalEntity",
                                "text": "LEWISBURG"
                            }
                        ]
                    }
                ]
            }
        ],
        "keywords": [
            {
                "text": "Haley Isabel",
                "relevance": 0.96598,
                "count": 2
            },
            {
                "text": "granddaughter of Dennis",
                "relevance": 0.830743,
                "count": 1
            },
            {
                "text": "LEWISBURG",
                "relevance": 0.720292,
                "count": 3
            },
            {
                "text": "daughter",
                "relevance": 0.628349,
                "count": 1
            },
            {
                "text": "Anna Wolfe",
                "relevance": 0.612323,
                "count": 1
            },
            {
                "text": "Adam Wolfe",
                "relevance": 0.606363,
                "count": 1
            },
            {
                "text": "Wolfe",
                "relevance": 0.589071,
                "count": 1
            },
            {
                "text": "Stephanie",
                "relevance": 0.5301,
                "count": 1
            },
            {
                "text": "June",
                "relevance": 0.524021,
                "count": 1
            },
            {
                "text": "Christine Rkick",
                "relevance": 0.477529,
                "count": 1
            },
            {
                "text": "Potts Grove",
                "relevance": 0.386549,
                "count": 1
            },
            {
                "text": "Gary",
                "relevance": 0.330146,
                "count": 1
            },
            {
                "text": "Tuesday",
                "relevance": 0.297498,
                "count": 1
            },
            {
                "text": "Krick",
                "relevance": 0.293922,
                "count": 1
            }
        ]
    },
    "freqeuncy": "Daily",
    "extracted_metadata": {
        "sha1": "84a297b3356df2044462d9be1c516999b61b3f88",
        "filename": "202006080000NEWSBANKNEWSPPRS60483E4B5E75190219857AFAF015813.json",
        "file_type": "json"
    },
    "companyRecord": "|||Evangelical Community Hospital|extractor|DUNS:071445985;NECOID:209347284;ACORN:0198347284|SIGNIFICANT||||XXXX|REFERENCE",
    "publicationTime": "2020-06-08T00:00:00-04:00",
    "title": "New arrival",
    "html": "<p>LEWISBURG - A daughter, <person>Haley Isabel</person>, was born to <person>Stephanie (Krick) Wolfe</person> and <person>Adam Wolfe</person> at <chron>6:26 a.m. Tuesday, June 2, 2020</chron>, at <org idsrc=\"xmltag.org\" value=\"ACORN:0198347284\">Evangelical Community Hospital</org>, Lewisburg.</p>\n<p><person>Haley Isabel</person> is the granddaughter of Dennis and <person>Anna Wolfe</person>, of Lewisburg, and Gary and Christine Rkick, of <location>Potts Grove</location>.</p>",
    "geoFocus": [
        [
            "GU/us.pa.milton",
            "Milton"
        ]
    ]
}