{
    "id": "02be67d6-844f-4a8d-a398-b0cb1b62ae43",
    "result_metadata": {
        "score": 1
    },
    "copyright": "(c)  2020, TenderNews.com Provided by SyndiGate Media Inc. (Syndigate.info).",
    "geoOrigin": "New Delhi, India",
    "sourceType": "General Newswire",
    "source": "TenderNews.com - Tenders (India)",
    "corpus_document_id": "20458844143367491383",
    "description": "Design and Construction of Aviation Park Station and Tunnels more info: Location: Singapore BidDate: 2/ 1/ 2021 Tender Country: SINGAPORE Tender Type: Tenders Tendering Authority: Land Transport Authority Tendering Authority Address: Contact Person: MS LIM PI FEEI/ MS NOR AZIZAH MOHD ALI Phone: 65-6396 1623/ 2982 Fax: 65-6396 1124 E-Mail: lta_contractslta.gov. sg.",
    "serviceName": "Middle East & North African Newspapers",
    "locationCode": [
        {
            "parent": "LR/as",
            "relevance_score": "9",
            "description": "South-Eastern Asia",
            "code": "LB/seas#9#49#90",
            "level": 1
        },
        {
            "parent": "LB/seas",
            "relevance_score": "9",
            "description": "Singapore",
            "code": "LC/sg#9#90#49",
            "level": 2
        },
        {
            "parent": null,
            "relevance_score": "9",
            "description": "Asia",
            "code": "LR/as#9#49#90",
            "level": 0
        },
        {
            "code": "LR/asp#9#49#90",
            "description": "",
            "relevance_score": "9"
        }
    ],
    "sourceClass": "Business and Commerce",
    "subjectCode": [
        {
            "parent": "IS/pol.spec",
            "relevance_score": "9",
            "description": "Government Contract Solicitations",
            "code": "IS/pol.govrfp#9#99#50",
            "level": 2
        },
        {
            "parent": "IS/spec",
            "relevance_score": "9",
            "description": "Structured Politics and Government Content",
            "code": "IS/pol.spec#9#50#99",
            "level": 1
        },
        {
            "parent": null,
            "relevance_score": "9",
            "description": "Structured Content",
            "code": "IS/spec#9#50#99",
            "level": 0
        },
        {
            "parent": null,
            "relevance_score": "5",
            "description": "Life and Society",
            "code": "IS/lifesoc#5#50#58",
            "level": 0
        }
    ],
    "text": "Design and Construction of Aviation Park Station and Tunnels more info :\nLocation : Singapore BidDate : 2/1/2021 Tender Country : SINGAPORE Tender Type\n: Tenders Tendering Authority : Land Transport Authority Tendering Authority\nAddress : Contact Person:MS LIM PI FEEI / MS NOR AZIZAH MOHD ALI Phone:65-6396\n1623 / 2982 Fax:65-6396 1124\nE-Mail:[lta_contractslta.gov](http://lta_contractslta.gov).sg\n\nFinancier : Self Funded",
    "industryCode": [],
    "naviga_enrichment": {
        "org": [],
        "location": [
            "Aviation Park Station",
            "SINGAPORE"
        ],
        "person": [],
        "companies": []
    },
    "geoOrigin_code": "RU/in..newdel",
    "language": "English",
    "filename": "202006050210ALBA____ME_NA_NE_58924_176208984_138.151.XML",
    "providerName": "SyndiGate Media Inc.",
    "enriched_text": {
        "entities": [
            {
                "count": 1,
                "sentiment": {
                    "score": 0,
                    "label": "neutral"
                },
                "text": "Land Transport Authority Tendering Authority",
                "relevance": 0.931823,
                "type": "Organization"
            },
            {
                "count": 1,
                "sentiment": {
                    "score": 0,
                    "label": "neutral"
                },
                "text": "Tenders Tendering Authority",
                "relevance": 0.736168,
                "type": "Organization"
            },
            {
                "count": 1,
                "sentiment": {
                    "score": 0,
                    "label": "neutral"
                },
                "text": "Construction of Aviation Park Station",
                "relevance": 0.384492,
                "type": "Facility"
            },
            {
                "count": 1,
                "sentiment": {
                    "score": 0,
                    "label": "neutral"
                },
                "text": "MOHD ALI Phone",
                "relevance": 0.365427,
                "type": "Person"
            },
            {
                "count": 1,
                "sentiment": {
                    "score": 0.673866,
                    "label": "positive"
                },
                "text": "SINGAPORE",
                "relevance": 0.310943,
                "type": "Company"
            },
            {
                "count": 1,
                "sentiment": {
                    "score": 0,
                    "label": "neutral"
                },
                "text": "MS",
                "relevance": 0.214215,
                "type": "Company",
                "disambiguation": {
                    "subtype": [
                        "OperatingSystemDeveloper",
                        "ProcessorManufacturer",
                        "SoftwareDeveloper",
                        "VentureFundedCompany",
                        "VideoGameDeveloper",
                        "VideoGamePublisher",
                        "ProgrammingLanguageDesigner"
                    ],
                    "name": "Microsoft",
                    "dbpedia_resource": "http://dbpedia.org/resource/Microsoft"
                }
            }
        ],
        "semantic_roles": [
            {
                "subject": {
                    "text": "Land Transport Authority"
                },
                "sentence": " : Tenders Tendering Authority : Land Transport Authority Tendering Authority",
                "object": {
                    "text": "Authority"
                },
                "action": {
                    "verb": {
                        "text": "Tendering",
                        "tense": "present"
                    },
                    "text": "Tendering",
                    "normalized": "Tendering"
                }
            }
        ],
        "categories": [
            {
                "score": 0.74842,
                "label": "/law, govt and politics/government/government contracting and procurement"
            },
            {
                "score": 0.602828,
                "label": "/business and industrial/construction"
            },
            {
                "score": 0.574833,
                "label": "/automotive and vehicles/cars/hybrid"
            }
        ],
        "relations": [
            {
                "type": "locatedAt",
                "sentence": "Design and Construction of Aviation Park Station and Tunnels more info : Location : Singapore BidDate : 2/1/2021 Tender Country : SINGAPORE Tender Type : Tenders Tendering Authority : Land Transport Authority Tendering Authority Address : Contact Person:MS LIM PI FEEI / MS NOR AZIZAH MOHD ALI Phone:65-6396 1623 / 2982 Fax:65-6396 1124 E-Mail:[lta_contractslta.gov](http://lta_contractslta.gov).sg",
                "score": 0.636352,
                "arguments": [
                    {
                        "text": "Tenders Tendering Authority",
                        "location": [
                            154,
                            181
                        ],
                        "entities": [
                            {
                                "type": "Organization",
                                "text": "Tenders Tendering Authority",
                                "disambiguation": {
                                    "subtype": [
                                        "Commercial"
                                    ]
                                }
                            }
                        ]
                    },
                    {
                        "text": "Land",
                        "location": [
                            184,
                            188
                        ],
                        "entities": [
                            {
                                "type": "Location",
                                "text": "Land"
                            }
                        ]
                    }
                ]
            },
            {
                "type": "locatedAt",
                "sentence": "Design and Construction of Aviation Park Station and Tunnels more info : Location : Singapore BidDate : 2/1/2021 Tender Country : SINGAPORE Tender Type : Tenders Tendering Authority : Land Transport Authority Tendering Authority Address : Contact Person:MS LIM PI FEEI / MS NOR AZIZAH MOHD ALI Phone:65-6396 1623 / 2982 Fax:65-6396 1124 E-Mail:[lta_contractslta.gov](http://lta_contractslta.gov).sg",
                "score": 0.582218,
                "arguments": [
                    {
                        "text": "Transport Authority Tendering Authority\nAddress",
                        "location": [
                            189,
                            236
                        ],
                        "entities": [
                            {
                                "type": "Organization",
                                "text": "Transport Authority Tendering Authority\nAddress"
                            }
                        ]
                    },
                    {
                        "text": "Land",
                        "location": [
                            184,
                            188
                        ],
                        "entities": [
                            {
                                "type": "Location",
                                "text": "Land"
                            }
                        ]
                    }
                ]
            }
        ],
        "keywords": [
            {
                "text": "Tender Country",
                "relevance": 0.838775,
                "count": 1
            },
            {
                "text": "Singapore BidDate",
                "relevance": 0.821693,
                "count": 1
            },
            {
                "text": "MS LIM PI FEEI",
                "relevance": 0.795867,
                "count": 1
            },
            {
                "text": "Contact Person",
                "relevance": 0.710657,
                "count": 1
            },
            {
                "text": "Construction of Aviation Park Station",
                "relevance": 0.673798,
                "count": 1
            },
            {
                "text": "E-Mail",
                "relevance": 0.653495,
                "count": 1
            },
            {
                "text": "Tender Type",
                "relevance": 0.590518,
                "count": 1
            },
            {
                "text": "Design",
                "relevance": 0.588991,
                "count": 1
            },
            {
                "text": "Location",
                "relevance": 0.580744,
                "count": 1
            },
            {
                "text": "Authority",
                "relevance": 0.54581,
                "count": 1
            },
            {
                "text": "Tenders",
                "relevance": 0.537833,
                "count": 1
            },
            {
                "text": "Financier",
                "relevance": 0.527877,
                "count": 1
            },
            {
                "text": "Tunnels",
                "relevance": 0.522162,
                "count": 1
            },
            {
                "text": "Fax",
                "relevance": 0.51508,
                "count": 1
            },
            {
                "text": "info",
                "relevance": 0.51508,
                "count": 1
            },
            {
                "text": "MS NOR AZIZAH MOHD ALI Phone",
                "relevance": 0.355769,
                "count": 1
            },
            {
                "text": "SINGAPORE",
                "relevance": 0.350487,
                "count": 1
            }
        ]
    },
    "freqeuncy": "Daily",
    "extracted_metadata": {
        "sha1": "5803d86104bc914bf0b3ebb33ffb495aa36824c5",
        "filename": "202006050210ALBA____ME_NA_NE_58924_176208984_138.151.json",
        "file_type": "json"
    },
    "companyRecord": "",
    "publicationTime": "2020-06-05T02:10:00-04:00",
    "title": "Design and Construction of Aviation Park Station and Tunnels [TenderNews.com - Tenders (India)]",
    "html": "<p>Design and Construction of <location>Aviation Park Station</location> and Tunnels more info :  Location : Singapore\nBidDate : <chron>2/1/2021</chron>\nTender Country : <location idsrc=\"xmltag.org\" value=\"LC/sg\">SINGAPORE</location>\nTender Type : <org>Tenders\nTendering Authority</org> : Land Transport Authority\nTendering Authority Address : Contact Person:MS LIM PI FEEI / MS NOR AZIZAH MOHD ALI\nPhone:65-6396 1623 / 2982\nFax:65-6396 1124\nE-Mail:<a href=\"http://lta_contractslta.gov\">lta_contractslta.gov</a>.sg</p>\n<p>Financier : Self Funded</p>",
    "geoFocus": [
        [
            "GC/in",
            "India"
        ]
    ]
}