{
    "id": "05acacc0-7387-406b-90bc-eaba6a98d7f7",
    "result_metadata": {
        "score": 1
    },
    "copyright": "\u00a9 Copyright 2020 The Express-Times. All Rights Reserved.",
    "geoOrigin": "Lehigh Valley, Pennsylvania",
    "sourceType": "Newspaper",
    "source": "Easton Express Times (PA)",
    "corpus_document_id": "36099929821871231722",
    "description": "It will on Saturday with a march down Main Street against racism. Lakeisha Alexander, a resident who is organizing the peaceful demonstration called Walk With Us, told lehighvalleylive.com that residents who experience bigotry want their voices heard, and that others need to realize it happens in Warren County as well as major cities where protests have been...",
    "serviceName": "Newspapers",
    "locationCode": [
        {
            "parent": "LR/am",
            "relevance_score": "7",
            "description": "North America",
            "code": "LB/nam#7#49#70",
            "level": 1
        },
        {
            "parent": "LB/nam",
            "relevance_score": "7",
            "description": "United States",
            "code": "LC/us#7#50#70",
            "level": 2
        },
        {
            "parent": null,
            "relevance_score": "7",
            "description": "Americas",
            "code": "LR/am#7#49#70",
            "level": 0
        },
        {
            "code": "LR/nam#7#49#70",
            "description": "",
            "relevance_score": "7"
        }
    ],
    "sourceClass": "General News",
    "subjectCode": [
        {
            "parent": null,
            "relevance_score": "9",
            "description": "Politics and Government",
            "code": "IS/pol#9#50#99",
            "level": 0
        },
        {
            "parent": "IS/pol",
            "relevance_score": "9",
            "description": "Local Government",
            "code": "IS/pol.local#9#99#50",
            "level": 1
        },
        {
            "parent": null,
            "relevance_score": "6",
            "description": "Life and Society",
            "code": "IS/lifesoc#6#50#64",
            "level": 0
        },
        {
            "parent": "IS/lifesoc.socissue",
            "relevance_score": "6",
            "description": "Race",
            "code": "IS/lifesoc.race#6#64#50",
            "level": 2
        }
    ],
    "text": "Phillipsburg does not often hold its own version of national protests. It will\non Saturday with a march down Main Street against racism.\n\nLakeisha Alexander, a resident who is organizing the peaceful demonstration\ncalled Walk With Us, told [lehighvalleylive.com](http://lehighvalleylive.com)\nthat residents who experience bigotry want their voices heard, and that others\nneed to realize it happens in Warren County as well as major cities where\nprotests have been ongoing for a week or more.\n\n\"There's racism here. There's racism everywhere,\" Alexander said.\n\nWalk With Us is scheduled for noon Saturday, starting at Shappell Park, with a\nSunday rain date. At least 600 people have responded to the event's Facebook\npage.\n\nMayor Todd Tersigni confirmed he will attend the walk. Police Chief Robert\nStettner will also be there, along with officers both ensuring safety and\nparticipating in the demonstration.\n\n\"This is our time to listen. And that's what we're there to do,\" Stettner\nsaid.\n\nThis march, while inspired by other protests over the death of George Floyd in\nMinnesota as a police officer knelt on his neck, is not a demonstration\nagainst police but a show of strength against racism in general, Alexander\nsaid.\n\nShe and her family described ways they say bigotry appears in the community,\nboth overtly - like someone calling Alexander's son the N-word - and subtly,\nlike a lack of emphasis on Black History Month at school.\n\n\"It's not the police,\" Alexander said. \"It's the people.\"\n\nSteve Novak, NJ Advance Media,\n[snovak@lehighvalleylive.com](mailto:snovak@lehighvalleylive.com)",
    "industryCode": [
        {
            "parent": null,
            "relevance_score": "6",
            "description": "Government and Nonprofits",
            "code": "II/gov#6#50#63",
            "level": 0
        },
        {
            "parent": "II/gov",
            "relevance_score": "6",
            "description": "Government Services",
            "code": "II/gov.govserve#6#50#63",
            "level": 1
        },
        {
            "parent": "II/gov.pubsafe",
            "relevance_score": "6",
            "description": "Police Services",
            "code": "II/gov.police#6#63#50",
            "level": 3
        },
        {
            "parent": "II/gov.govserve",
            "relevance_score": "6",
            "description": "Public Safety Services",
            "code": "II/gov.pubsafe#6#50#63",
            "level": 2
        }
    ],
    "naviga_enrichment": {
        "org": [
            "NJ Advance Media"
        ],
        "location": [
            "Main Street",
            "Shappell Park",
            "Minnesota"
        ],
        "person": [
            "Lakeisha Alexander",
            "Todd Tersigni",
            "Robert Stettner",
            "George Floyd"
        ],
        "companies": [
            "NJ Advance Media"
        ]
    },
    "geoOrigin_code": "RU/us.pa.lehley",
    "language": "English",
    "filename": "202006050000ADVANCE_NEWS____398DB65B5F25C701AD86DAC0C703F3C.XML",
    "providerName": "Advance Publications, Inc.",
    "enriched_text": {
        "entities": [
            {
                "count": 6,
                "sentiment": {
                    "score": 0.311787,
                    "label": "positive"
                },
                "text": "Lakeisha Alexander",
                "relevance": 0.825888,
                "type": "Person"
            },
            {
                "count": 1,
                "sentiment": {
                    "score": -0.300673,
                    "label": "negative"
                },
                "text": "Phillipsburg",
                "relevance": 0.308,
                "type": "Location",
                "disambiguation": {
                    "subtype": [
                        "City"
                    ],
                    "name": "Phillipsburg, Kansas",
                    "dbpedia_resource": "http://dbpedia.org/resource/Phillipsburg,_Kansas"
                }
            },
            {
                "count": 2,
                "sentiment": {
                    "score": 0,
                    "label": "neutral"
                },
                "text": "Stettner",
                "relevance": 0.295509,
                "type": "Person"
            },
            {
                "count": 3,
                "sentiment": {
                    "score": -0.558117,
                    "label": "negative"
                },
                "text": "Minnesota",
                "relevance": 0.281223,
                "type": "Location",
                "disambiguation": {
                    "subtype": [
                        "StateOrCounty"
                    ]
                }
            },
            {
                "count": 1,
                "sentiment": {
                    "score": 0,
                    "label": "neutral"
                },
                "text": "Steve Novak",
                "relevance": 0.275323,
                "type": "Person",
                "disambiguation": {
                    "subtype": [
                        "Athlete",
                        "BasketballPlayer"
                    ],
                    "name": "Steve Novak",
                    "dbpedia_resource": "http://dbpedia.org/resource/Steve_Novak"
                }
            },
            {
                "count": 1,
                "sentiment": {
                    "score": -0.330108,
                    "label": "negative"
                },
                "text": "Facebook",
                "relevance": 0.258645,
                "type": "Company",
                "disambiguation": {
                    "subtype": [
                        "Website",
                        "VentureFundedCompany"
                    ],
                    "name": "Facebook",
                    "dbpedia_resource": "http://dbpedia.org/resource/Facebook"
                }
            },
            {
                "count": 1,
                "sentiment": {
                    "score": 0,
                    "label": "neutral"
                },
                "text": "George Floyd",
                "relevance": 0.256252,
                "type": "Person",
                "disambiguation": {
                    "subtype": [
                        "Athlete",
                        "FootballPlayer"
                    ],
                    "name": "George Floyd",
                    "dbpedia_resource": "http://dbpedia.org/resource/George_Floyd"
                }
            },
            {
                "count": 2,
                "sentiment": {
                    "score": 0,
                    "label": "neutral"
                },
                "text": "Todd Tersigni",
                "relevance": 0.247556,
                "type": "Person"
            },
            {
                "count": 1,
                "sentiment": {
                    "score": 0.377413,
                    "label": "positive"
                },
                "text": "Shappell Park",
                "relevance": 0.247397,
                "type": "Facility"
            },
            {
                "count": 1,
                "sentiment": {
                    "score": 0,
                    "label": "neutral"
                },
                "text": "Warren County",
                "relevance": 0.245274,
                "type": "Location",
                "disambiguation": {
                    "subtype": [
                        "StateOrCounty"
                    ]
                }
            },
            {
                "count": 1,
                "sentiment": {
                    "score": 0,
                    "label": "neutral"
                },
                "text": "NJ Advance Media",
                "relevance": 0.241572,
                "type": "Company"
            },
            {
                "count": 1,
                "sentiment": {
                    "score": -0.501591,
                    "label": "negative"
                },
                "text": "officer",
                "relevance": 0.205303,
                "type": "JobTitle"
            },
            {
                "count": 2,
                "sentiment": {
                    "score": 0,
                    "label": "neutral"
                },
                "text": "snovak@lehighvalleylive.com",
                "relevance": 0.205303,
                "type": "EmailAddress"
            }
        ],
        "semantic_roles": [
            {
                "subject": {
                    "text": "Phillipsburg"
                },
                "sentence": "Phillipsburg does not often hold its own version of national protests.",
                "object": {
                    "text": "not often hold its own version of national protests"
                },
                "action": {
                    "verb": {
                        "text": "do",
                        "tense": "present"
                    },
                    "text": "does",
                    "normalized": "do"
                }
            },
            {
                "subject": {
                    "text": "Phillipsburg"
                },
                "sentence": "Phillipsburg does not often hold its own version of national protests.",
                "object": {
                    "text": "its own version of national protests"
                },
                "action": {
                    "verb": {
                        "text": "hold",
                        "tense": "present",
                        "negated": true
                    },
                    "text": "hold",
                    "normalized": "hold"
                }
            },
            {
                "subject": {
                    "text": "a resident"
                },
                "sentence": " Lakeisha Alexander, a resident who is organizing the peaceful demonstration",
                "object": {
                    "text": "the peaceful demonstration"
                },
                "action": {
                    "verb": {
                        "text": "organize",
                        "tense": "present"
                    },
                    "text": "is organizing",
                    "normalized": "be organize"
                }
            },
            {
                "subject": {
                    "text": "Walk"
                },
                "sentence": " called Walk With Us, told [lehighvalleylive.com](http://lehighvalleylive.com)",
                "object": {
                    "text": "With Us"
                },
                "action": {
                    "verb": {
                        "text": "call",
                        "tense": "past"
                    },
                    "text": "called",
                    "normalized": "call"
                }
            },
            {
                "subject": {
                    "text": "residents"
                },
                "sentence": " that residents who experience bigotry want their voices heard, and that others",
                "object": {
                    "text": "bigotry"
                },
                "action": {
                    "verb": {
                        "text": "experience",
                        "tense": "present"
                    },
                    "text": "experience",
                    "normalized": "experience"
                }
            },
            {
                "subject": {
                    "text": "that residents who experience bigotry"
                },
                "sentence": " that residents who experience bigotry want their voices heard, and that others",
                "object": {
                    "text": "their voices heard"
                },
                "action": {
                    "verb": {
                        "text": "want",
                        "tense": "present"
                    },
                    "text": "want",
                    "normalized": "want"
                }
            },
            {
                "subject": {
                    "text": "it"
                },
                "sentence": " need to realize it happens in Warren County as well as major cities where",
                "action": {
                    "verb": {
                        "text": "happen",
                        "tense": "present"
                    },
                    "text": "happens",
                    "normalized": "happen"
                }
            },
            {
                "subject": {
                    "text": "protests"
                },
                "sentence": " protests have been ongoing for a week or more.",
                "object": {
                    "text": "been ongoing for a week or more"
                },
                "action": {
                    "verb": {
                        "text": "have",
                        "tense": "present"
                    },
                    "text": "have",
                    "normalized": "have"
                }
            },
            {
                "subject": {
                    "text": "protests"
                },
                "sentence": " protests have been ongoing for a week or more.",
                "object": {
                    "text": "ongoing"
                },
                "action": {
                    "verb": {
                        "text": "be",
                        "tense": "past"
                    },
                    "text": "have been",
                    "normalized": "have be"
                }
            },
            {
                "subject": {
                    "text": "racism"
                },
                "sentence": " \"There's racism here.",
                "action": {
                    "verb": {
                        "text": "has",
                        "tense": "present"
                    },
                    "text": "There",
                    "normalized": "There"
                }
            },
            {
                "subject": {
                    "text": "There"
                },
                "sentence": " There's racism everywhere,\" Alexander said.",
                "object": {
                    "text": "racism"
                },
                "action": {
                    "verb": {
                        "text": "has",
                        "tense": "present"
                    },
                    "text": "has",
                    "normalized": "has"
                }
            },
            {
                "subject": {
                    "text": "Alexander"
                },
                "sentence": " There's racism everywhere,\" Alexander said.",
                "object": {
                    "text": "There's racism everywhere"
                },
                "action": {
                    "verb": {
                        "text": "say",
                        "tense": "past"
                    },
                    "text": "said",
                    "normalized": "say"
                }
            },
            {
                "subject": {
                    "text": "Walk With Us"
                },
                "sentence": " Walk With Us is scheduled for noon Saturday, starting at Shappell Park, with a",
                "object": {
                    "text": "scheduled for noon"
                },
                "action": {
                    "verb": {
                        "text": "be",
                        "tense": "present"
                    },
                    "text": "is",
                    "normalized": "be"
                }
            },
            {
                "subject": {
                    "text": "Us"
                },
                "sentence": " Walk With Us is scheduled for noon Saturday, starting at Shappell Park, with a",
                "action": {
                    "verb": {
                        "text": "schedule",
                        "tense": "past"
                    },
                    "text": "is scheduled",
                    "normalized": "be schedule"
                }
            },
            {
                "subject": {
                    "text": "Mayor Todd Tersigni"
                },
                "sentence": " Mayor Todd Tersigni confirmed he will attend the walk.",
                "object": {
                    "text": "he will attend the walk"
                },
                "action": {
                    "verb": {
                        "text": "confirm",
                        "tense": "past"
                    },
                    "text": "confirmed",
                    "normalized": "confirm"
                }
            },
            {
                "subject": {
                    "text": "Stettner"
                },
                "sentence": " Stettner will also be there, along with officers both ensuring safety and",
                "action": {
                    "verb": {
                        "text": "be",
                        "tense": "future"
                    },
                    "text": "will also be",
                    "normalized": "will also be"
                }
            },
            {
                "subject": {
                    "text": "officers"
                },
                "sentence": " Stettner will also be there, along with officers both ensuring safety and",
                "object": {
                    "text": "safety"
                },
                "action": {
                    "verb": {
                        "text": "ensure",
                        "tense": "present"
                    },
                    "text": "ensuring",
                    "normalized": "ensure"
                }
            },
            {
                "subject": {
                    "text": "This"
                },
                "sentence": " \"This is our time to listen.",
                "object": {
                    "text": "our time"
                },
                "action": {
                    "verb": {
                        "text": "be",
                        "tense": "present"
                    },
                    "text": "is",
                    "normalized": "be"
                }
            },
            {
                "subject": {
                    "text": "that"
                },
                "sentence": " And that's what we're there to do,\" Stettner",
                "object": {
                    "text": "what we're there to do"
                },
                "action": {
                    "verb": {
                        "text": "has",
                        "tense": "present"
                    },
                    "text": "has",
                    "normalized": "has"
                }
            },
            {
                "subject": {
                    "text": "Minnesota as a police officer knelt on his neck,"
                },
                "sentence": " Minnesota as a police officer knelt on his neck, is not a demonstration",
                "object": {
                    "text": "not a demonstration"
                },
                "action": {
                    "verb": {
                        "text": "be",
                        "tense": "present"
                    },
                    "text": "is",
                    "normalized": "be"
                }
            },
            {
                "subject": {
                    "text": "She and her family"
                },
                "sentence": " She and her family described ways they say bigotry appears in the community,",
                "object": {
                    "text": "ways they say bigotry appears in the community,"
                },
                "action": {
                    "verb": {
                        "text": "describe",
                        "tense": "past"
                    },
                    "text": "described",
                    "normalized": "describe"
                }
            },
            {
                "subject": {
                    "text": "bigotry"
                },
                "sentence": " She and her family described ways they say bigotry appears in the community,",
                "action": {
                    "verb": {
                        "text": "appear",
                        "tense": "present"
                    },
                    "text": "appears",
                    "normalized": "appear"
                }
            },
            {
                "subject": {
                    "text": "It"
                },
                "sentence": " \"It's not the police,\" Alexander said.",
                "object": {
                    "text": "not the police"
                },
                "action": {
                    "verb": {
                        "text": "has",
                        "tense": "present"
                    },
                    "text": "has",
                    "normalized": "has"
                }
            },
            {
                "subject": {
                    "text": "Alexander"
                },
                "sentence": " \"It's not the police,\" Alexander said.",
                "object": {
                    "text": "It's not the police"
                },
                "action": {
                    "verb": {
                        "text": "say",
                        "tense": "past"
                    },
                    "text": "said",
                    "normalized": "say"
                }
            },
            {
                "subject": {
                    "text": "It"
                },
                "sentence": " \"It's the people.\"",
                "object": {
                    "text": "the people"
                },
                "action": {
                    "verb": {
                        "text": "has",
                        "tense": "present"
                    },
                    "text": "has",
                    "normalized": "has"
                }
            }
        ],
        "categories": [
            {
                "score": 0.99818,
                "label": "/society/racism"
            }
        ],
        "relations": [
            {
                "type": "affectedBy",
                "sentence": "Lakeisha Alexander, a resident who is organizing the peaceful demonstration called Walk With Us, told [lehighvalleylive.com](http://lehighvalleylive.com) that residents who experience bigotry want their voices heard, and that others need to realize it happens in Warren County as well as major cities where protests have been ongoing for a week or more.",
                "score": 0.659979,
                "arguments": [
                    {
                        "text": "lehighvalleylive.com",
                        "location": [
                            241,
                            261
                        ],
                        "entities": [
                            {
                                "type": "Web",
                                "text": "lehighvalleylive.com"
                            }
                        ]
                    },
                    {
                        "text": "told",
                        "location": [
                            235,
                            239
                        ],
                        "entities": [
                            {
                                "type": "EventCommunication",
                                "text": "told"
                            }
                        ]
                    }
                ]
            },
            {
                "type": "employedBy",
                "sentence": "This march, while inspired by other protests over the death of George Floyd in Minnesota as a police officer knelt on his neck, is not a demonstration against police but a show of strength against racism in general, Alexander said.",
                "score": 0.887842,
                "arguments": [
                    {
                        "text": "officer",
                        "location": [
                            1091,
                            1098
                        ],
                        "entities": [
                            {
                                "type": "Person",
                                "text": "George Floyd"
                            }
                        ]
                    },
                    {
                        "text": "police",
                        "location": [
                            1084,
                            1090
                        ],
                        "entities": [
                            {
                                "type": "Organization",
                                "text": "police",
                                "disambiguation": {
                                    "subtype": [
                                        "Government"
                                    ]
                                }
                            }
                        ]
                    }
                ]
            },
            {
                "type": "agentOf",
                "sentence": "This march, while inspired by other protests over the death of George Floyd in Minnesota as a police officer knelt on his neck, is not a demonstration against police but a show of strength against racism in general, Alexander said.",
                "score": 0.993149,
                "arguments": [
                    {
                        "text": "Alexander",
                        "location": [
                            1206,
                            1215
                        ],
                        "entities": [
                            {
                                "type": "Person",
                                "text": "Alexander"
                            }
                        ]
                    },
                    {
                        "text": "said",
                        "location": [
                            1216,
                            1220
                        ],
                        "entities": [
                            {
                                "type": "EventCommunication",
                                "text": "described"
                            }
                        ]
                    }
                ]
            },
            {
                "type": "agentOf",
                "sentence": "\"It's not the police,\" Alexander said.",
                "score": 0.998315,
                "arguments": [
                    {
                        "text": "Alexander",
                        "location": [
                            1459,
                            1468
                        ],
                        "entities": [
                            {
                                "type": "Person",
                                "text": "Alexander"
                            }
                        ]
                    },
                    {
                        "text": "said",
                        "location": [
                            1469,
                            1473
                        ],
                        "entities": [
                            {
                                "type": "EventCommunication",
                                "text": "described"
                            }
                        ]
                    }
                ]
            },
            {
                "type": "relative",
                "sentence": "She and her family described ways they say bigotry appears in the community, both overtly - like someone calling Alexander's son the N-word - and subtly, like a lack of emphasis on Black History Month at school.",
                "score": 0.358779,
                "arguments": [
                    {
                        "text": "her",
                        "location": [
                            1231,
                            1234
                        ],
                        "entities": [
                            {
                                "type": "Person",
                                "text": "her"
                            }
                        ]
                    },
                    {
                        "text": "family",
                        "location": [
                            1235,
                            1241
                        ],
                        "entities": [
                            {
                                "type": "Person",
                                "text": "family"
                            }
                        ]
                    }
                ]
            },
            {
                "type": "agentOf",
                "sentence": "She and her family described ways they say bigotry appears in the community, both overtly - like someone calling Alexander's son the N-word - and subtly, like a lack of emphasis on Black History Month at school.",
                "score": 0.98476,
                "arguments": [
                    {
                        "text": "family",
                        "location": [
                            1235,
                            1241
                        ],
                        "entities": [
                            {
                                "type": "Person",
                                "text": "family"
                            }
                        ]
                    },
                    {
                        "text": "described",
                        "location": [
                            1242,
                            1251
                        ],
                        "entities": [
                            {
                                "type": "EventCommunication",
                                "text": "described"
                            }
                        ]
                    }
                ]
            },
            {
                "type": "agentOf",
                "sentence": "She and her family described ways they say bigotry appears in the community, both overtly - like someone calling Alexander's son the N-word - and subtly, like a lack of emphasis on Black History Month at school.",
                "score": 0.979148,
                "arguments": [
                    {
                        "text": "they",
                        "location": [
                            1257,
                            1261
                        ],
                        "entities": [
                            {
                                "type": "Person",
                                "text": "family"
                            }
                        ]
                    },
                    {
                        "text": "say",
                        "location": [
                            1262,
                            1265
                        ],
                        "entities": [
                            {
                                "type": "EventCommunication",
                                "text": "say"
                            }
                        ]
                    }
                ]
            },
            {
                "type": "agentOf",
                "sentence": "She and her family described ways they say bigotry appears in the community, both overtly - like someone calling Alexander's son the N-word - and subtly, like a lack of emphasis on Black History Month at school.",
                "score": 0.985093,
                "arguments": [
                    {
                        "text": "someone",
                        "location": [
                            1320,
                            1327
                        ],
                        "entities": [
                            {
                                "type": "Person",
                                "text": "someone"
                            }
                        ]
                    },
                    {
                        "text": "calling",
                        "location": [
                            1328,
                            1335
                        ],
                        "entities": [
                            {
                                "type": "EventCommunication",
                                "text": "calling"
                            }
                        ]
                    }
                ]
            },
            {
                "type": "affectedBy",
                "sentence": "She and her family described ways they say bigotry appears in the community, both overtly - like someone calling Alexander's son the N-word - and subtly, like a lack of emphasis on Black History Month at school.",
                "score": 0.564696,
                "arguments": [
                    {
                        "text": "Alexander",
                        "location": [
                            1336,
                            1345
                        ],
                        "entities": [
                            {
                                "type": "Person",
                                "text": "Alexander"
                            }
                        ]
                    },
                    {
                        "text": "calling",
                        "location": [
                            1328,
                            1335
                        ],
                        "entities": [
                            {
                                "type": "EventCommunication",
                                "text": "calling"
                            }
                        ]
                    }
                ]
            },
            {
                "type": "parentOf",
                "sentence": "She and her family described ways they say bigotry appears in the community, both overtly - like someone calling Alexander's son the N-word - and subtly, like a lack of emphasis on Black History Month at school.",
                "score": 0.55544,
                "arguments": [
                    {
                        "text": "Alexander",
                        "location": [
                            1336,
                            1345
                        ],
                        "entities": [
                            {
                                "type": "Person",
                                "text": "Alexander"
                            }
                        ]
                    },
                    {
                        "text": "son",
                        "location": [
                            1348,
                            1351
                        ],
                        "entities": [
                            {
                                "type": "Person",
                                "text": "George Floyd"
                            }
                        ]
                    }
                ]
            },
            {
                "type": "partOf",
                "sentence": "She and her family described ways they say bigotry appears in the community, both overtly - like someone calling Alexander's son the N-word - and subtly, like a lack of emphasis on Black History Month at school.",
                "score": 0.5731,
                "arguments": [
                    {
                        "text": "Black History Month",
                        "location": [
                            1404,
                            1423
                        ],
                        "entities": [
                            {
                                "type": "Organization",
                                "text": "Black History Month",
                                "disambiguation": {
                                    "subtype": [
                                        "Commercial"
                                    ]
                                }
                            }
                        ]
                    },
                    {
                        "text": "school",
                        "location": [
                            1427,
                            1433
                        ],
                        "entities": [
                            {
                                "type": "Organization",
                                "text": "school",
                                "disambiguation": {
                                    "subtype": [
                                        "Educational"
                                    ]
                                }
                            }
                        ]
                    }
                ]
            },
            {
                "type": "locatedAt",
                "sentence": "Lakeisha Alexander, a resident who is organizing the peaceful demonstration called Walk With Us, told [lehighvalleylive.com](http://lehighvalleylive.com) that residents who experience bigotry want their voices heard, and that others need to realize it happens in Warren County as well as major cities where protests have been ongoing for a week or more.",
                "score": 0.778051,
                "arguments": [
                    {
                        "text": "Warren County",
                        "location": [
                            401,
                            414
                        ],
                        "entities": [
                            {
                                "type": "GeopoliticalEntity",
                                "text": "Warren County"
                            }
                        ]
                    },
                    {
                        "text": "cities",
                        "location": [
                            432,
                            438
                        ],
                        "entities": [
                            {
                                "type": "GeopoliticalEntity",
                                "text": "cities"
                            }
                        ]
                    }
                ]
            },
            {
                "type": "locatedAt",
                "sentence": "Lakeisha Alexander, a resident who is organizing the peaceful demonstration called Walk With Us, told [lehighvalleylive.com](http://lehighvalleylive.com) that residents who experience bigotry want their voices heard, and that others need to realize it happens in Warren County as well as major cities where protests have been ongoing for a week or more.",
                "score": 0.219142,
                "arguments": [
                    {
                        "text": "protests",
                        "location": [
                            445,
                            453
                        ],
                        "entities": [
                            {
                                "type": "EventDemonstration",
                                "text": "protests"
                            }
                        ]
                    },
                    {
                        "text": "cities",
                        "location": [
                            432,
                            438
                        ],
                        "entities": [
                            {
                                "type": "GeopoliticalEntity",
                                "text": "cities"
                            }
                        ]
                    }
                ]
            },
            {
                "type": "agentOf",
                "sentence": "There's racism everywhere,\" Alexander said.",
                "score": 0.998225,
                "arguments": [
                    {
                        "text": "Alexander",
                        "location": [
                            543,
                            552
                        ],
                        "entities": [
                            {
                                "type": "Person",
                                "text": "Alexander"
                            }
                        ]
                    },
                    {
                        "text": "said",
                        "location": [
                            553,
                            557
                        ],
                        "entities": [
                            {
                                "type": "EventCommunication",
                                "text": "told"
                            }
                        ]
                    }
                ]
            },
            {
                "type": "timeOf",
                "sentence": "Walk With Us is scheduled for noon Saturday, starting at Shappell Park, with a Sunday rain date.",
                "score": 0.713069,
                "arguments": [
                    {
                        "text": "noon Saturday",
                        "location": [
                            590,
                            603
                        ],
                        "entities": [
                            {
                                "type": "Time",
                                "text": "noon Saturday"
                            }
                        ]
                    },
                    {
                        "text": "Walk With Us",
                        "location": [
                            560,
                            572
                        ],
                        "entities": [
                            {
                                "type": "TitleWork",
                                "text": "Walk With Us"
                            }
                        ]
                    }
                ]
            },
            {
                "type": "agentOf",
                "sentence": "Mayor Todd Tersigni confirmed he will attend the walk.",
                "score": 0.995074,
                "arguments": [
                    {
                        "text": "Todd Tersigni",
                        "location": [
                            729,
                            742
                        ],
                        "entities": [
                            {
                                "type": "Person",
                                "text": "Todd Tersigni"
                            }
                        ]
                    },
                    {
                        "text": "confirmed",
                        "location": [
                            743,
                            752
                        ],
                        "entities": [
                            {
                                "type": "EventCommunication",
                                "text": "confirmed"
                            }
                        ]
                    }
                ]
            },
            {
                "type": "affectedBy",
                "sentence": "Mayor Todd Tersigni confirmed he will attend the walk.",
                "score": 0.477261,
                "arguments": [
                    {
                        "text": "he",
                        "location": [
                            753,
                            755
                        ],
                        "entities": [
                            {
                                "type": "Person",
                                "text": "Todd Tersigni"
                            }
                        ]
                    },
                    {
                        "text": "confirmed",
                        "location": [
                            743,
                            752
                        ],
                        "entities": [
                            {
                                "type": "EventCommunication",
                                "text": "confirmed"
                            }
                        ]
                    }
                ]
            },
            {
                "type": "partOfMany",
                "sentence": "And that's what we're there to do,\" Stettner said.",
                "score": 0.796783,
                "arguments": [
                    {
                        "text": "Stettner",
                        "location": [
                            974,
                            982
                        ],
                        "entities": [
                            {
                                "type": "Person",
                                "text": "Robert\nStettner"
                            }
                        ]
                    },
                    {
                        "text": "we",
                        "location": [
                            954,
                            956
                        ],
                        "entities": [
                            {
                                "type": "Person",
                                "text": "we"
                            }
                        ]
                    }
                ]
            },
            {
                "type": "agentOf",
                "sentence": "And that's what we're there to do,\" Stettner said.",
                "score": 0.994786,
                "arguments": [
                    {
                        "text": "Stettner",
                        "location": [
                            974,
                            982
                        ],
                        "entities": [
                            {
                                "type": "Person",
                                "text": "Robert\nStettner"
                            }
                        ]
                    },
                    {
                        "text": "said",
                        "location": [
                            983,
                            987
                        ],
                        "entities": [
                            {
                                "type": "EventCommunication",
                                "text": "described"
                            }
                        ]
                    }
                ]
            }
        ],
        "keywords": [
            {
                "text": "Mayor Todd Tersigni",
                "relevance": 0.764797,
                "count": 1
            },
            {
                "text": "police officer",
                "relevance": 0.731995,
                "count": 1
            },
            {
                "text": "Lakeisha Alexander",
                "relevance": 0.636508,
                "count": 1
            },
            {
                "text": "noon Saturday",
                "relevance": 0.602022,
                "count": 1
            },
            {
                "text": "lack of emphasis",
                "relevance": 0.601384,
                "count": 1
            },
            {
                "text": "own version of national protests",
                "relevance": 0.597589,
                "count": 1
            },
            {
                "text": "Steve Novak",
                "relevance": 0.57853,
                "count": 1
            },
            {
                "text": "Black History Month",
                "relevance": 0.578051,
                "count": 1
            },
            {
                "text": "Warren County",
                "relevance": 0.567393,
                "count": 1
            },
            {
                "text": "Main Street",
                "relevance": 0.558269,
                "count": 1
            },
            {
                "text": "Minnesota",
                "relevance": 0.555654,
                "count": 1
            },
            {
                "text": "major cities",
                "relevance": 0.545991,
                "count": 1
            },
            {
                "text": "peaceful demonstration",
                "relevance": 0.543395,
                "count": 1
            },
            {
                "text": "show of strength",
                "relevance": 0.543159,
                "count": 1
            },
            {
                "text": "Sunday rain date",
                "relevance": 0.534991,
                "count": 1
            },
            {
                "text": "Phillipsburg",
                "relevance": 0.533239,
                "count": 1
            },
            {
                "text": "march",
                "relevance": 0.531797,
                "count": 2
            },
            {
                "text": "resident",
                "relevance": 0.530611,
                "count": 1
            },
            {
                "text": "family",
                "relevance": 0.528513,
                "count": 1
            },
            {
                "text": "police",
                "relevance": 0.524823,
                "count": 2
            },
            {
                "text": "people",
                "relevance": 0.519846,
                "count": 2
            },
            {
                "text": "bigotry",
                "relevance": 0.517416,
                "count": 2
            },
            {
                "text": "residents",
                "relevance": 0.51532,
                "count": 1
            },
            {
                "text": "Alexander",
                "relevance": 0.515287,
                "count": 3
            },
            {
                "text": "officers",
                "relevance": 0.514855,
                "count": 1
            },
            {
                "text": "racism",
                "relevance": 0.514043,
                "count": 4
            },
            {
                "text": "others",
                "relevance": 0.513428,
                "count": 1
            },
            {
                "text": "ways",
                "relevance": 0.512274,
                "count": 1
            },
            {
                "text": "protests",
                "relevance": 0.512223,
                "count": 2
            },
            {
                "text": "voices",
                "relevance": 0.509422,
                "count": 1
            },
            {
                "text": "event",
                "relevance": 0.507531,
                "count": 1
            },
            {
                "text": "week",
                "relevance": 0.507531,
                "count": 1
            },
            {
                "text": "NJ Advance Media",
                "relevance": 0.507241,
                "count": 1
            },
            {
                "text": "neck",
                "relevance": 0.506423,
                "count": 1
            },
            {
                "text": "community",
                "relevance": 0.505869,
                "count": 1
            },
            {
                "text": "school",
                "relevance": 0.505869,
                "count": 1
            },
            {
                "text": "safety",
                "relevance": 0.505869,
                "count": 1
            },
            {
                "text": "death of George Floyd",
                "relevance": 0.505494,
                "count": 1
            },
            {
                "text": "demonstration",
                "relevance": 0.502934,
                "count": 2
            },
            {
                "text": "Walk",
                "relevance": 0.502069,
                "count": 2
            },
            {
                "text": "Alexander's son",
                "relevance": 0.499984,
                "count": 1
            },
            {
                "text": "Shappell Park",
                "relevance": 0.488463,
                "count": 1
            },
            {
                "text": "N-word",
                "relevance": 0.488463,
                "count": 1
            },
            {
                "text": "Saturday",
                "relevance": 0.48716,
                "count": 1
            },
            {
                "text": "Stettner",
                "relevance": 0.457387,
                "count": 1
            },
            {
                "text": "time",
                "relevance": 0.453334,
                "count": 1
            },
            {
                "text": "mailto",
                "relevance": 0.448393,
                "count": 1
            }
        ]
    },
    "freqeuncy": "M-F",
    "extracted_metadata": {
        "sha1": "64a4a6efc13f202bd0878d61c1610fd1a07a0bee",
        "filename": "202006050000ADVANCE_NEWS____398DB65B5F25C701AD86DAC0C703F3C.json",
        "file_type": "json"
    },
    "companyRecord": "|||NJ Advance Media LLC|extractor|DUNS:078383409;NECOID:529869652;ACORN:2655353283|MENTION||||XXXX|REFERENCE",
    "publicationTime": "2020-06-05T00:00:00-04:00",
    "title": "Mayor, police to join residents' walk against racism",
    "html": "<p>Phillipsburg does not often hold its own version of national protests. It will on Saturday with a march down <location>Main Street</location> against racism.</p>\n<p><person>Lakeisha Alexander</person>, a resident who is organizing the peaceful demonstration called Walk With Us, told <a href=\"http://lehighvalleylive.com\">lehighvalleylive.com</a> that residents who experience bigotry want their voices heard, and that others need to realize it happens in Warren County as well as major cities where protests have been ongoing for a week or more.</p>\n\n<p>\"There's racism here. There's racism everywhere,\" Alexander said.</p>\n\n<p>Walk With Us is scheduled for noon Saturday, starting at <location>Shappell Park</location>, with a Sunday rain date. At least 600 people have responded to the event's Facebook page.</p>\n\n<p>Mayor <person>Todd Tersigni</person> confirmed he will attend the walk. Police Chief <person>Robert Stettner</person> will also be there, along with officers both ensuring safety and participating in the demonstration.</p>\n\n<p>\"This is our time to listen. And that's what we're there to do,\" Stettner said.</p>\n\n<p>This march, while inspired by other protests over the death of <person>George Floyd</person> in <location idsrc=\"xmltag.org\" value=\"LS/us.mn\">Minnesota</location> as a police officer knelt on his neck, is not a demonstration against police but a show of strength against racism in general, Alexander said.</p>\n\n<p>She and her family described ways they say bigotry appears in the community, both overtly - like someone calling Alexander's son the N-word - and subtly, like a lack of emphasis on Black History Month at school.</p>\n\n<p>\"It's not the police,\" Alexander said. \"It's the people.\"</p>\n\n<p>Steve Novak, <org idsrc=\"xmltag.org\" value=\"ACORN:2655353283\">NJ Advance Media</org>, <a href=\"mailto:snovak@lehighvalleylive.com\">snovak@lehighvalleylive.com</a></p>",
    "geoFocus": [
        [
            "GS/us.pa",
            "Pennsylvania"
        ]
    ]
}