{
    "id": "0871f806-c979-4766-bc37-9e56d4549b54",
    "result_metadata": {
        "score": 1
    },
    "copyright": "\u00a9 \u00a9 1998-2020 WNCT, Nexstar Broadcasting, Inc. All rights reserved.",
    "geoOrigin": "Greenville, North Carolina",
    "sourceType": "Broadcast Transcript",
    "source": "CBS - 9 WNCT (Greenville, NC)",
    "corpus_document_id": "28386171476195672782",
    "description": "WASHINGTON- In a video that has spread on social media, protesters can be seen handing over an apparent agitator to police during protests in Washington D.C. over the weekend. *Atlantic Beach Fire Dept. reports more than 20 water rescues; no drownings this season. *Republicans, Democrats disagree on how to address police reforms.",
    "serviceName": "Newspapers",
    "locationCode": [
        {
            "parent": "LR/am",
            "relevance_score": "9",
            "description": "North America",
            "code": "LB/nam#9#49#90",
            "level": 1
        },
        {
            "parent": "LB/nam",
            "relevance_score": "9",
            "description": "United States",
            "code": "LC/us#9#50#90",
            "level": 2
        },
        {
            "parent": null,
            "relevance_score": "9",
            "description": "Americas",
            "code": "LR/am#9#49#90",
            "level": 0
        },
        {
            "code": "LR/nam#9#49#90",
            "description": "",
            "relevance_score": "9"
        }
    ],
    "sourceClass": "General News",
    "subjectCode": [
        {
            "parent": null,
            "relevance_score": "6",
            "description": "Life and Society",
            "code": "IS/lifesoc#6#50#66",
            "level": 0
        },
        {
            "parent": "IS/lifesoc",
            "relevance_score": "6",
            "description": "Social Movements",
            "code": "IS/lifesoc.socmove#6#66#50",
            "level": 1
        },
        {
            "parent": null,
            "relevance_score": "6",
            "description": "Politics and Government",
            "code": "IS/pol#6#50#66",
            "level": 0
        },
        {
            "parent": "IS/pol",
            "relevance_score": "6",
            "description": "Social and Political Protest",
            "code": "IS/pol.protest#6#66#50",
            "level": 1
        }
    ],
    "text": "WASHINGTON (WFLA) - In a video that has spread on social media, protesters can\nbe seen handing over an apparent agitator to police during protests in\nWashington D.C. over the weekend.\n\nProtesters took to the streets of the nation's capital this past weekend to\ndemonstrate their frustration with police brutality and social justice\nfollowing George Floyd's death.\n\nA collection of demonstrators can be seen on video approaching a man who\nappeared to be destroying the sidewalk. They grabbed him and struggled with\nhim as they carried him over to police custody.\n\nLATEST STORIES:\n\n* Feel Good Friday: June 5\n\n* Atlantic Beach Fire Dept. reports more than 20 water rescues; no drownings this season\n\n* Man arrested on drug, firearm charges after domestic assault report in Greenville\n\n* Croatan High School hosts drive-in graduation ceremony\n\n* Republicans, Democrats disagree on how to address police reforms",
    "industryCode": [
        {
            "parent": null,
            "relevance_score": "9",
            "description": "Government and Nonprofits",
            "code": "II/gov#9#50#90",
            "level": 0
        },
        {
            "parent": "II/gov",
            "relevance_score": "9",
            "description": "Government Services",
            "code": "II/gov.govserve#9#50#90",
            "level": 1
        },
        {
            "parent": "II/gov.pubsafe",
            "relevance_score": "9",
            "description": "Police Services",
            "code": "II/gov.police#9#90#50",
            "level": 3
        },
        {
            "parent": "II/gov.govserve",
            "relevance_score": "9",
            "description": "Public Safety Services",
            "code": "II/gov.pubsafe#9#50#90",
            "level": 2
        }
    ],
    "naviga_enrichment": {
        "org": [
            "Atlantic Beach Fire Dept",
            "Croatan High School",
            "Republicans",
            "Democrats"
        ],
        "location": [
            "WASHINGTON",
            "Washington D.C."
        ],
        "person": [
            "George Floyd's"
        ],
        "companies": [
            "Democrats",
            "Republicans",
            "Atlantic Beach Fire Dept",
            "Croatan High School"
        ]
    },
    "geoOrigin_code": "RU/us.nc.grelle",
    "language": "English",
    "filename": "202006010000NEWSBANKNEWSPPRS486D3C2CB46BF7050C33C03D0065D56.XML",
    "providerName": "NewsBank",
    "enriched_text": {
        "entities": [
            {
                "count": 1,
                "sentiment": {
                    "score": 0,
                    "label": "neutral"
                },
                "text": "Croatan High School",
                "relevance": 0.778926,
                "type": "Organization",
                "disambiguation": {
                    "subtype": [
                        "Location",
                        "School"
                    ],
                    "name": "Croatan High School",
                    "dbpedia_resource": "http://dbpedia.org/resource/Croatan_High_School"
                }
            },
            {
                "count": 1,
                "sentiment": {
                    "score": 0,
                    "label": "neutral"
                },
                "text": "Atlantic Beach Fire Dept.",
                "relevance": 0.70258,
                "type": "Organization"
            },
            {
                "count": 1,
                "sentiment": {
                    "score": 0,
                    "label": "neutral"
                },
                "text": "George Floyd",
                "relevance": 0.702451,
                "type": "Person",
                "disambiguation": {
                    "subtype": [
                        "Athlete",
                        "FootballPlayer"
                    ],
                    "name": "George Floyd",
                    "dbpedia_resource": "http://dbpedia.org/resource/George_Floyd"
                }
            },
            {
                "count": 1,
                "sentiment": {
                    "score": 0,
                    "label": "neutral"
                },
                "text": "WASHINGTON",
                "relevance": 0.659092,
                "type": "Location",
                "disambiguation": {
                    "subtype": [
                        "StateOrCounty"
                    ]
                }
            },
            {
                "count": 1,
                "sentiment": {
                    "score": 0,
                    "label": "neutral"
                },
                "text": "Washington",
                "relevance": 0.64546,
                "type": "Location",
                "disambiguation": {
                    "subtype": [
                        "AdministrativeDivision",
                        "GovernmentalJurisdiction",
                        "MilitaryPost",
                        "PlaceWithNeighborhoods",
                        "USCounty",
                        "City"
                    ],
                    "name": "Washington, D.C.",
                    "dbpedia_resource": "http://dbpedia.org/resource/Washington,_D.C."
                }
            },
            {
                "count": 1,
                "sentiment": {
                    "score": -0.725044,
                    "label": "negative"
                },
                "text": "assault",
                "relevance": 0.591021,
                "type": "Crime"
            },
            {
                "count": 1,
                "sentiment": {
                    "score": 0,
                    "label": "neutral"
                },
                "text": "WFLA",
                "relevance": 0.583242,
                "type": "Organization",
                "disambiguation": {
                    "subtype": [
                        "Broadcast",
                        "RadioStation"
                    ],
                    "name": "WFLA (AM)",
                    "dbpedia_resource": "http://dbpedia.org/resource/WFLA_(AM)"
                }
            },
            {
                "count": 1,
                "sentiment": {
                    "score": -0.725044,
                    "label": "negative"
                },
                "text": "Greenville",
                "relevance": 0.578435,
                "type": "Location",
                "disambiguation": {
                    "subtype": [
                        "City"
                    ],
                    "name": "Greenville, Liberia",
                    "dbpedia_resource": "http://dbpedia.org/resource/Greenville,_Liberia"
                }
            }
        ],
        "semantic_roles": [
            {
                "subject": {
                    "text": "a video"
                },
                "sentence": "WASHINGTON (WFLA) - In a video that has spread on social media, protesters can",
                "action": {
                    "verb": {
                        "text": "spread",
                        "tense": "past"
                    },
                    "text": "has spread",
                    "normalized": "have spread"
                }
            },
            {
                "subject": {
                    "text": "over an apparent agitator"
                },
                "sentence": " be seen handing over an apparent agitator to police during protests in",
                "object": {
                    "text": "to police"
                },
                "action": {
                    "verb": {
                        "text": "hand",
                        "tense": "present"
                    },
                    "text": "be seen handing",
                    "normalized": "be see hand"
                }
            },
            {
                "subject": {
                    "text": "an apparent agitator"
                },
                "sentence": " be seen handing over an apparent agitator to police during protests in",
                "action": {
                    "verb": {
                        "text": "police",
                        "tense": "future"
                    },
                    "text": "to police",
                    "normalized": "to police"
                }
            },
            {
                "subject": {
                    "text": "Protesters"
                },
                "sentence": " Protesters took to the streets of the nation's capital this past weekend to",
                "object": {
                    "text": "to the streets of the nation's capital"
                },
                "action": {
                    "verb": {
                        "text": "take",
                        "tense": "past"
                    },
                    "text": "took",
                    "normalized": "take"
                }
            },
            {
                "subject": {
                    "text": "video"
                },
                "sentence": " A collection of demonstrators can be seen on video approaching a man who",
                "object": {
                    "text": "a man who"
                },
                "action": {
                    "verb": {
                        "text": "approach",
                        "tense": "future"
                    },
                    "text": "approaching",
                    "normalized": "approach"
                }
            },
            {
                "subject": {
                    "text": "They"
                },
                "sentence": " They grabbed him and struggled with",
                "object": {
                    "text": "him"
                },
                "action": {
                    "verb": {
                        "text": "grab",
                        "tense": "past"
                    },
                    "text": "grabbed",
                    "normalized": "grab"
                }
            },
            {
                "subject": {
                    "text": "they"
                },
                "sentence": " him as they carried him over to police custody.",
                "object": {
                    "text": "him"
                },
                "action": {
                    "verb": {
                        "text": "carry",
                        "tense": "past"
                    },
                    "text": "carried",
                    "normalized": "carry"
                }
            },
            {
                "subject": {
                    "text": "they"
                },
                "sentence": " him as they carried him over to police custody.",
                "object": {
                    "text": "custody"
                },
                "action": {
                    "verb": {
                        "text": "police",
                        "tense": "future"
                    },
                    "text": "to police",
                    "normalized": "to police"
                }
            },
            {
                "subject": {
                    "text": "Atlantic Beach Fire Dept."
                },
                "sentence": " * Atlantic Beach Fire Dept. reports more than 20 water rescues; no drownings this season",
                "object": {
                    "text": "more than 20 water rescues"
                },
                "action": {
                    "verb": {
                        "text": "report",
                        "tense": "present"
                    },
                    "text": "reports",
                    "normalized": "report"
                }
            },
            {
                "subject": {
                    "text": "Man"
                },
                "sentence": " * Man arrested on drug, firearm charges after domestic assault report in Greenville",
                "object": {
                    "text": "on drug"
                },
                "action": {
                    "verb": {
                        "text": "arrest",
                        "tense": "past"
                    },
                    "text": "arrested",
                    "normalized": "arrest"
                }
            },
            {
                "subject": {
                    "text": "Croatan High School hosts"
                },
                "sentence": " * Croatan High School hosts drive-in graduation ceremony",
                "object": {
                    "text": "graduation ceremony"
                },
                "action": {
                    "verb": {
                        "text": "drive-in",
                        "tense": "present"
                    },
                    "text": "drive-in",
                    "normalized": "drive-in"
                }
            }
        ],
        "categories": [
            {
                "score": 0.944753,
                "label": "/law, govt and politics"
            },
            {
                "score": 0.941704,
                "label": "/society/unrest and war"
            },
            {
                "score": 0.818977,
                "label": "/society/crime/personal offense/assault"
            }
        ],
        "relations": [
            {
                "type": "locatedAt",
                "sentence": "WASHINGTON (WFLA) - In a video that has spread on social media, protesters can be seen handing over an apparent agitator to police during protests in Washington D.C. over the weekend.",
                "score": 0.702454,
                "arguments": [
                    {
                        "text": "protests",
                        "location": [
                            138,
                            146
                        ],
                        "entities": [
                            {
                                "type": "EventDemonstration",
                                "text": "protests"
                            }
                        ]
                    },
                    {
                        "text": "Washington D.C.",
                        "location": [
                            150,
                            165
                        ],
                        "entities": [
                            {
                                "type": "GeopoliticalEntity",
                                "text": "Washington D.C."
                            }
                        ]
                    }
                ]
            },
            {
                "type": "affectedBy",
                "sentence": "* Man arrested on drug, firearm charges after domestic assault report in Greenville",
                "score": 0.961864,
                "arguments": [
                    {
                        "text": "Man",
                        "location": [
                            700,
                            703
                        ],
                        "entities": [
                            {
                                "type": "Person",
                                "text": "Man"
                            }
                        ]
                    },
                    {
                        "text": "arrested",
                        "location": [
                            704,
                            712
                        ],
                        "entities": [
                            {
                                "type": "EventCustody",
                                "text": "arrested"
                            }
                        ]
                    }
                ]
            },
            {
                "type": "agentOf",
                "sentence": "* Man arrested on drug, firearm charges after domestic assault report in Greenville",
                "score": 0.724752,
                "arguments": [
                    {
                        "text": "Man",
                        "location": [
                            700,
                            703
                        ],
                        "entities": [
                            {
                                "type": "Person",
                                "text": "Man"
                            }
                        ]
                    },
                    {
                        "text": "assault",
                        "location": [
                            753,
                            760
                        ],
                        "entities": [
                            {
                                "type": "Crime",
                                "text": "assault"
                            }
                        ]
                    }
                ]
            },
            {
                "type": "locatedAt",
                "sentence": "* Man arrested on drug, firearm charges after domestic assault report in Greenville",
                "score": 0.533004,
                "arguments": [
                    {
                        "text": "assault",
                        "location": [
                            753,
                            760
                        ],
                        "entities": [
                            {
                                "type": "Crime",
                                "text": "assault"
                            }
                        ]
                    },
                    {
                        "text": "Greenville",
                        "location": [
                            771,
                            781
                        ],
                        "entities": [
                            {
                                "type": "GeopoliticalEntity",
                                "text": "Greenville"
                            }
                        ]
                    }
                ]
            },
            {
                "type": "timeOf",
                "sentence": "WASHINGTON (WFLA) - In a video that has spread on social media, protesters can be seen handing over an apparent agitator to police during protests in Washington D.C. over the weekend.",
                "score": 0.611988,
                "arguments": [
                    {
                        "text": "weekend",
                        "location": [
                            175,
                            182
                        ],
                        "entities": [
                            {
                                "type": "Date",
                                "text": "weekend"
                            }
                        ]
                    },
                    {
                        "text": "protests",
                        "location": [
                            138,
                            146
                        ],
                        "entities": [
                            {
                                "type": "EventDemonstration",
                                "text": "protests"
                            }
                        ]
                    }
                ]
            },
            {
                "type": "locatedAt",
                "sentence": "Protesters took to the streets of the nation's capital this past weekend to demonstrate their frustration with police brutality and social justice following George Floyd's death.",
                "score": 0.569415,
                "arguments": [
                    {
                        "text": "Protesters",
                        "location": [
                            185,
                            195
                        ],
                        "entities": [
                            {
                                "type": "Person",
                                "text": "protesters"
                            }
                        ]
                    },
                    {
                        "text": "streets",
                        "location": [
                            208,
                            215
                        ],
                        "entities": [
                            {
                                "type": "Facility",
                                "text": "streets"
                            }
                        ]
                    }
                ]
            },
            {
                "type": "locatedAt",
                "sentence": "Protesters took to the streets of the nation's capital this past weekend to demonstrate their frustration with police brutality and social justice following George Floyd's death.",
                "score": 0.850397,
                "arguments": [
                    {
                        "text": "streets",
                        "location": [
                            208,
                            215
                        ],
                        "entities": [
                            {
                                "type": "Facility",
                                "text": "streets"
                            }
                        ]
                    },
                    {
                        "text": "capital",
                        "location": [
                            232,
                            239
                        ],
                        "entities": [
                            {
                                "type": "GeopoliticalEntity",
                                "text": "Washington D.C."
                            }
                        ]
                    }
                ]
            },
            {
                "type": "capitalOf",
                "sentence": "Protesters took to the streets of the nation's capital this past weekend to demonstrate their frustration with police brutality and social justice following George Floyd's death.",
                "score": 0.656588,
                "arguments": [
                    {
                        "text": "capital",
                        "location": [
                            232,
                            239
                        ],
                        "entities": [
                            {
                                "type": "GeopoliticalEntity",
                                "text": "Washington D.C."
                            }
                        ]
                    },
                    {
                        "text": "nation",
                        "location": [
                            223,
                            229
                        ],
                        "entities": [
                            {
                                "type": "GeopoliticalEntity",
                                "text": "nation",
                                "disambiguation": {
                                    "subtype": [
                                        "Country"
                                    ]
                                }
                            }
                        ]
                    }
                ]
            },
            {
                "type": "partOfMany",
                "sentence": "Protesters took to the streets of the nation's capital this past weekend to demonstrate their frustration with police brutality and social justice following George Floyd's death.",
                "score": 0.419128,
                "arguments": [
                    {
                        "text": "their",
                        "location": [
                            273,
                            278
                        ],
                        "entities": [
                            {
                                "type": "Person",
                                "text": "protesters"
                            }
                        ]
                    },
                    {
                        "text": "brutality",
                        "location": [
                            303,
                            312
                        ],
                        "entities": [
                            {
                                "type": "Person",
                                "text": "brutality"
                            }
                        ]
                    }
                ]
            },
            {
                "type": "employedBy",
                "sentence": "Protesters took to the streets of the nation's capital this past weekend to demonstrate their frustration with police brutality and social justice following George Floyd's death.",
                "score": 0.903791,
                "arguments": [
                    {
                        "text": "brutality",
                        "location": [
                            303,
                            312
                        ],
                        "entities": [
                            {
                                "type": "Person",
                                "text": "brutality"
                            }
                        ]
                    },
                    {
                        "text": "police",
                        "location": [
                            296,
                            302
                        ],
                        "entities": [
                            {
                                "type": "Organization",
                                "text": "police custody",
                                "disambiguation": {
                                    "subtype": [
                                        "Government"
                                    ]
                                }
                            }
                        ]
                    }
                ]
            },
            {
                "type": "employedBy",
                "sentence": "They grabbed him and struggled with him as they carried him over to police custody.",
                "score": 0.528046,
                "arguments": [
                    {
                        "text": "him",
                        "location": [
                            534,
                            537
                        ],
                        "entities": [
                            {
                                "type": "Person",
                                "text": "Man"
                            }
                        ]
                    },
                    {
                        "text": "police custody",
                        "location": [
                            546,
                            560
                        ],
                        "entities": [
                            {
                                "type": "Organization",
                                "text": "police custody",
                                "disambiguation": {
                                    "subtype": [
                                        "Government"
                                    ]
                                }
                            }
                        ]
                    }
                ]
            },
            {
                "type": "agentOf",
                "sentence": "* Atlantic Beach Fire Dept. reports more than 20 water rescues; no drownings this season",
                "score": 0.991177,
                "arguments": [
                    {
                        "text": "Atlantic Beach Fire Dept.",
                        "location": [
                            610,
                            635
                        ],
                        "entities": [
                            {
                                "type": "Organization",
                                "text": "Atlantic Beach Fire Dept.",
                                "disambiguation": {
                                    "subtype": [
                                        "Commercial"
                                    ]
                                }
                            }
                        ]
                    },
                    {
                        "text": "reports",
                        "location": [
                            636,
                            643
                        ],
                        "entities": [
                            {
                                "type": "EventCommunication",
                                "text": "reports"
                            }
                        ]
                    }
                ]
            }
        ],
        "keywords": [
            {
                "text": "collection of demonstrators",
                "relevance": 0.875704,
                "count": 1
            },
            {
                "text": "Croatan High School hosts drive",
                "relevance": 0.674349,
                "count": 1
            },
            {
                "text": "social media",
                "relevance": 0.627972,
                "count": 1
            },
            {
                "text": "police brutality",
                "relevance": 0.617222,
                "count": 1
            },
            {
                "text": "firearm charges",
                "relevance": 0.608346,
                "count": 1
            },
            {
                "text": "domestic assault report",
                "relevance": 0.581652,
                "count": 1
            },
            {
                "text": "Atlantic Beach Fire Dept",
                "relevance": 0.575298,
                "count": 1
            },
            {
                "text": "Feel Good Friday",
                "relevance": 0.570808,
                "count": 1
            },
            {
                "text": "man",
                "relevance": 0.565368,
                "count": 2
            },
            {
                "text": "social justice",
                "relevance": 0.563968,
                "count": 1
            },
            {
                "text": "Washington D.C.",
                "relevance": 0.562105,
                "count": 1
            },
            {
                "text": "graduation ceremony",
                "relevance": 0.559066,
                "count": 1
            },
            {
                "text": "WASHINGTON",
                "relevance": 0.554829,
                "count": 1
            },
            {
                "text": "video",
                "relevance": 0.545927,
                "count": 2
            },
            {
                "text": "protesters",
                "relevance": 0.538991,
                "count": 2
            },
            {
                "text": "reports",
                "relevance": 0.537489,
                "count": 1
            },
            {
                "text": "Republicans",
                "relevance": 0.534809,
                "count": 1
            },
            {
                "text": "drug",
                "relevance": 0.529134,
                "count": 1
            },
            {
                "text": "streets of the nation",
                "relevance": 0.5213,
                "count": 1
            },
            {
                "text": "Democrats",
                "relevance": 0.519703,
                "count": 1
            },
            {
                "text": "frustration",
                "relevance": 0.516209,
                "count": 1
            },
            {
                "text": "George Floyd's death",
                "relevance": 0.510626,
                "count": 1
            },
            {
                "text": "capital",
                "relevance": 0.510452,
                "count": 1
            },
            {
                "text": "water rescues",
                "relevance": 0.508518,
                "count": 1
            },
            {
                "text": "June",
                "relevance": 0.507551,
                "count": 1
            },
            {
                "text": "sidewalk",
                "relevance": 0.507551,
                "count": 1
            },
            {
                "text": "Greenville",
                "relevance": 0.507551,
                "count": 1
            },
            {
                "text": "season",
                "relevance": 0.507551,
                "count": 1
            },
            {
                "text": "protests",
                "relevance": 0.507551,
                "count": 1
            },
            {
                "text": "custody",
                "relevance": 0.507551,
                "count": 1
            },
            {
                "text": "weekend",
                "relevance": 0.507551,
                "count": 1
            },
            {
                "text": "apparent agitator",
                "relevance": 0.505898,
                "count": 1
            },
            {
                "text": "LATEST STORIES",
                "relevance": 0.497612,
                "count": 1
            },
            {
                "text": "police reforms",
                "relevance": 0.482902,
                "count": 1
            },
            {
                "text": "past weekend",
                "relevance": 0.465324,
                "count": 1
            },
            {
                "text": "WFLA",
                "relevance": 0.445464,
                "count": 1
            },
            {
                "text": "drownings",
                "relevance": 0.427871,
                "count": 1
            }
        ]
    },
    "freqeuncy": "Continuous feed",
    "extracted_metadata": {
        "sha1": "0c7f4f47ecf83fe30e8973b250c9234dfb7ceac2",
        "filename": "202006010000NEWSBANKNEWSPPRS486D3C2CB46BF7050C33C03D0065D56.json",
        "file_type": "json"
    },
    "companyRecord": "",
    "publicationTime": "2020-06-01T00:00:00-04:00",
    "title": "WATCH: 'Agitator' apprehended by protesters, handed over to police",
    "html": "<p><location idsrc=\"xmltag.org\" value=\"LU/us.dc.wash\">WASHINGTON</location> (WFLA) - In a video that has spread on social media, protesters can be seen handing over an apparent agitator to police during protests in <location idsrc=\"xmltag.org\" value=\"LU/us.dc.wash\">Washington D.C.</location> over the weekend.</p>\n<p>Protesters took to the streets of the nation's capital this past weekend to demonstrate their frustration with police brutality and social justice following <person>George Floyd's</person> death.</p>\n\n<p>A collection of demonstrators can be seen on video approaching a man who appeared to be destroying the sidewalk. They grabbed him and struggled with him as they carried him over to police custody.</p>\n\n<p>LATEST STORIES:</p>\n\n<p>* Feel <chron>Good Friday</chron>: <chron>June 5</chron></p>\n\n<p>* <org>Atlantic Beach Fire Dept</org>. reports more than 20 water rescues; no drownings this season</p>\n\n<p>* Man arrested on drug, firearm charges after domestic assault report in Greenville</p>\n\n<p>* <org>Croatan High School</org> hosts drive-in graduation ceremony</p>\n\n<p>* <org>Republicans</org>, <org>Democrats</org> disagree on how to address police reforms</p>",
    "geoFocus": [
        [
            "GU/us.nc.grelle",
            "Greenville"
        ]
    ]
}