{
    "id": "0914443c-4ab5-412a-892f-1be1fd2d8604",
    "result_metadata": {
        "score": 1
    },
    "copyright": "(c)  2020 Al Bawaba (Albawaba.com)  Provided by SyndiGate Media Inc. (Syndigate.info).",
    "geoOrigin": "Amman, Jordan",
    "sourceType": "Business & Financial Newswire",
    "source": "Al Bawaba Business",
    "corpus_document_id": "67340353058605337724",
    "description": "The Philippine Consulate General in Rabat, the capital city of Morocco, on Tuesday reported zero case of Filipinos positive with novelcorona virus. The Kingdom of Morocco immediately declared the state of health emergency and enforced lockdowns once record of COVID-19 case was known in the country, Cervantes emphasized. The diplomat cited that these...",
    "serviceName": "Mena Report",
    "locationCode": [
        {
            "parent": "LR/afr",
            "relevance_score": "9",
            "description": "Northern Africa",
            "code": "LB/nafr#9#49#90",
            "level": 1
        },
        {
            "parent": "LB/nafr",
            "relevance_score": "9",
            "description": "Morocco",
            "code": "LC/ma#9#90#90",
            "level": 2
        },
        {
            "parent": null,
            "relevance_score": "9",
            "description": "Africa",
            "code": "LR/afr#9#49#90",
            "level": 0
        },
        {
            "code": "LS/ma#9#50#90",
            "description": "",
            "relevance_score": "9"
        }
    ],
    "sourceClass": "Business and Commerce",
    "subjectCode": [
        {
            "parent": null,
            "relevance_score": "9",
            "description": "Health and Wellness",
            "code": "IS/haw#9#50#99",
            "level": 0
        },
        {
            "parent": "IS/haw.virology",
            "relevance_score": "9",
            "description": "Coronavirus Diseases",
            "code": "IS/haw.coronavi#9#94#99",
            "level": 4
        },
        {
            "parent": "IS/haw.coronavi",
            "relevance_score": "9",
            "description": "COVID-19 Novel Coronavirus",
            "code": "IS/haw.covid19#9#99#50",
            "level": 5
        },
        {
            "parent": "IS/haw",
            "relevance_score": "9",
            "description": "Medical Disorders and Diseases",
            "code": "IS/haw.disease#9#50#99",
            "level": 1
        }
    ],
    "text": "The Philippine Consulate General in Rabat, the capital city of Morocco, on\nTuesday reported zero case of Filipinos positive with novelcorona virus\n(COVID-19).\n\nDuring the Laging Handa Public Briefing, Charge daffaires Maria Agnes\nCervantes said overseas Filipinos followed health protocols and procedures\nimposed by the Moroccan government, which resulted to no record of Filipinos\nafflicted with COVID-19 as of June 2.\n\nThe Kingdom of Morocco immediately declared the state of health emergency and\nenforced lockdowns once record of COVID-19 case was known in the country,\nCervantes emphasized.\n\nNag lockdown sila, so people will constrain to stay in their homes. Kung\nlalabas, dapat isa lang sa miyembro ng pamilya,\" Cervantes said.\n\n\"Hindi makalabas ang tao kung wala silang pass. So these helped people na\nhindi sila ma-infect, she added.\n\nThe diplomat cited that these measures enforced by the government of Morocco\nis the reason why there are only 7833 cases of COVID-19 in the Kingdom, so\nfar.\n\nCervantes said Filipinos are employed in all industries spanning highly\nskilled, semi-skilled, as well as domestic service worker.\n\nTo recall, the Philippine Consulate was established late December of 2019, due\nto the newness of the office, about 1,000 overseas Filipinos have been mapped,\nbut Cervantes estimated that the number will reach 4,500 once finished.\n\nAccording to Cervantes, the Filipino community in Morocco is heavily active\nand the consulate utilizes modern messaging applications in coordinating with\nthe community.",
    "industryCode": [],
    "naviga_enrichment": {
        "org": [],
        "location": [
            "The Philippine Consulate",
            "Rabat",
            "Morocco",
            "Philippine Consulate"
        ],
        "person": [
            "Maria Agnes Cervantes"
        ],
        "companies": []
    },
    "geoOrigin_code": "RU/jo..amman",
    "language": "English",
    "filename": "202006050258ALBA____MENAREPO_19990_176217031_138.2.XML",
    "providerName": "SyndiGate Media Inc.",
    "enriched_text": {
        "entities": [
            {
                "count": 7,
                "sentiment": {
                    "score": 0.448624,
                    "label": "positive"
                },
                "text": "Cervantes",
                "relevance": 0.891574,
                "type": "Person"
            },
            {
                "count": 3,
                "sentiment": {
                    "score": -0.321511,
                    "label": "negative"
                },
                "text": "Morocco",
                "relevance": 0.473266,
                "type": "Location",
                "disambiguation": {
                    "subtype": [
                        "GovernmentalJurisdiction",
                        "Country"
                    ],
                    "name": "Morocco",
                    "dbpedia_resource": "http://dbpedia.org/resource/Morocco"
                }
            },
            {
                "count": 3,
                "sentiment": {
                    "score": 0,
                    "label": "neutral"
                },
                "text": "Philippine Consulate",
                "relevance": 0.4683,
                "type": "Organization"
            },
            {
                "count": 1,
                "sentiment": {
                    "score": 0,
                    "label": "neutral"
                },
                "text": "Kingdom of Morocco",
                "relevance": 0.355683,
                "type": "Organization",
                "disambiguation": {
                    "subtype": [
                        "Location",
                        "Country",
                        "GovernmentalJurisdiction"
                    ],
                    "name": "Morocco",
                    "dbpedia_resource": "http://dbpedia.org/resource/Morocco"
                }
            },
            {
                "count": 2,
                "sentiment": {
                    "score": -0.321511,
                    "label": "negative"
                },
                "text": "Moroccan government",
                "relevance": 0.28696,
                "type": "Organization"
            },
            {
                "count": 1,
                "sentiment": {
                    "score": 0,
                    "label": "neutral"
                },
                "text": "Laging Handa Public",
                "relevance": 0.243838,
                "type": "Organization"
            },
            {
                "count": 1,
                "sentiment": {
                    "score": 0,
                    "label": "neutral"
                },
                "text": "Rabat",
                "relevance": 0.231945,
                "type": "Location",
                "disambiguation": {
                    "subtype": [
                        "City"
                    ]
                }
            },
            {
                "count": 1,
                "sentiment": {
                    "score": 0.357337,
                    "label": "positive"
                },
                "text": "Maria Agnes",
                "relevance": 0.211403,
                "type": "Person"
            }
        ],
        "semantic_roles": [
            {
                "subject": {
                    "text": "zero case of Filipinos positive with novelcorona virus"
                },
                "sentence": " Tuesday reported zero case of Filipinos positive with novelcorona virus",
                "action": {
                    "verb": {
                        "text": "report",
                        "tense": "past"
                    },
                    "text": "reported",
                    "normalized": "report"
                }
            },
            {
                "subject": {
                    "text": "Charge"
                },
                "sentence": " During the Laging Handa Public Briefing, Charge daffaires Maria Agnes",
                "object": {
                    "text": "Maria Agnes"
                },
                "action": {
                    "verb": {
                        "text": "daffaires",
                        "tense": "present"
                    },
                    "text": "daffaires",
                    "normalized": "daffaires"
                }
            },
            {
                "subject": {
                    "text": "Cervantes"
                },
                "sentence": " Cervantes said overseas Filipinos followed health protocols and procedures",
                "object": {
                    "text": "overseas Filipinos followed health protocols and procedures"
                },
                "action": {
                    "verb": {
                        "text": "say",
                        "tense": "past"
                    },
                    "text": "said",
                    "normalized": "say"
                }
            },
            {
                "subject": {
                    "text": "health protocols and procedures"
                },
                "sentence": " Cervantes said overseas Filipinos followed health protocols and procedures",
                "object": {
                    "text": "overseas Filipinos"
                },
                "action": {
                    "verb": {
                        "text": "follow",
                        "tense": "past"
                    },
                    "text": "followed",
                    "normalized": "follow"
                }
            },
            {
                "subject": {
                    "text": "to no record of Filipinos"
                },
                "sentence": " imposed by the Moroccan government, which resulted to no record of Filipinos",
                "object": {
                    "text": "the Moroccan government"
                },
                "action": {
                    "verb": {
                        "text": "result",
                        "tense": "past"
                    },
                    "text": "resulted",
                    "normalized": "result"
                }
            },
            {
                "subject": {
                    "text": "The Kingdom of Morocco"
                },
                "sentence": " The Kingdom of Morocco immediately declared the state of health emergency and",
                "object": {
                    "text": "the state of health emergency"
                },
                "action": {
                    "verb": {
                        "text": "declare",
                        "tense": "past"
                    },
                    "text": "declared",
                    "normalized": "declare"
                }
            },
            {
                "subject": {
                    "text": "lockdowns"
                },
                "sentence": " enforced lockdowns once record of COVID-19 case was known in the country,",
                "action": {
                    "verb": {
                        "text": "enforce",
                        "tense": "past"
                    },
                    "text": "enforced",
                    "normalized": "enforce"
                }
            },
            {
                "subject": {
                    "text": "enforced lockdowns once record of COVID-19 case"
                },
                "sentence": " enforced lockdowns once record of COVID-19 case was known in the country,",
                "object": {
                    "text": "known in the country"
                },
                "action": {
                    "verb": {
                        "text": "be",
                        "tense": "past"
                    },
                    "text": "was",
                    "normalized": "be"
                }
            },
            {
                "subject": {
                    "text": "record of COVID-19 case"
                },
                "sentence": " enforced lockdowns once record of COVID-19 case was known in the country,",
                "action": {
                    "verb": {
                        "text": "know",
                        "tense": "past"
                    },
                    "text": "was known",
                    "normalized": "be know"
                }
            },
            {
                "subject": {
                    "text": "people"
                },
                "sentence": " Nag lockdown sila, so people will constrain to stay in their homes.",
                "object": {
                    "text": "to stay in their homes"
                },
                "action": {
                    "verb": {
                        "text": "constrain",
                        "tense": "future"
                    },
                    "text": "constrain",
                    "normalized": "constrain"
                }
            },
            {
                "subject": {
                    "text": "these"
                },
                "sentence": " So these helped people na",
                "object": {
                    "text": "people na"
                },
                "action": {
                    "verb": {
                        "text": "help",
                        "tense": "past"
                    },
                    "text": "helped",
                    "normalized": "help"
                }
            },
            {
                "subject": {
                    "text": "she"
                },
                "sentence": " hindi sila ma-infect, she added.",
                "object": {
                    "text": "hindi sila ma-infect"
                },
                "action": {
                    "verb": {
                        "text": "add",
                        "tense": "past"
                    },
                    "text": "added",
                    "normalized": "add"
                }
            },
            {
                "subject": {
                    "text": "The diplomat"
                },
                "sentence": " The diplomat cited that these measures enforced by the government of Morocco",
                "object": {
                    "text": "that these measures enforced by the government of Morocco"
                },
                "action": {
                    "verb": {
                        "text": "cite",
                        "tense": "past"
                    },
                    "text": "cited",
                    "normalized": "cite"
                }
            },
            {
                "subject": {
                    "text": "by the government of Morocco"
                },
                "sentence": " The diplomat cited that these measures enforced by the government of Morocco",
                "object": {
                    "text": "these measures"
                },
                "action": {
                    "verb": {
                        "text": "enforce",
                        "tense": "past"
                    },
                    "text": "enforced",
                    "normalized": "enforce"
                }
            },
            {
                "subject": {
                    "text": "Cervantes"
                },
                "sentence": " Cervantes said Filipinos are employed in all industries spanning highly",
                "object": {
                    "text": "Filipinos are employed in all industries spanning highly"
                },
                "action": {
                    "verb": {
                        "text": "say",
                        "tense": "past"
                    },
                    "text": "said",
                    "normalized": "say"
                }
            },
            {
                "subject": {
                    "text": "Filipinos"
                },
                "sentence": " Cervantes said Filipinos are employed in all industries spanning highly",
                "action": {
                    "verb": {
                        "text": "employ",
                        "tense": "past"
                    },
                    "text": "are employed",
                    "normalized": "be employ"
                }
            },
            {
                "subject": {
                    "text": "Filipinos"
                },
                "sentence": " Cervantes said Filipinos are employed in all industries spanning highly",
                "object": {
                    "text": "all industries"
                },
                "action": {
                    "verb": {
                        "text": "span",
                        "tense": "present"
                    },
                    "text": "spanning",
                    "normalized": "span"
                }
            },
            {
                "subject": {
                    "text": "the Philippine Consulate"
                },
                "sentence": " To recall, the Philippine Consulate was established late December of 2019, due",
                "object": {
                    "text": "established late December of 2019, due"
                },
                "action": {
                    "verb": {
                        "text": "be",
                        "tense": "past"
                    },
                    "text": "was",
                    "normalized": "be"
                }
            },
            {
                "subject": {
                    "text": "the Philippine Consulate"
                },
                "sentence": " To recall, the Philippine Consulate was established late December of 2019, due",
                "action": {
                    "verb": {
                        "text": "establish",
                        "tense": "past"
                    },
                    "text": "was established",
                    "normalized": "be establish"
                }
            },
            {
                "subject": {
                    "text": "Cervantes"
                },
                "sentence": " but Cervantes estimated that the number will reach 4,500 once finished.",
                "object": {
                    "text": "that the number will reach 4,500 once finished"
                },
                "action": {
                    "verb": {
                        "text": "estimate",
                        "tense": "past"
                    },
                    "text": "estimated",
                    "normalized": "estimate"
                }
            },
            {
                "subject": {
                    "text": "the consulate"
                },
                "sentence": " and the consulate utilizes modern messaging applications in coordinating with",
                "object": {
                    "text": "modern messaging applications in coordinating with"
                },
                "action": {
                    "verb": {
                        "text": "utilize",
                        "tense": "present"
                    },
                    "text": "utilizes",
                    "normalized": "utilize"
                }
            }
        ],
        "categories": [
            {
                "score": 0.856768,
                "label": "/law, govt and politics/government/embassies and consulates"
            },
            {
                "score": 0.640919,
                "label": "/society/unrest and war"
            },
            {
                "score": 0.622266,
                "label": "/law, govt and politics/government/government contracting and procurement"
            }
        ],
        "relations": [
            {
                "type": "basedIn",
                "sentence": "The Philippine Consulate General in Rabat, the capital city of Morocco, on Tuesday reported zero case of Filipinos positive with novelcorona virus (COVID-19).",
                "score": 0.85277,
                "arguments": [
                    {
                        "text": "Philippine Consulate General",
                        "location": [
                            4,
                            32
                        ],
                        "entities": [
                            {
                                "type": "Organization",
                                "text": "Philippine Consulate General"
                            }
                        ]
                    },
                    {
                        "text": "Rabat",
                        "location": [
                            36,
                            41
                        ],
                        "entities": [
                            {
                                "type": "GeopoliticalEntity",
                                "text": "Rabat"
                            }
                        ]
                    }
                ]
            },
            {
                "type": "ownerOf",
                "sentence": "Nag lockdown sila, so people will constrain to stay in their homes.",
                "score": 0.557353,
                "arguments": [
                    {
                        "text": "their",
                        "location": [
                            651,
                            656
                        ],
                        "entities": [
                            {
                                "type": "Person",
                                "text": "people"
                            }
                        ]
                    },
                    {
                        "text": "homes",
                        "location": [
                            657,
                            662
                        ],
                        "entities": [
                            {
                                "type": "Facility",
                                "text": "homes"
                            }
                        ]
                    }
                ]
            },
            {
                "type": "agentOf",
                "sentence": "So these helped people na hindi sila ma-infect, she added.",
                "score": 0.985873,
                "arguments": [
                    {
                        "text": "she",
                        "location": [
                            831,
                            834
                        ],
                        "entities": [
                            {
                                "type": "Person",
                                "text": "sila ma-infect"
                            }
                        ]
                    },
                    {
                        "text": "added",
                        "location": [
                            835,
                            840
                        ],
                        "entities": [
                            {
                                "type": "EventCommunication",
                                "text": "added"
                            }
                        ]
                    }
                ]
            },
            {
                "type": "partOf",
                "sentence": "The diplomat cited that these measures enforced by the government of Morocco is the reason why there are only 7833 cases of COVID-19 in the Kingdom, so far.",
                "score": 0.511407,
                "arguments": [
                    {
                        "text": "Kingdom",
                        "location": [
                            983,
                            990
                        ],
                        "entities": [
                            {
                                "type": "Organization",
                                "text": "Kingdom of Morocco"
                            }
                        ]
                    },
                    {
                        "text": "government of Morocco",
                        "location": [
                            898,
                            919
                        ],
                        "entities": [
                            {
                                "type": "GeopoliticalEntity",
                                "text": "government of Morocco"
                            }
                        ]
                    }
                ]
            },
            {
                "type": "residesIn",
                "sentence": "According to Cervantes, the Filipino community in Morocco is heavily active and the consulate utilizes modern messaging applications in coordinating with the community.",
                "score": 0.68164,
                "arguments": [
                    {
                        "text": "Filipino community",
                        "location": [
                            1392,
                            1410
                        ],
                        "entities": [
                            {
                                "type": "Person",
                                "text": "Filipino community"
                            }
                        ]
                    },
                    {
                        "text": "Morocco",
                        "location": [
                            1414,
                            1421
                        ],
                        "entities": [
                            {
                                "type": "GeopoliticalEntity",
                                "text": "city of Morocco"
                            }
                        ]
                    }
                ]
            },
            {
                "type": "affectedBy",
                "sentence": "The Philippine Consulate General in Rabat, the capital city of Morocco, on Tuesday reported zero case of Filipinos positive with novelcorona virus (COVID-19).",
                "score": 0.44825,
                "arguments": [
                    {
                        "text": "Philippine Consulate General",
                        "location": [
                            4,
                            32
                        ],
                        "entities": [
                            {
                                "type": "Organization",
                                "text": "Philippine Consulate General"
                            }
                        ]
                    },
                    {
                        "text": "case",
                        "location": [
                            97,
                            101
                        ],
                        "entities": [
                            {
                                "type": "EventLegal",
                                "text": "case"
                            }
                        ]
                    }
                ]
            },
            {
                "type": "locatedAt",
                "sentence": "The Philippine Consulate General in Rabat, the capital city of Morocco, on Tuesday reported zero case of Filipinos positive with novelcorona virus (COVID-19).",
                "score": 0.428169,
                "arguments": [
                    {
                        "text": "Rabat",
                        "location": [
                            36,
                            41
                        ],
                        "entities": [
                            {
                                "type": "GeopoliticalEntity",
                                "text": "Rabat"
                            }
                        ]
                    },
                    {
                        "text": "capital",
                        "location": [
                            47,
                            54
                        ],
                        "entities": [
                            {
                                "type": "GeopoliticalEntity",
                                "text": "city of Morocco"
                            }
                        ]
                    }
                ]
            },
            {
                "type": "timeOf",
                "sentence": "The Philippine Consulate General in Rabat, the capital city of Morocco, on Tuesday reported zero case of Filipinos positive with novelcorona virus (COVID-19).",
                "score": 0.755691,
                "arguments": [
                    {
                        "text": "Tuesday",
                        "location": [
                            75,
                            82
                        ],
                        "entities": [
                            {
                                "type": "Date",
                                "text": "Tuesday"
                            }
                        ]
                    },
                    {
                        "text": "reported",
                        "location": [
                            83,
                            91
                        ],
                        "entities": [
                            {
                                "type": "EventCommunication",
                                "text": "reported"
                            }
                        ]
                    }
                ]
            },
            {
                "type": "locatedAt",
                "sentence": "The Philippine Consulate General in Rabat, the capital city of Morocco, on Tuesday reported zero case of Filipinos positive with novelcorona virus (COVID-19).",
                "score": 0.371015,
                "arguments": [
                    {
                        "text": "case",
                        "location": [
                            97,
                            101
                        ],
                        "entities": [
                            {
                                "type": "EventLegal",
                                "text": "case"
                            }
                        ]
                    },
                    {
                        "text": "Filipinos",
                        "location": [
                            105,
                            114
                        ],
                        "entities": [
                            {
                                "type": "GeopoliticalEntity",
                                "text": "Filipinos"
                            }
                        ]
                    }
                ]
            },
            {
                "type": "employedBy",
                "sentence": "During the Laging Handa Public Briefing, Charge daffaires Maria Agnes Cervantes said overseas Filipinos followed health protocols and procedures imposed by the Moroccan government, which resulted to no record of Filipinos afflicted with COVID-19 as of June 2.",
                "score": 0.513542,
                "arguments": [
                    {
                        "text": "Maria Agnes\nCervantes",
                        "location": [
                            218,
                            239
                        ],
                        "entities": [
                            {
                                "type": "Person",
                                "text": "Maria Agnes\nCervantes"
                            }
                        ]
                    },
                    {
                        "text": "Charge",
                        "location": [
                            201,
                            207
                        ],
                        "entities": [
                            {
                                "type": "Organization",
                                "text": "Charge",
                                "disambiguation": {
                                    "subtype": [
                                        "Commercial"
                                    ]
                                }
                            }
                        ]
                    }
                ]
            },
            {
                "type": "agentOf",
                "sentence": "During the Laging Handa Public Briefing, Charge daffaires Maria Agnes Cervantes said overseas Filipinos followed health protocols and procedures imposed by the Moroccan government, which resulted to no record of Filipinos afflicted with COVID-19 as of June 2.",
                "score": 0.993884,
                "arguments": [
                    {
                        "text": "Maria Agnes\nCervantes",
                        "location": [
                            218,
                            239
                        ],
                        "entities": [
                            {
                                "type": "Person",
                                "text": "Maria Agnes\nCervantes"
                            }
                        ]
                    },
                    {
                        "text": "said",
                        "location": [
                            240,
                            244
                        ],
                        "entities": [
                            {
                                "type": "EventCommunication",
                                "text": "added"
                            }
                        ]
                    }
                ]
            },
            {
                "type": "agentOf",
                "sentence": "Kung lalabas, dapat isa lang sa miyembro ng pamilya,\" Cervantes said.",
                "score": 0.990811,
                "arguments": [
                    {
                        "text": "Cervantes",
                        "location": [
                            718,
                            727
                        ],
                        "entities": [
                            {
                                "type": "Person",
                                "text": "Maria Agnes\nCervantes"
                            }
                        ]
                    },
                    {
                        "text": "said",
                        "location": [
                            728,
                            732
                        ],
                        "entities": [
                            {
                                "type": "EventCommunication",
                                "text": "added"
                            }
                        ]
                    }
                ]
            },
            {
                "type": "agentOf",
                "sentence": "The diplomat cited that these measures enforced by the government of Morocco is the reason why there are only 7833 cases of COVID-19 in the Kingdom, so far.",
                "score": 0.96534,
                "arguments": [
                    {
                        "text": "diplomat",
                        "location": [
                            847,
                            855
                        ],
                        "entities": [
                            {
                                "type": "Person",
                                "text": "Maria Agnes\nCervantes"
                            }
                        ]
                    },
                    {
                        "text": "cited",
                        "location": [
                            856,
                            861
                        ],
                        "entities": [
                            {
                                "type": "EventCommunication",
                                "text": "added"
                            }
                        ]
                    }
                ]
            },
            {
                "type": "agentOf",
                "sentence": "Cervantes said Filipinos are employed in all industries spanning highly skilled, semi-skilled, as well as domestic service worker.",
                "score": 0.995115,
                "arguments": [
                    {
                        "text": "Cervantes",
                        "location": [
                            1001,
                            1010
                        ],
                        "entities": [
                            {
                                "type": "Person",
                                "text": "Maria Agnes\nCervantes"
                            }
                        ]
                    },
                    {
                        "text": "said",
                        "location": [
                            1011,
                            1015
                        ],
                        "entities": [
                            {
                                "type": "EventCommunication",
                                "text": "added"
                            }
                        ]
                    }
                ]
            },
            {
                "type": "timeOf",
                "sentence": "The Kingdom of Morocco immediately declared the state of health emergency and enforced lockdowns once record of COVID-19 case was known in the country, Cervantes emphasized.",
                "score": 0.961508,
                "arguments": [
                    {
                        "text": "COVID-19",
                        "location": [
                            533,
                            541
                        ],
                        "entities": [
                            {
                                "type": "Date",
                                "text": "COVID-19"
                            }
                        ]
                    },
                    {
                        "text": "case",
                        "location": [
                            542,
                            546
                        ],
                        "entities": [
                            {
                                "type": "EventLegal",
                                "text": "case"
                            }
                        ]
                    }
                ]
            },
            {
                "type": "agentOf",
                "sentence": "The Kingdom of Morocco immediately declared the state of health emergency and enforced lockdowns once record of COVID-19 case was known in the country, Cervantes emphasized.",
                "score": 0.998833,
                "arguments": [
                    {
                        "text": "Cervantes",
                        "location": [
                            573,
                            582
                        ],
                        "entities": [
                            {
                                "type": "Person",
                                "text": "Maria Agnes\nCervantes"
                            }
                        ]
                    },
                    {
                        "text": "emphasized",
                        "location": [
                            583,
                            593
                        ],
                        "entities": [
                            {
                                "type": "EventCommunication",
                                "text": "emphasized"
                            }
                        ]
                    }
                ]
            }
        ],
        "keywords": [
            {
                "text": "semi-skilled",
                "relevance": 0.898463,
                "count": 1
            },
            {
                "text": "Philippine Consulate General",
                "relevance": 0.740048,
                "count": 1
            },
            {
                "text": "Laging Handa Public Briefing",
                "relevance": 0.64021,
                "count": 1
            },
            {
                "text": "zero case of Filipinos",
                "relevance": 0.600027,
                "count": 1
            },
            {
                "text": "Philippine Consulate",
                "relevance": 0.591672,
                "count": 1
            },
            {
                "text": "Moroccan government",
                "relevance": 0.587827,
                "count": 1
            },
            {
                "text": "lockdown sila",
                "relevance": 0.558649,
                "count": 1
            },
            {
                "text": "Cervantes",
                "relevance": 0.556417,
                "count": 5
            },
            {
                "text": "late December",
                "relevance": 0.553267,
                "count": 1
            },
            {
                "text": "newness of the office",
                "relevance": 0.54486,
                "count": 1
            },
            {
                "text": "Filipino community",
                "relevance": 0.544645,
                "count": 1
            },
            {
                "text": "hindi sila ma",
                "relevance": 0.540813,
                "count": 1
            },
            {
                "text": "diplomat",
                "relevance": 0.539242,
                "count": 1
            },
            {
                "text": "Hindi makalabas",
                "relevance": 0.537664,
                "count": 1
            },
            {
                "text": "overseas Filipinos",
                "relevance": 0.524559,
                "count": 2
            },
            {
                "text": "capital city of Morocco",
                "relevance": 0.523043,
                "count": 1
            },
            {
                "text": "reason",
                "relevance": 0.522644,
                "count": 1
            },
            {
                "text": "measures",
                "relevance": 0.515295,
                "count": 1
            },
            {
                "text": "consulate",
                "relevance": 0.515039,
                "count": 1
            },
            {
                "text": "people",
                "relevance": 0.512386,
                "count": 1
            },
            {
                "text": "Kingdom of Morocco",
                "relevance": 0.510224,
                "count": 1
            },
            {
                "text": "Rabat",
                "relevance": 0.509736,
                "count": 1
            },
            {
                "text": "number",
                "relevance": 0.508731,
                "count": 1
            },
            {
                "text": "record of Filipinos",
                "relevance": 0.508661,
                "count": 1
            },
            {
                "text": "Kingdom",
                "relevance": 0.507048,
                "count": 1
            },
            {
                "text": "industries",
                "relevance": 0.506804,
                "count": 1
            },
            {
                "text": "applications",
                "relevance": 0.506804,
                "count": 1
            },
            {
                "text": "Filipinos",
                "relevance": 0.506549,
                "count": 1
            },
            {
                "text": "country",
                "relevance": 0.505611,
                "count": 1
            },
            {
                "text": "homes",
                "relevance": 0.505611,
                "count": 1
            },
            {
                "text": "June",
                "relevance": 0.505611,
                "count": 1
            },
            {
                "text": "procedures",
                "relevance": 0.505611,
                "count": 1
            },
            {
                "text": "community",
                "relevance": 0.503908,
                "count": 1
            },
            {
                "text": "Morocco",
                "relevance": 0.503868,
                "count": 1
            },
            {
                "text": "record of COVID-19 case",
                "relevance": 0.492532,
                "count": 1
            },
            {
                "text": "domestic service worker",
                "relevance": 0.49021,
                "count": 1
            },
            {
                "text": "health protocols",
                "relevance": 0.48802,
                "count": 1
            },
            {
                "text": "state of health emergency",
                "relevance": 0.483389,
                "count": 1
            },
            {
                "text": "silang pass",
                "relevance": 0.475493,
                "count": 1
            },
            {
                "text": "novelcorona virus",
                "relevance": 0.473946,
                "count": 1
            },
            {
                "text": "people na",
                "relevance": 0.471645,
                "count": 1
            },
            {
                "text": "government of Morocco",
                "relevance": 0.469777,
                "count": 1
            },
            {
                "text": "cases of COVID-19",
                "relevance": 0.466571,
                "count": 1
            },
            {
                "text": "Tuesday",
                "relevance": 0.456663,
                "count": 1
            },
            {
                "text": "COVID-19",
                "relevance": 0.445444,
                "count": 2
            },
            {
                "text": "lockdowns",
                "relevance": 0.442636,
                "count": 1
            }
        ]
    },
    "freqeuncy": "Continuous feed",
    "extracted_metadata": {
        "sha1": "7ac0ed5bf6eed5138530a62f6d37dd720ea97982",
        "filename": "202006050258ALBA____MENAREPO_19990_176217031_138.2.json",
        "file_type": "json"
    },
    "companyRecord": "",
    "publicationTime": "2020-06-05T02:58:00-04:00",
    "title": "Philippines : No record of Filipinos with COVID-19 in Morocco [Al Bawaba Business]",
    "html": "<p><location>The Philippine Consulate</location> General in <location idsrc=\"xmltag.org\" value=\"LU/ma..rabat\">Rabat</location>, the capital city of <location idsrc=\"xmltag.org\" value=\"LC/ma\">Morocco</location>, on Tuesday reported zero case of Filipinos positive with novelcorona virus (COVID-19).</p>\n<p>During the Laging Handa Public Briefing, Charge daffaires <person>Maria Agnes Cervantes</person> said overseas Filipinos followed health protocols and procedures imposed by the Moroccan government, which resulted to no record of Filipinos afflicted with COVID-19 as of <chron>June 2</chron>.</p>\n<p>The Kingdom of <location idsrc=\"xmltag.org\" value=\"LC/ma\">Morocco</location> immediately declared the state of health emergency and enforced lockdowns once record of COVID-19 case was known in the country, Cervantes emphasized.</p>\n<p>Nag lockdown sila, so people will constrain to stay in their homes. Kung lalabas, dapat isa lang sa miyembro ng pamilya,\" Cervantes said.</p>\n<p>\"Hindi makalabas ang tao kung wala silang pass. So these helped people na hindi sila ma-infect, she added.</p>\n<p>The diplomat cited that these measures enforced by the government of <location idsrc=\"xmltag.org\" value=\"LC/ma\">Morocco</location> is the reason why there are only 7833 cases of COVID-19 in the Kingdom, so far.</p>\n<p>Cervantes said Filipinos are employed in all industries spanning highly skilled, semi-skilled, as well as domestic service worker.</p>\n<p>To recall, the <location>Philippine Consulate</location> was established late December of 2019, due to the newness of the office, about 1,000 overseas Filipinos have been mapped, but Cervantes estimated that the number will reach 4,500 once finished.</p>\n<p>According to Cervantes, the Filipino community in <location idsrc=\"xmltag.org\" value=\"LC/ma\">Morocco</location> is heavily active and the consulate utilizes modern messaging applications in coordinating with the community.</p>",
    "geoFocus": [
        [
            "GB/nafr",
            "Northern Africa"
        ],
        [
            "GB/was",
            "Western Asia"
        ]
    ]
}