{
    "id": "096e4347-ba82-49f8-ac9d-720956778eb4",
    "result_metadata": {
        "score": 1
    },
    "copyright": "Copyright \u00a9 2020 Independent.co.ukk. All rights reserved.",
    "geoOrigin": "London, England, United Kingdom",
    "sourceType": "Newspaper",
    "source": "Evening Standard (UK)",
    "corpus_document_id": "76690045527747625873",
    "description": "A TEENAGER was today being questioned on suspicion of attempted murder after a two-year-old boy was shot when a gunman on a motorbike opened fire on his family. The toddler is in a serious condition in hospital after the masked man fired multiple rounds from a handgun outside the family home in Harlesden. Detectives today arrested a 19- yearold in connection...",
    "serviceName": "Independent Print - UK",
    "locationCode": [],
    "sourceClass": "General News",
    "subjectCode": [
        {
            "parent": null,
            "relevance_score": "9",
            "description": "Life and Society",
            "code": "IS/lifesoc#9#50#99",
            "level": 0
        },
        {
            "parent": "IS/lifesoc",
            "relevance_score": "9",
            "description": "Crime",
            "code": "IS/lifesoc.crime#9#99#50",
            "level": 1
        }
    ],
    "text": "A TEENAGER was today being questioned on suspicion of attempted murder after a\ntwo-year-old boy was shot when a gunman on a motorbike opened fire on his\nfamily.\n\nThe toddler is in a serious condition in hospital after the masked man fired\nmultiple rounds from a handgun outside the family home in Harlesden.\nDetectives today arrested a 19-yearold in connection with the shooting in\nEnergen Close at 9.45pm on Wednesday.\n\nThe toddler's mother, 27, was also hit and was heard by neighbours pleading\n\"don't let my baby die\". She is being treated in hospital with injuries said\nnot to be life-threatening. Two men in their late teens, said to be relatives\nof the woman , were also taken to hospital with gunshot wounds.\n\nThe Met's gun and gang crime unit Trident is leading the investigation.",
    "industryCode": [],
    "naviga_enrichment": {
        "org": [],
        "location": [],
        "person": [],
        "companies": []
    },
    "geoOrigin_code": "RU/gb.eng.london",
    "language": "English",
    "filename": "202006050001INDPRINTNEWS__UK_3849449900_3194074007.XML",
    "providerName": "Independent Digital News and Media",
    "enriched_text": {
        "entities": [
            {
                "count": 1,
                "sentiment": {
                    "score": 0,
                    "label": "neutral"
                },
                "text": "Harlesden",
                "relevance": 0.745321,
                "type": "Location",
                "disambiguation": {
                    "subtype": [
                        "City"
                    ]
                }
            },
            {
                "count": 1,
                "sentiment": {
                    "score": 0,
                    "label": "neutral"
                },
                "text": "Trident",
                "relevance": 0.661337,
                "type": "Company"
            },
            {
                "count": 1,
                "sentiment": {
                    "score": 0,
                    "label": "neutral"
                },
                "text": "two-year",
                "relevance": 0.661337,
                "type": "Quantity"
            }
        ],
        "semantic_roles": [
            {
                "subject": {
                    "text": "A TEENAGER"
                },
                "sentence": "A TEENAGER was today being questioned on suspicion of attempted murder after a",
                "action": {
                    "verb": {
                        "text": "be",
                        "tense": "past"
                    },
                    "text": "was",
                    "normalized": "be"
                }
            },
            {
                "subject": {
                    "text": "A TEENAGER"
                },
                "sentence": "A TEENAGER was today being questioned on suspicion of attempted murder after a",
                "action": {
                    "verb": {
                        "text": "question",
                        "tense": "past"
                    },
                    "text": "being questioned",
                    "normalized": "be question"
                }
            },
            {
                "subject": {
                    "text": "two-year-old boy"
                },
                "sentence": " two-year-old boy was shot when a gunman on a motorbike opened fire on his",
                "object": {
                    "text": "shot"
                },
                "action": {
                    "verb": {
                        "text": "be",
                        "tense": "past"
                    },
                    "text": "was",
                    "normalized": "be"
                }
            },
            {
                "subject": {
                    "text": "two-year-old boy"
                },
                "sentence": " two-year-old boy was shot when a gunman on a motorbike opened fire on his",
                "action": {
                    "verb": {
                        "text": "shoot",
                        "tense": "past"
                    },
                    "text": "was shot",
                    "normalized": "be shoot"
                }
            },
            {
                "subject": {
                    "text": "The toddler"
                },
                "sentence": " The toddler is in a serious condition in hospital after the masked man fired",
                "object": {
                    "text": "in a serious condition in hospital"
                },
                "action": {
                    "verb": {
                        "text": "be",
                        "tense": "present"
                    },
                    "text": "is",
                    "normalized": "be"
                }
            },
            {
                "subject": {
                    "text": "Detectives"
                },
                "sentence": " Detectives today arrested a 19-yearold in connection with the shooting in",
                "action": {
                    "verb": {
                        "text": "arrest",
                        "tense": "past"
                    },
                    "text": "arrested",
                    "normalized": "arrest"
                }
            },
            {
                "subject": {
                    "text": "The toddler's mother, 27,"
                },
                "sentence": " The toddler's mother, 27, was also hit and was heard by neighbours pleading",
                "object": {
                    "text": "heard"
                },
                "action": {
                    "verb": {
                        "text": "be",
                        "tense": "past"
                    },
                    "text": "was",
                    "normalized": "be"
                }
            },
            {
                "subject": {
                    "text": "by neighbours pleading"
                },
                "sentence": " The toddler's mother, 27, was also hit and was heard by neighbours pleading",
                "object": {
                    "text": "The toddler's mother, 27,"
                },
                "action": {
                    "verb": {
                        "text": "hear",
                        "tense": "past"
                    },
                    "text": "was heard",
                    "normalized": "be hear"
                }
            },
            {
                "subject": {
                    "text": "She"
                },
                "sentence": " She is being treated in hospital with injuries said",
                "object": {
                    "text": "in hospital"
                },
                "action": {
                    "verb": {
                        "text": "treat",
                        "tense": "past"
                    },
                    "text": "is being treated",
                    "normalized": "be be treat"
                }
            },
            {
                "subject": {
                    "text": "The Met's gun and gang crime unit Trident"
                },
                "sentence": " The Met's gun and gang crime unit Trident is leading the investigation.",
                "object": {
                    "text": "leading the investigation"
                },
                "action": {
                    "verb": {
                        "text": "be",
                        "tense": "present"
                    },
                    "text": "is",
                    "normalized": "be"
                }
            },
            {
                "subject": {
                    "text": "The Met's gun and gang crime unit Trident"
                },
                "sentence": " The Met's gun and gang crime unit Trident is leading the investigation.",
                "object": {
                    "text": "the investigation"
                },
                "action": {
                    "verb": {
                        "text": "lead",
                        "tense": "present"
                    },
                    "text": "is leading",
                    "normalized": "be lead"
                }
            }
        ],
        "categories": [
            {
                "score": 0.97085,
                "label": "/sports/hunting and shooting"
            },
            {
                "score": 0.910819,
                "label": "/society/crime/personal offense/homicide"
            },
            {
                "score": 0.744235,
                "label": "/society/crime/property crime/robbery"
            }
        ],
        "relations": [
            {
                "type": "agentOf",
                "sentence": "A TEENAGER was today being questioned on suspicion of attempted murder after a two-year-old boy was shot when a gunman on a motorbike opened fire on his family.",
                "score": 0.708416,
                "arguments": [
                    {
                        "text": "boy",
                        "location": [
                            92,
                            95
                        ],
                        "entities": [
                            {
                                "type": "Person",
                                "text": "gunman"
                            }
                        ]
                    },
                    {
                        "text": "shot",
                        "location": [
                            100,
                            104
                        ],
                        "entities": [
                            {
                                "type": "Crime",
                                "text": "shooting"
                            }
                        ]
                    }
                ]
            },
            {
                "type": "timeOf",
                "sentence": "Detectives today arrested a 19-yearold in connection with the shooting in Energen Close at 9.45pm on Wednesday.",
                "score": 0.816089,
                "arguments": [
                    {
                        "text": "9.45pm",
                        "location": [
                            399,
                            405
                        ],
                        "entities": [
                            {
                                "type": "Time",
                                "text": "9.45pm"
                            }
                        ]
                    },
                    {
                        "text": "arrested",
                        "location": [
                            325,
                            333
                        ],
                        "entities": [
                            {
                                "type": "EventCustody",
                                "text": "arrested"
                            }
                        ]
                    }
                ]
            },
            {
                "type": "timeOf",
                "sentence": "Detectives today arrested a 19-yearold in connection with the shooting in Energen Close at 9.45pm on Wednesday.",
                "score": 0.617826,
                "arguments": [
                    {
                        "text": "Wednesday",
                        "location": [
                            409,
                            418
                        ],
                        "entities": [
                            {
                                "type": "Date",
                                "text": "Wednesday"
                            }
                        ]
                    },
                    {
                        "text": "arrested",
                        "location": [
                            325,
                            333
                        ],
                        "entities": [
                            {
                                "type": "EventCustody",
                                "text": "arrested"
                            }
                        ]
                    }
                ]
            },
            {
                "type": "locatedAt",
                "sentence": "Detectives today arrested a 19-yearold in connection with the shooting in Energen Close at 9.45pm on Wednesday.",
                "score": 0.838389,
                "arguments": [
                    {
                        "text": "shooting",
                        "location": [
                            370,
                            378
                        ],
                        "entities": [
                            {
                                "type": "Crime",
                                "text": "shooting"
                            }
                        ]
                    },
                    {
                        "text": "Energen",
                        "location": [
                            382,
                            389
                        ],
                        "entities": [
                            {
                                "type": "GeopoliticalEntity",
                                "text": "Energen"
                            }
                        ]
                    }
                ]
            },
            {
                "type": "timeOf",
                "sentence": "Detectives today arrested a 19-yearold in connection with the shooting in Energen Close at 9.45pm on Wednesday.",
                "score": 0.626128,
                "arguments": [
                    {
                        "text": "9.45pm",
                        "location": [
                            399,
                            405
                        ],
                        "entities": [
                            {
                                "type": "Time",
                                "text": "9.45pm"
                            }
                        ]
                    },
                    {
                        "text": "shooting",
                        "location": [
                            370,
                            378
                        ],
                        "entities": [
                            {
                                "type": "Crime",
                                "text": "shooting"
                            }
                        ]
                    }
                ]
            },
            {
                "type": "parentOf",
                "sentence": "The toddler's mother, 27, was also hit and was heard by neighbours pleading \"don't let my baby die\".",
                "score": 0.706179,
                "arguments": [
                    {
                        "text": "mother",
                        "location": [
                            435,
                            441
                        ],
                        "entities": [
                            {
                                "type": "Person",
                                "text": "Close"
                            }
                        ]
                    },
                    {
                        "text": "toddler",
                        "location": [
                            425,
                            432
                        ],
                        "entities": [
                            {
                                "type": "Person",
                                "text": "toddler"
                            }
                        ]
                    }
                ]
            },
            {
                "type": "hasAttribute",
                "sentence": "The toddler's mother, 27, was also hit and was heard by neighbours pleading \"don't let my baby die\".",
                "score": 0.97472,
                "arguments": [
                    {
                        "text": "mother",
                        "location": [
                            435,
                            441
                        ],
                        "entities": [
                            {
                                "type": "Person",
                                "text": "Close"
                            }
                        ]
                    },
                    {
                        "text": "27",
                        "location": [
                            443,
                            445
                        ],
                        "entities": [
                            {
                                "type": "Age",
                                "text": "27"
                            }
                        ]
                    }
                ]
            },
            {
                "type": "agentOf",
                "sentence": "The toddler's mother, 27, was also hit and was heard by neighbours pleading \"don't let my baby die\".",
                "score": 0.614424,
                "arguments": [
                    {
                        "text": "mother",
                        "location": [
                            435,
                            441
                        ],
                        "entities": [
                            {
                                "type": "Person",
                                "text": "Close"
                            }
                        ]
                    },
                    {
                        "text": "pleading",
                        "location": [
                            488,
                            496
                        ],
                        "entities": [
                            {
                                "type": "EventCommunication",
                                "text": "pleading"
                            }
                        ]
                    }
                ]
            },
            {
                "type": "agentOf",
                "sentence": "The toddler's mother, 27, was also hit and was heard by neighbours pleading \"don't let my baby die\".",
                "score": 0.737622,
                "arguments": [
                    {
                        "text": "neighbours",
                        "location": [
                            477,
                            487
                        ],
                        "entities": [
                            {
                                "type": "Person",
                                "text": "neighbours"
                            }
                        ]
                    },
                    {
                        "text": "pleading",
                        "location": [
                            488,
                            496
                        ],
                        "entities": [
                            {
                                "type": "EventCommunication",
                                "text": "pleading"
                            }
                        ]
                    }
                ]
            },
            {
                "type": "parentOf",
                "sentence": "The toddler's mother, 27, was also hit and was heard by neighbours pleading \"don't let my baby die\".",
                "score": 0.505941,
                "arguments": [
                    {
                        "text": "my",
                        "location": [
                            508,
                            510
                        ],
                        "entities": [
                            {
                                "type": "Person",
                                "text": "Close"
                            }
                        ]
                    },
                    {
                        "text": "baby",
                        "location": [
                            511,
                            515
                        ],
                        "entities": [
                            {
                                "type": "Person",
                                "text": "gunman"
                            }
                        ]
                    }
                ]
            },
            {
                "type": "locatedAt",
                "sentence": "She is being treated in hospital with injuries said not to be life-threatening.",
                "score": 0.631989,
                "arguments": [
                    {
                        "text": "She",
                        "location": [
                            522,
                            525
                        ],
                        "entities": [
                            {
                                "type": "Person",
                                "text": "Close"
                            }
                        ]
                    },
                    {
                        "text": "hospital",
                        "location": [
                            546,
                            554
                        ],
                        "entities": [
                            {
                                "type": "Organization",
                                "text": "hospital",
                                "disambiguation": {
                                    "subtype": [
                                        "Commercial"
                                    ]
                                }
                            }
                        ]
                    }
                ]
            },
            {
                "type": "partOfMany",
                "sentence": "A TEENAGER was today being questioned on suspicion of attempted murder after a two-year-old boy was shot when a gunman on a motorbike opened fire on his family.",
                "score": 0.321213,
                "arguments": [
                    {
                        "text": "his",
                        "location": [
                            149,
                            152
                        ],
                        "entities": [
                            {
                                "type": "Person",
                                "text": "gunman"
                            }
                        ]
                    },
                    {
                        "text": "family",
                        "location": [
                            153,
                            159
                        ],
                        "entities": [
                            {
                                "type": "Person",
                                "text": "family"
                            }
                        ]
                    }
                ]
            },
            {
                "type": "agentOf",
                "sentence": "Two men in their late teens, said to be relatives of the woman , were also taken to hospital with gunshot wounds.",
                "score": 0.766036,
                "arguments": [
                    {
                        "text": "men",
                        "location": [
                            606,
                            609
                        ],
                        "entities": [
                            {
                                "type": "Person",
                                "text": "men"
                            }
                        ]
                    },
                    {
                        "text": "said",
                        "location": [
                            631,
                            635
                        ],
                        "entities": [
                            {
                                "type": "EventCommunication",
                                "text": "said"
                            }
                        ]
                    }
                ]
            },
            {
                "type": "agentOf",
                "sentence": "The Met's gun and gang crime unit Trident is leading the investigation.",
                "score": 0.415664,
                "arguments": [
                    {
                        "text": "Met",
                        "location": [
                            721,
                            724
                        ],
                        "entities": [
                            {
                                "type": "Organization",
                                "text": "Met"
                            }
                        ]
                    },
                    {
                        "text": "investigation",
                        "location": [
                            774,
                            787
                        ],
                        "entities": [
                            {
                                "type": "EventLegal",
                                "text": "investigation"
                            }
                        ]
                    }
                ]
            },
            {
                "type": "locatedAt",
                "sentence": "The toddler is in a serious condition in hospital after the masked man fired multiple rounds from a handgun outside the family home in Harlesden.",
                "score": 0.540722,
                "arguments": [
                    {
                        "text": "toddler",
                        "location": [
                            166,
                            173
                        ],
                        "entities": [
                            {
                                "type": "Person",
                                "text": "toddler"
                            }
                        ]
                    },
                    {
                        "text": "hospital",
                        "location": [
                            203,
                            211
                        ],
                        "entities": [
                            {
                                "type": "Organization",
                                "text": "hospital",
                                "disambiguation": {
                                    "subtype": [
                                        "Commercial"
                                    ]
                                }
                            }
                        ]
                    }
                ]
            },
            {
                "type": "ownerOf",
                "sentence": "The toddler is in a serious condition in hospital after the masked man fired multiple rounds from a handgun outside the family home in Harlesden.",
                "score": 0.526723,
                "arguments": [
                    {
                        "text": "family",
                        "location": [
                            282,
                            288
                        ],
                        "entities": [
                            {
                                "type": "Person",
                                "text": "family"
                            }
                        ]
                    },
                    {
                        "text": "home",
                        "location": [
                            289,
                            293
                        ],
                        "entities": [
                            {
                                "type": "Facility",
                                "text": "home"
                            }
                        ]
                    }
                ]
            },
            {
                "type": "locatedAt",
                "sentence": "The toddler is in a serious condition in hospital after the masked man fired multiple rounds from a handgun outside the family home in Harlesden.",
                "score": 0.967141,
                "arguments": [
                    {
                        "text": "home",
                        "location": [
                            289,
                            293
                        ],
                        "entities": [
                            {
                                "type": "Facility",
                                "text": "home"
                            }
                        ]
                    },
                    {
                        "text": "Harlesden",
                        "location": [
                            297,
                            306
                        ],
                        "entities": [
                            {
                                "type": "GeopoliticalEntity",
                                "text": "Harlesden"
                            }
                        ]
                    }
                ]
            },
            {
                "type": "agentOf",
                "sentence": "Detectives today arrested a 19-yearold in connection with the shooting in Energen Close at 9.45pm on Wednesday.",
                "score": 0.51516,
                "arguments": [
                    {
                        "text": "Detectives",
                        "location": [
                            308,
                            318
                        ],
                        "entities": [
                            {
                                "type": "Person",
                                "text": "Detectives"
                            }
                        ]
                    },
                    {
                        "text": "arrested",
                        "location": [
                            325,
                            333
                        ],
                        "entities": [
                            {
                                "type": "EventCustody",
                                "text": "arrested"
                            }
                        ]
                    }
                ]
            },
            {
                "type": "timeOf",
                "sentence": "Detectives today arrested a 19-yearold in connection with the shooting in Energen Close at 9.45pm on Wednesday.",
                "score": 0.904082,
                "arguments": [
                    {
                        "text": "today",
                        "location": [
                            319,
                            324
                        ],
                        "entities": [
                            {
                                "type": "Date",
                                "text": "today"
                            }
                        ]
                    },
                    {
                        "text": "arrested",
                        "location": [
                            325,
                            333
                        ],
                        "entities": [
                            {
                                "type": "EventCustody",
                                "text": "arrested"
                            }
                        ]
                    }
                ]
            },
            {
                "type": "timeOf",
                "sentence": "Detectives today arrested a 19-yearold in connection with the shooting in Energen Close at 9.45pm on Wednesday.",
                "score": 0.946045,
                "arguments": [
                    {
                        "text": "19-yearold",
                        "location": [
                            336,
                            346
                        ],
                        "entities": [
                            {
                                "type": "Date",
                                "text": "19-yearold"
                            }
                        ]
                    },
                    {
                        "text": "arrested",
                        "location": [
                            325,
                            333
                        ],
                        "entities": [
                            {
                                "type": "EventCustody",
                                "text": "arrested"
                            }
                        ]
                    }
                ]
            },
            {
                "type": "affectedBy",
                "sentence": "Detectives today arrested a 19-yearold in connection with the shooting in Energen Close at 9.45pm on Wednesday.",
                "score": 0.839274,
                "arguments": [
                    {
                        "text": "Close",
                        "location": [
                            390,
                            395
                        ],
                        "entities": [
                            {
                                "type": "Person",
                                "text": "Close"
                            }
                        ]
                    },
                    {
                        "text": "arrested",
                        "location": [
                            325,
                            333
                        ],
                        "entities": [
                            {
                                "type": "EventCustody",
                                "text": "arrested"
                            }
                        ]
                    }
                ]
            }
        ],
        "keywords": [
            {
                "text": "two-year-old boy",
                "relevance": 0.751347,
                "count": 1
            },
            {
                "text": "Met's gun",
                "relevance": 0.747473,
                "count": 1
            },
            {
                "text": "toddler's mother",
                "relevance": 0.700819,
                "count": 1
            },
            {
                "text": "Detectives today",
                "relevance": 0.659617,
                "count": 1
            },
            {
                "text": "serious condition",
                "relevance": 0.65711,
                "count": 1
            },
            {
                "text": "masked man",
                "relevance": 0.628278,
                "count": 1
            },
            {
                "text": "late teens",
                "relevance": 0.624736,
                "count": 1
            },
            {
                "text": "gang crime unit Trident",
                "relevance": 0.621331,
                "count": 1
            },
            {
                "text": "Energen Close",
                "relevance": 0.610081,
                "count": 1
            },
            {
                "text": "toddler",
                "relevance": 0.605965,
                "count": 1
            },
            {
                "text": "gunshot wounds",
                "relevance": 0.582348,
                "count": 1
            },
            {
                "text": "family home",
                "relevance": 0.574418,
                "count": 1
            },
            {
                "text": "today",
                "relevance": 0.546159,
                "count": 1
            },
            {
                "text": "TEENAGER",
                "relevance": 0.545731,
                "count": 1
            },
            {
                "text": "woman",
                "relevance": 0.540155,
                "count": 1
            },
            {
                "text": "hospital",
                "relevance": 0.537311,
                "count": 3
            },
            {
                "text": "rounds",
                "relevance": 0.528402,
                "count": 1
            },
            {
                "text": "handgun",
                "relevance": 0.519942,
                "count": 1
            },
            {
                "text": "men",
                "relevance": 0.519848,
                "count": 1
            },
            {
                "text": "life-threatening",
                "relevance": 0.519741,
                "count": 1
            },
            {
                "text": "gunman",
                "relevance": 0.517193,
                "count": 1
            },
            {
                "text": "family",
                "relevance": 0.515542,
                "count": 1
            },
            {
                "text": "suspicion",
                "relevance": 0.515542,
                "count": 1
            },
            {
                "text": "motorbike",
                "relevance": 0.514181,
                "count": 1
            },
            {
                "text": "connection",
                "relevance": 0.51282,
                "count": 1
            },
            {
                "text": "injuries",
                "relevance": 0.512389,
                "count": 1
            },
            {
                "text": "fire",
                "relevance": 0.510574,
                "count": 1
            },
            {
                "text": "investigation",
                "relevance": 0.510574,
                "count": 1
            },
            {
                "text": "relatives",
                "relevance": 0.510574,
                "count": 1
            },
            {
                "text": "murder",
                "relevance": 0.510574,
                "count": 1
            },
            {
                "text": "baby die",
                "relevance": 0.500605,
                "count": 1
            },
            {
                "text": "neighbours pleading",
                "relevance": 0.491659,
                "count": 1
            },
            {
                "text": "shot",
                "relevance": 0.429874,
                "count": 1
            },
            {
                "text": "19-yearold",
                "relevance": 0.424679,
                "count": 1
            },
            {
                "text": "Wednesday",
                "relevance": 0.419827,
                "count": 1
            },
            {
                "text": "Harlesden",
                "relevance": 0.419827,
                "count": 1
            }
        ]
    },
    "freqeuncy": "M-F",
    "extracted_metadata": {
        "sha1": "6fbcaca9b626e9ea4fc5dc3612a041c75dfe37f2",
        "filename": "202006050001INDPRINTNEWS__UK_3849449900_3194074007.json",
        "file_type": "json"
    },
    "companyRecord": "",
    "publicationTime": "2020-06-05T00:01:00-04:00",
    "title": "Teen arrested over shooting",
    "html": "<p>A TEENAGER was today being questioned on suspicion of attempted murder after a two-year-old boy was shot when a gunman on a motorbike opened fire on his family.</p>\n<p>The toddler is in a serious condition in hospital after the masked man fired multiple rounds from a handgun outside the family home in Harlesden. Detectives today arrested a 19-yearold in connection with the shooting in Energen Close at <chron>9.45pm on Wednesday</chron>.</p>\n<p>The toddler's mother, 27, was also hit and was heard by neighbours pleading \"don't let my baby die\". She is being treated in hospital with injuries said not to be life-threatening. Two men in their late teens, said to be relatives of the woman , were also taken to hospital with gunshot wounds.</p>\n<p>The Met's gun and gang crime unit Trident is leading the investigation.</p>",
    "geoFocus": [
        [
            "GC/gb",
            "United Kingdom"
        ],
        [
            "GU/gb.eng.london",
            "London"
        ]
    ]
}