{
    "id": "0c5a7ece-49f5-4f40-867a-99da7a872207",
    "result_metadata": {
        "score": 1
    },
    "copyright": "(c)  2020, TenderNews.com Provided by SyndiGate Media Inc. (Syndigate.info).",
    "geoOrigin": "New Delhi, India",
    "sourceType": "General Newswire",
    "source": "TenderNews.com - Tenders (India)",
    "corpus_document_id": "43432489696994496751",
    "description": "Maintenance contract more info: Location: GERMANY BidDate: 6/ 30/ 2020 Tender Country: GERMANY Tender Type: Tenders Tendering Authority: BKK24 Tendering Authority Address: Nationwide Financier: Self Funded Tearn Money: Not Specified.",
    "serviceName": "Middle East & North African Newspapers",
    "locationCode": [
        {
            "parent": "LR/eur",
            "relevance_score": "9",
            "description": "Western Europe",
            "code": "LB/weur#9#49#90",
            "level": 1
        },
        {
            "parent": "LB/weur",
            "relevance_score": "9",
            "description": "Germany",
            "code": "LC/de#9#90#90",
            "level": 2
        },
        {
            "parent": null,
            "relevance_score": "9",
            "description": "Europe",
            "code": "LR/eur#9#49#90",
            "level": 0
        },
        {
            "code": "LU/de#9#90#90",
            "description": "",
            "relevance_score": "9"
        }
    ],
    "sourceClass": "Business and Commerce",
    "subjectCode": [
        {
            "parent": "IS/pol.spec",
            "relevance_score": "9",
            "description": "Government Contract Solicitations",
            "code": "IS/pol.govrfp#9#99#50",
            "level": 2
        },
        {
            "parent": "IS/spec",
            "relevance_score": "9",
            "description": "Structured Politics and Government Content",
            "code": "IS/pol.spec#9#50#99",
            "level": 1
        },
        {
            "parent": null,
            "relevance_score": "9",
            "description": "Structured Content",
            "code": "IS/spec#9#50#99",
            "level": 0
        }
    ],
    "text": "Leasing of printers and multifunction devices incl. Maintenance contract more\ninfo : Location : GERMANY BidDate : 6/30/2020 Tender Country : GERMANY Tender\nType : Tenders Tendering Authority : BKK24 Tendering Authority Address :\nNationwide Financier : Self Funded Tearn Money : Not Specified",
    "industryCode": [],
    "naviga_enrichment": {
        "org": [],
        "location": [
            "GERMANY"
        ],
        "person": [],
        "companies": []
    },
    "geoOrigin_code": "RU/in..newdel",
    "language": "English",
    "filename": "202006050210ALBA____ME_NA_NE_23458_176209933_138.151.XML",
    "providerName": "SyndiGate Media Inc.",
    "enriched_text": {
        "entities": [
            {
                "count": 1,
                "sentiment": {
                    "score": 0,
                    "label": "neutral"
                },
                "text": "Tenders Tendering Authority",
                "relevance": 0.939867,
                "type": "Organization"
            },
            {
                "count": 1,
                "sentiment": {
                    "score": 0,
                    "label": "neutral"
                },
                "text": "Tendering Authority",
                "relevance": 0.711064,
                "type": "Organization"
            },
            {
                "count": 1,
                "sentiment": {
                    "score": 0,
                    "label": "neutral"
                },
                "text": "incl",
                "relevance": 0.475462,
                "type": "HealthCondition",
                "disambiguation": {
                    "subtype": [],
                    "name": "Infantile neuronal ceroid lipofuscinosis",
                    "dbpedia_resource": "http://dbpedia.org/resource/Infantile_neuronal_ceroid_lipofuscinosis"
                }
            },
            {
                "count": 2,
                "sentiment": {
                    "score": 0.370718,
                    "label": "positive"
                },
                "text": "GERMANY",
                "relevance": 0.442287,
                "type": "Location",
                "disambiguation": {
                    "subtype": [
                        "Country"
                    ]
                }
            }
        ],
        "semantic_roles": [],
        "categories": [
            {
                "score": 0.993402,
                "label": "/technology and computing/hardware/computer peripherals/printers, copiers and fax/printers"
            }
        ],
        "relations": [
            {
                "type": "timeOf",
                "sentence": "Leasing of printers and multifunction devices incl. Maintenance contract more info : Location : GERMANY BidDate : 6/30/2020 Tender Country : GERMANY Tender Type : Tenders Tendering Authority : BKK24 Tendering Authority Address : Nationwide Financier : Self Funded Tearn Money : Not Specified",
                "score": 0.525165,
                "arguments": [
                    {
                        "text": "6/30/2020 Tender",
                        "location": [
                            114,
                            130
                        ],
                        "entities": [
                            {
                                "type": "Date",
                                "text": "6/30/2020 Tender"
                            }
                        ]
                    },
                    {
                        "text": "Tender\nType : Tenders Tendering Authority :",
                        "location": [
                            149,
                            192
                        ],
                        "entities": [
                            {
                                "type": "TitleWork",
                                "text": "Tender\nType : Tenders Tendering Authority :"
                            }
                        ]
                    }
                ]
            }
        ],
        "keywords": [
            {
                "text": "Nationwide Financier",
                "relevance": 0.856867,
                "count": 1
            },
            {
                "text": "Leasing of printers",
                "relevance": 0.856867,
                "count": 1
            },
            {
                "text": "Tender Country",
                "relevance": 0.798128,
                "count": 1
            },
            {
                "text": "GERMANY BidDate",
                "relevance": 0.649597,
                "count": 1
            },
            {
                "text": "info",
                "relevance": 0.617161,
                "count": 1
            },
            {
                "text": "Self Funded Tearn Money",
                "relevance": 0.603763,
                "count": 1
            },
            {
                "text": "Location",
                "relevance": 0.569065,
                "count": 1
            },
            {
                "text": "Tenders",
                "relevance": 0.563677,
                "count": 1
            },
            {
                "text": "Authority",
                "relevance": 0.55979,
                "count": 1
            },
            {
                "text": "multifunction devices",
                "relevance": 0.533361,
                "count": 1
            },
            {
                "text": "Maintenance contract",
                "relevance": 0.409036,
                "count": 1
            },
            {
                "text": "Authority Address",
                "relevance": 0.367098,
                "count": 1
            },
            {
                "text": "BKK24",
                "relevance": 0.240745,
                "count": 1
            }
        ]
    },
    "freqeuncy": "Daily",
    "extracted_metadata": {
        "sha1": "4912dbbe27b30c31af648f7b756c7dbacf7cbafb",
        "filename": "202006050210ALBA____ME_NA_NE_23458_176209933_138.151.json",
        "file_type": "json"
    },
    "companyRecord": "",
    "publicationTime": "2020-06-05T02:10:00-04:00",
    "title": "Leasing of printers and multifunction devices incl. Maintenance contract [TenderNews.com - Tenders (India)]",
    "html": "<p>Leasing of printers and multifunction devices incl. Maintenance contract more info :  Location : <location idsrc=\"xmltag.org\" value=\"LC/de\">GERMANY</location>\nBidDate : <chron>6/30/2020</chron>\nTender Country : <location idsrc=\"xmltag.org\" value=\"LC/de\">GERMANY</location>\nTender Type : <org>Tenders\nTendering Authority</org> : BKK24\nTendering Authority Address : Nationwide\nFinancier : Self Funded\n<person>Tearn Money</person> : Not Specified</p>",
    "geoFocus": [
        [
            "GC/in",
            "India"
        ]
    ]
}