{
    "id": "0e5beddc-c458-4155-b532-d706d7d2df94",
    "result_metadata": {
        "score": 1
    },
    "copyright": "Copyright \u00a9 2020, CTK. All rights reserved. Intended for personal use only. Any copying, republication or redistribution of CTK's content is prohibited without the prior written consent of CTK.",
    "geoOrigin": "Prague, Czech Republic",
    "sourceType": "General Newswire",
    "source": "Czech News Agency",
    "corpus_document_id": "5528778551399979551",
    "description": "Christian Democrats deputy group chairman Jan Bartosek said Russians should resolve their disputes at home and not at their embassy in Czechia, adding that he would be glad if BIS director Michal Koudelka joined the Chamber of Deputies security committee meeting and briefed the deputies on the reasons for the expulsion. Civic Democrats deputy chairman...",
    "serviceName": "Journals",
    "locationCode": [
        {
            "parent": "LR/eur",
            "relevance_score": "9",
            "description": "Eastern Europe",
            "code": "LB/eeur#9#49#90",
            "level": 1
        },
        {
            "parent": "LB/eeur",
            "relevance_score": "9",
            "description": "Russia",
            "code": "LC/ru#9#90#49",
            "level": 2
        },
        {
            "parent": null,
            "relevance_score": "9",
            "description": "Europe",
            "code": "LR/eur#9#49#90",
            "level": 0
        },
        {
            "code": "LU/eeur.any#9#49#90",
            "description": "",
            "relevance_score": "9"
        }
    ],
    "sourceClass": "Politics and Government",
    "subjectCode": [
        {
            "parent": "IS/gov.forpol",
            "relevance_score": "9",
            "description": "International Diplomacy",
            "code": "IS/gov.diplomat#9#99#50",
            "level": 3
        },
        {
            "parent": "IS/pol.intl",
            "relevance_score": "9",
            "description": "Foreign Policy",
            "code": "IS/gov.forpol#9#90#99",
            "level": 2
        },
        {
            "parent": null,
            "relevance_score": "9",
            "description": "Politics and Government",
            "code": "IS/pol#9#50#99",
            "level": 0
        },
        {
            "parent": "IS/pol",
            "relevance_score": "9",
            "description": "Government Policy",
            "code": "IS/pol.govpol#9#50#99",
            "level": 1
        }
    ],
    "text": "Prague, June 5 (CTK) - Czech opposition representatives say the expulsion of\ntwo Russian diplomats is an appropriate reaction and believe that the embassy\nstaff should be further reduced, they told journalists today.\n\nThe opposition representatives welcomed the work of the counter-intelligence\nservice (BIS).\n\nAccording to the Ria Novosti Russian news agency, Russian Deputy Vladimir\nDjabarov said Russia will react to the Czech decision soon.\n\nThe case was made up within a dispute between the Russian embassy employees,\none of whom sent false information to Czech secret services, PM Babis (ANO)\nand Foreign Minister Tomas Petricek (Social Democrats, CSSD) told journalists\ntoday.\n\nChristian Democrats (KDU-CSL) deputy group chairman Jan Bartosek said Russians\nshould resolve their disputes at home and not at their embassy in Czechia,\nadding that he would be glad if BIS director Michal Koudelka joined the\nChamber of Deputies security committee meeting and briefed the deputies on the\nreasons for the expulsion.\n\nCommunists (KSCM) chairman Vojtech Filip said he does not have access to any\ndocuments detailing the incident and that he cannot confirm or deny if the\nwhole case was a game played by foreign powers.\n\nCivic Democrats (ODS) deputy chairman Martin Kupka said the incident confirms\nthe suspicion that the Russian embassy is a security risk for the Czech\nRepublic.\n\nPirates deputy Jan Lipavsky said he agrees that the Czech reaction was\nadequate and strong, adding that the Czech-Russian relations are now in crisis\nand that the mutual communication between the countries is not good enough.\n\nMayors and Independents (STAN) chairman Vit Rakusan said he is glad that Czech\ndiplomacy is not afraid to take such decisive steps.\n\nTOP 09 chairwoman Marketa Pekarova Adamova said she agrees with the decision\nand that she hopes that it was just the first step, adding that she hopes that\nthe number of employees at the Russian embassy will be reduced as soon as\npossible.\n\nbas/dr/pvr",
    "industryCode": [],
    "naviga_enrichment": {
        "org": [
            "Democrats",
            "Pirates"
        ],
        "location": [
            "Prague",
            "Russia",
            "Czech Republic"
        ],
        "person": [
            "Vladimir Djabarov",
            "Tomas Petricek",
            "Jan Bartosek",
            "Michal Koudelka",
            "Vojtech Filip",
            "Martin Kupka",
            "Jan Lipavsky",
            "Vit Rakusan"
        ],
        "companies": [
            "Pirates",
            "Democrats"
        ]
    },
    "geoOrigin_code": "RU/cz..prague",
    "language": "English",
    "filename": "202006050000PROQUESTJOURNALS_2409604636.XML",
    "providerName": "ProQuest Information & Learning",
    "enriched_text": {
        "entities": [
            {
                "count": 3,
                "sentiment": {
                    "score": -0.497064,
                    "label": "negative"
                },
                "text": "Russian embassy",
                "relevance": 0.859823,
                "type": "Organization"
            },
            {
                "count": 1,
                "sentiment": {
                    "score": 0,
                    "label": "neutral"
                },
                "text": "deputy chairman",
                "relevance": 0.560499,
                "type": "JobTitle"
            },
            {
                "count": 1,
                "sentiment": {
                    "score": 0,
                    "label": "neutral"
                },
                "text": "Ria Novosti Russian",
                "relevance": 0.535596,
                "type": "Company"
            },
            {
                "count": 2,
                "sentiment": {
                    "score": 0.105086,
                    "label": "positive"
                },
                "text": "chairman",
                "relevance": 0.506869,
                "type": "JobTitle"
            },
            {
                "count": 4,
                "sentiment": {
                    "score": 0,
                    "label": "neutral"
                },
                "text": "Marketa Pekarova Adamova",
                "relevance": 0.483517,
                "type": "Person"
            },
            {
                "count": 3,
                "sentiment": {
                    "score": -0.398126,
                    "label": "negative"
                },
                "text": "Vojtech Filip",
                "relevance": 0.438745,
                "type": "Person",
                "disambiguation": {
                    "subtype": [],
                    "name": "Vojt\u011bch Filip",
                    "dbpedia_resource": "http://dbpedia.org/resource/Vojt\u011bch_Filip"
                }
            },
            {
                "count": 1,
                "sentiment": {
                    "score": 0,
                    "label": "neutral"
                },
                "text": "group chairman",
                "relevance": 0.414227,
                "type": "JobTitle"
            },
            {
                "count": 2,
                "sentiment": {
                    "score": 0.497908,
                    "label": "positive"
                },
                "text": "Jan Bartosek",
                "relevance": 0.413674,
                "type": "Person"
            },
            {
                "count": 1,
                "sentiment": {
                    "score": 0,
                    "label": "neutral"
                },
                "text": "Chamber of Deputies",
                "relevance": 0.388721,
                "type": "Organization",
                "disambiguation": {
                    "subtype": [],
                    "name": "Chamber of Deputies of the Parliament of the Czech Republic",
                    "dbpedia_resource": "http://dbpedia.org/resource/Chamber_of_Deputies_of_the_Parliament_of_the_Czech_Republic"
                }
            },
            {
                "count": 2,
                "sentiment": {
                    "score": 0,
                    "label": "neutral"
                },
                "text": "Russia",
                "relevance": 0.378165,
                "type": "Location",
                "disambiguation": {
                    "subtype": [
                        "Country"
                    ],
                    "name": "Russia",
                    "dbpedia_resource": "http://dbpedia.org/resource/Russia"
                }
            },
            {
                "count": 1,
                "sentiment": {
                    "score": 0.451074,
                    "label": "positive"
                },
                "text": "Prague",
                "relevance": 0.341934,
                "type": "Location",
                "disambiguation": {
                    "subtype": [
                        "AdministrativeDivision",
                        "City"
                    ],
                    "name": "Prague",
                    "dbpedia_resource": "http://dbpedia.org/resource/Prague"
                }
            },
            {
                "count": 2,
                "sentiment": {
                    "score": 0,
                    "label": "neutral"
                },
                "text": "Jan Lipavsky",
                "relevance": 0.332606,
                "type": "Person"
            },
            {
                "count": 1,
                "sentiment": {
                    "score": 0.497908,
                    "label": "positive"
                },
                "text": "BIS",
                "relevance": 0.332176,
                "type": "Organization",
                "disambiguation": {
                    "subtype": [],
                    "name": "Bohemia Interactive",
                    "dbpedia_resource": "http://dbpedia.org/resource/Bohemia_Interactive"
                }
            },
            {
                "count": 1,
                "sentiment": {
                    "score": 0.372825,
                    "label": "positive"
                },
                "text": "Tomas Petricek",
                "relevance": 0.325817,
                "type": "Person",
                "disambiguation": {
                    "subtype": [],
                    "name": "Tom\u00e1\u0161 Pet\u0159\u00ed\u010dek",
                    "dbpedia_resource": "http://dbpedia.org/resource/Tom\u00e1\u0161_Pet\u0159\u00ed\u010dek"
                }
            },
            {
                "count": 2,
                "sentiment": {
                    "score": 0.644085,
                    "label": "positive"
                },
                "text": "Vit Rakusan",
                "relevance": 0.30598,
                "type": "Person"
            },
            {
                "count": 1,
                "sentiment": {
                    "score": 0.497908,
                    "label": "positive"
                },
                "text": "Michal Koudelka",
                "relevance": 0.305813,
                "type": "Person"
            },
            {
                "count": 1,
                "sentiment": {
                    "score": -0.831526,
                    "label": "negative"
                },
                "text": "Czechia",
                "relevance": 0.3029,
                "type": "Location",
                "disambiguation": {
                    "subtype": [
                        "City"
                    ]
                }
            },
            {
                "count": 1,
                "sentiment": {
                    "score": 0,
                    "label": "neutral"
                },
                "text": "Martin Kupka",
                "relevance": 0.294352,
                "type": "Person"
            },
            {
                "count": 1,
                "sentiment": {
                    "score": 0,
                    "label": "neutral"
                },
                "text": "Djabarov",
                "relevance": 0.279897,
                "type": "Person"
            },
            {
                "count": 1,
                "sentiment": {
                    "score": 0,
                    "label": "neutral"
                },
                "text": "KSCM",
                "relevance": 0.257014,
                "type": "Organization"
            },
            {
                "count": 1,
                "sentiment": {
                    "score": 0.497908,
                    "label": "positive"
                },
                "text": "director",
                "relevance": 0.245351,
                "type": "JobTitle"
            }
        ],
        "semantic_roles": [
            {
                "subject": {
                    "text": "Prague, June 5 (CTK) - Czech opposition representatives"
                },
                "sentence": "Prague, June 5 (CTK) - Czech opposition representatives say the expulsion of",
                "object": {
                    "text": "the expulsion of"
                },
                "action": {
                    "verb": {
                        "text": "say",
                        "tense": "present"
                    },
                    "text": "say",
                    "normalized": "say"
                }
            },
            {
                "subject": {
                    "text": "two Russian diplomats"
                },
                "sentence": " two Russian diplomats is an appropriate reaction and believe that the embassy",
                "object": {
                    "text": "an appropriate reaction"
                },
                "action": {
                    "verb": {
                        "text": "be",
                        "tense": "present"
                    },
                    "text": "is",
                    "normalized": "be"
                }
            },
            {
                "subject": {
                    "text": "two Russian diplomats"
                },
                "sentence": " two Russian diplomats is an appropriate reaction and believe that the embassy",
                "object": {
                    "text": "that the embassy"
                },
                "action": {
                    "verb": {
                        "text": "believe",
                        "tense": "present"
                    },
                    "text": "believe",
                    "normalized": "believe"
                }
            },
            {
                "subject": {
                    "text": "staff"
                },
                "sentence": " staff should be further reduced, they told journalists today.",
                "object": {
                    "text": "further reduced"
                },
                "action": {
                    "verb": {
                        "text": "be",
                        "tense": "future"
                    },
                    "text": "be",
                    "normalized": "be"
                }
            },
            {
                "subject": {
                    "text": "they"
                },
                "sentence": " staff should be further reduced, they told journalists today.",
                "object": {
                    "text": "staff should be further reduced"
                },
                "action": {
                    "verb": {
                        "text": "tell",
                        "tense": "past"
                    },
                    "text": "told",
                    "normalized": "tell"
                }
            },
            {
                "subject": {
                    "text": "The opposition representatives"
                },
                "sentence": " The opposition representatives welcomed the work of the counter-intelligence",
                "object": {
                    "text": "the work of the counter-intelligence"
                },
                "action": {
                    "verb": {
                        "text": "welcome",
                        "tense": "past"
                    },
                    "text": "welcomed",
                    "normalized": "welcome"
                }
            },
            {
                "subject": {
                    "text": "Djabarov"
                },
                "sentence": " Djabarov said Russia will react to the Czech decision soon.",
                "object": {
                    "text": "Russia will react to the Czech decision soon"
                },
                "action": {
                    "verb": {
                        "text": "say",
                        "tense": "past"
                    },
                    "text": "said",
                    "normalized": "say"
                }
            },
            {
                "subject": {
                    "text": "The case"
                },
                "sentence": " The case was made up within a dispute between the Russian embassy employees,",
                "action": {
                    "verb": {
                        "text": "make",
                        "tense": "past"
                    },
                    "text": "was made",
                    "normalized": "be make"
                }
            },
            {
                "subject": {
                    "text": "one"
                },
                "sentence": " one of whom sent false information to Czech secret services, PM Babis (ANO)",
                "object": {
                    "text": "false information"
                },
                "action": {
                    "verb": {
                        "text": "send",
                        "tense": "past"
                    },
                    "text": "sent",
                    "normalized": "send"
                }
            },
            {
                "subject": {
                    "text": "Christian Democrats (KDU-CSL) deputy group chairman Jan Bartosek"
                },
                "sentence": " Christian Democrats (KDU-CSL) deputy group chairman Jan Bartosek said Russians",
                "object": {
                    "text": "Russians"
                },
                "action": {
                    "verb": {
                        "text": "say",
                        "tense": "past"
                    },
                    "text": "said",
                    "normalized": "say"
                }
            },
            {
                "subject": {
                    "text": "BIS director Michal Koudelka"
                },
                "sentence": " adding that he would be glad if BIS director Michal Koudelka joined the",
                "object": {
                    "text": "the"
                },
                "action": {
                    "verb": {
                        "text": "join",
                        "tense": "past"
                    },
                    "text": "joined",
                    "normalized": "join"
                }
            },
            {
                "subject": {
                    "text": "the deputies"
                },
                "sentence": " Chamber of Deputies security committee meeting and briefed the deputies on the",
                "object": {
                    "text": "on the"
                },
                "action": {
                    "verb": {
                        "text": "brief",
                        "tense": "past"
                    },
                    "text": "briefed",
                    "normalized": "brief"
                }
            },
            {
                "subject": {
                    "text": "Communists (KSCM) chairman Vojtech Filip"
                },
                "sentence": " Communists (KSCM) chairman Vojtech Filip said he does not have access to any",
                "object": {
                    "text": "he does not have access to any"
                },
                "action": {
                    "verb": {
                        "text": "say",
                        "tense": "past"
                    },
                    "text": "said",
                    "normalized": "say"
                }
            },
            {
                "subject": {
                    "text": "he"
                },
                "sentence": " Communists (KSCM) chairman Vojtech Filip said he does not have access to any",
                "object": {
                    "text": "access to any"
                },
                "action": {
                    "verb": {
                        "text": "have",
                        "tense": "present",
                        "negated": true
                    },
                    "text": "have",
                    "normalized": "have"
                }
            },
            {
                "subject": {
                    "text": "documents"
                },
                "sentence": " documents detailing the incident and that he cannot confirm or deny if the",
                "object": {
                    "text": "the incident"
                },
                "action": {
                    "verb": {
                        "text": "detail",
                        "tense": "present"
                    },
                    "text": "detailing",
                    "normalized": "detail"
                }
            },
            {
                "subject": {
                    "text": "whole case"
                },
                "sentence": " whole case was a game played by foreign powers.",
                "object": {
                    "text": "a game played by foreign powers"
                },
                "action": {
                    "verb": {
                        "text": "be",
                        "tense": "past"
                    },
                    "text": "was",
                    "normalized": "be"
                }
            },
            {
                "subject": {
                    "text": "by foreign powers"
                },
                "sentence": " whole case was a game played by foreign powers.",
                "object": {
                    "text": "a game"
                },
                "action": {
                    "verb": {
                        "text": "play",
                        "tense": "past"
                    },
                    "text": "played",
                    "normalized": "play"
                }
            },
            {
                "subject": {
                    "text": "Civic Democrats (ODS) deputy chairman Martin Kupka"
                },
                "sentence": " Civic Democrats (ODS) deputy chairman Martin Kupka said the incident confirms",
                "object": {
                    "text": "the incident confirms"
                },
                "action": {
                    "verb": {
                        "text": "say",
                        "tense": "past"
                    },
                    "text": "said",
                    "normalized": "say"
                }
            },
            {
                "subject": {
                    "text": "the Russian embassy"
                },
                "sentence": " the suspicion that the Russian embassy is a security risk for the Czech",
                "object": {
                    "text": "a security risk for the Czech"
                },
                "action": {
                    "verb": {
                        "text": "be",
                        "tense": "present"
                    },
                    "text": "is",
                    "normalized": "be"
                }
            },
            {
                "subject": {
                    "text": "Pirates"
                },
                "sentence": " Pirates deputy Jan Lipavsky said he agrees that the Czech reaction was",
                "object": {
                    "text": "Jan Lipavsky"
                },
                "action": {
                    "verb": {
                        "text": "deputy",
                        "tense": "present"
                    },
                    "text": "deputy",
                    "normalized": "deputy"
                }
            },
            {
                "subject": {
                    "text": "Pirates deputy Jan Lipavsky"
                },
                "sentence": " Pirates deputy Jan Lipavsky said he agrees that the Czech reaction was",
                "object": {
                    "text": "he agrees that the Czech reaction was"
                },
                "action": {
                    "verb": {
                        "text": "say",
                        "tense": "past"
                    },
                    "text": "said",
                    "normalized": "say"
                }
            },
            {
                "subject": {
                    "text": "the Czech-Russian relations"
                },
                "sentence": " adequate and strong, adding that the Czech-Russian relations are now in crisis",
                "action": {
                    "verb": {
                        "text": "be",
                        "tense": "present"
                    },
                    "text": "are",
                    "normalized": "be"
                }
            },
            {
                "subject": {
                    "text": "the mutual communication between the countries"
                },
                "sentence": " and that the mutual communication between the countries is not good enough.",
                "object": {
                    "text": "not good enough"
                },
                "action": {
                    "verb": {
                        "text": "be",
                        "tense": "present"
                    },
                    "text": "is",
                    "normalized": "be"
                }
            },
            {
                "subject": {
                    "text": "Mayors and Independents (STAN) chairman Vit Rakusan"
                },
                "sentence": " Mayors and Independents (STAN) chairman Vit Rakusan said he is glad that Czech",
                "object": {
                    "text": "he is glad that Czech"
                },
                "action": {
                    "verb": {
                        "text": "say",
                        "tense": "past"
                    },
                    "text": "said",
                    "normalized": "say"
                }
            },
            {
                "subject": {
                    "text": "diplomacy"
                },
                "sentence": " diplomacy is not afraid to take such decisive steps.",
                "object": {
                    "text": "such decisive steps"
                },
                "action": {
                    "verb": {
                        "text": "take",
                        "tense": "future"
                    },
                    "text": "to take",
                    "normalized": "to take"
                }
            },
            {
                "subject": {
                    "text": "TOP 09 chairwoman Marketa Pekarova Adamova"
                },
                "sentence": " TOP 09 chairwoman Marketa Pekarova Adamova said she agrees with the decision",
                "object": {
                    "text": "she agrees with the decision"
                },
                "action": {
                    "verb": {
                        "text": "say",
                        "tense": "past"
                    },
                    "text": "said",
                    "normalized": "say"
                }
            },
            {
                "subject": {
                    "text": "she"
                },
                "sentence": " and that she hopes that it was just the first step, adding that she hopes that",
                "object": {
                    "text": "that it was just the first step"
                },
                "action": {
                    "verb": {
                        "text": "hope",
                        "tense": "present"
                    },
                    "text": "hopes",
                    "normalized": "hope"
                }
            },
            {
                "subject": {
                    "text": "it"
                },
                "sentence": " and that she hopes that it was just the first step, adding that she hopes that",
                "action": {
                    "verb": {
                        "text": "be",
                        "tense": "past"
                    },
                    "text": "was",
                    "normalized": "be"
                }
            },
            {
                "subject": {
                    "text": "she"
                },
                "sentence": " and that she hopes that it was just the first step, adding that she hopes that",
                "object": {
                    "text": "that she hopes that"
                },
                "action": {
                    "verb": {
                        "text": "add",
                        "tense": "present"
                    },
                    "text": "adding",
                    "normalized": "add"
                }
            },
            {
                "subject": {
                    "text": "the number of employees at the Russian embassy"
                },
                "sentence": " the number of employees at the Russian embassy will be reduced as soon as",
                "action": {
                    "verb": {
                        "text": "reduce",
                        "tense": "future"
                    },
                    "text": "will be reduced",
                    "normalized": "will be reduce"
                }
            }
        ],
        "categories": [
            {
                "score": 0.967832,
                "label": "/law, govt and politics/government/embassies and consulates"
            },
            {
                "score": 0.877422,
                "label": "/society/unrest and war"
            },
            {
                "score": 0.846984,
                "label": "/law, govt and politics/politics"
            }
        ],
        "relations": [
            {
                "type": "partOf",
                "sentence": "Prague, June 5 (CTK) - Czech opposition representatives say the expulsion of two Russian diplomats is an appropriate reaction and believe that the embassy staff should be further reduced, they told journalists today.",
                "score": 0.841408,
                "arguments": [
                    {
                        "text": "opposition",
                        "location": [
                            29,
                            39
                        ],
                        "entities": [
                            {
                                "type": "Organization",
                                "text": "opposition",
                                "disambiguation": {
                                    "subtype": [
                                        "Political"
                                    ]
                                }
                            }
                        ]
                    },
                    {
                        "text": "Czech",
                        "location": [
                            23,
                            28
                        ],
                        "entities": [
                            {
                                "type": "GeopoliticalEntity",
                                "text": "Czech"
                            }
                        ]
                    }
                ]
            },
            {
                "type": "agentOf",
                "sentence": "According to the Ria Novosti Russian news agency, Russian Deputy Vladimir Djabarov said Russia will react to the Czech decision soon.",
                "score": 0.991357,
                "arguments": [
                    {
                        "text": "Vladimir\nDjabarov",
                        "location": [
                            376,
                            393
                        ],
                        "entities": [
                            {
                                "type": "Person",
                                "text": "Vladimir\nDjabarov"
                            }
                        ]
                    },
                    {
                        "text": "said",
                        "location": [
                            394,
                            398
                        ],
                        "entities": [
                            {
                                "type": "EventCommunication",
                                "text": "adding"
                            }
                        ]
                    }
                ]
            },
            {
                "type": "employedBy",
                "sentence": "The case was made up within a dispute between the Russian embassy employees, one of whom sent false information to Czech secret services, PM Babis (ANO) and Foreign Minister Tomas Petricek (Social Democrats, CSSD) told journalists today.",
                "score": 0.840298,
                "arguments": [
                    {
                        "text": "embassy",
                        "location": [
                            504,
                            511
                        ],
                        "entities": [
                            {
                                "type": "Person",
                                "text": "embassy\nstaff"
                            }
                        ]
                    },
                    {
                        "text": "Russian",
                        "location": [
                            496,
                            503
                        ],
                        "entities": [
                            {
                                "type": "GeopoliticalEntity",
                                "text": "Ria Novosti Russian"
                            }
                        ]
                    }
                ]
            },
            {
                "type": "employedBy",
                "sentence": "The case was made up within a dispute between the Russian embassy employees, one of whom sent false information to Czech secret services, PM Babis (ANO) and Foreign Minister Tomas Petricek (Social Democrats, CSSD) told journalists today.",
                "score": 0.572261,
                "arguments": [
                    {
                        "text": "employees",
                        "location": [
                            512,
                            521
                        ],
                        "entities": [
                            {
                                "type": "Person",
                                "text": "employees"
                            }
                        ]
                    },
                    {
                        "text": "Russian",
                        "location": [
                            496,
                            503
                        ],
                        "entities": [
                            {
                                "type": "GeopoliticalEntity",
                                "text": "Ria Novosti Russian"
                            }
                        ]
                    }
                ]
            },
            {
                "type": "employedBy",
                "sentence": "The case was made up within a dispute between the Russian embassy employees, one of whom sent false information to Czech secret services, PM Babis (ANO) and Foreign Minister Tomas Petricek (Social Democrats, CSSD) told journalists today.",
                "score": 0.214807,
                "arguments": [
                    {
                        "text": "employees",
                        "location": [
                            512,
                            521
                        ],
                        "entities": [
                            {
                                "type": "Person",
                                "text": "employees"
                            }
                        ]
                    },
                    {
                        "text": "embassy",
                        "location": [
                            504,
                            511
                        ],
                        "entities": [
                            {
                                "type": "Person",
                                "text": "embassy\nstaff"
                            }
                        ]
                    }
                ]
            },
            {
                "type": "memberOf",
                "sentence": "The case was made up within a dispute between the Russian embassy employees, one of whom sent false information to Czech secret services, PM Babis (ANO) and Foreign Minister Tomas Petricek (Social Democrats, CSSD) told journalists today.",
                "score": 0.428736,
                "arguments": [
                    {
                        "text": "Tomas Petricek",
                        "location": [
                            620,
                            634
                        ],
                        "entities": [
                            {
                                "type": "Person",
                                "text": "Tomas Petricek"
                            }
                        ]
                    },
                    {
                        "text": "Social Democrats",
                        "location": [
                            636,
                            652
                        ],
                        "entities": [
                            {
                                "type": "Organization",
                                "text": "Social Democrats"
                            }
                        ]
                    }
                ]
            },
            {
                "type": "employedBy",
                "sentence": "The case was made up within a dispute between the Russian embassy employees, one of whom sent false information to Czech secret services, PM Babis (ANO) and Foreign Minister Tomas Petricek (Social Democrats, CSSD) told journalists today.",
                "score": 0.411613,
                "arguments": [
                    {
                        "text": "Tomas Petricek",
                        "location": [
                            620,
                            634
                        ],
                        "entities": [
                            {
                                "type": "Person",
                                "text": "Tomas Petricek"
                            }
                        ]
                    },
                    {
                        "text": "CSSD",
                        "location": [
                            654,
                            658
                        ],
                        "entities": [
                            {
                                "type": "Organization",
                                "text": "Ria Novosti Russian"
                            }
                        ]
                    }
                ]
            },
            {
                "type": "agentOf",
                "sentence": "The case was made up within a dispute between the Russian embassy employees, one of whom sent false information to Czech secret services, PM Babis (ANO) and Foreign Minister Tomas Petricek (Social Democrats, CSSD) told journalists today.",
                "score": 0.610709,
                "arguments": [
                    {
                        "text": "Tomas Petricek",
                        "location": [
                            620,
                            634
                        ],
                        "entities": [
                            {
                                "type": "Person",
                                "text": "Tomas Petricek"
                            }
                        ]
                    },
                    {
                        "text": "told",
                        "location": [
                            660,
                            664
                        ],
                        "entities": [
                            {
                                "type": "EventCommunication",
                                "text": "adding"
                            }
                        ]
                    }
                ]
            },
            {
                "type": "timeOf",
                "sentence": "The case was made up within a dispute between the Russian embassy employees, one of whom sent false information to Czech secret services, PM Babis (ANO) and Foreign Minister Tomas Petricek (Social Democrats, CSSD) told journalists today.",
                "score": 0.951365,
                "arguments": [
                    {
                        "text": "today",
                        "location": [
                            677,
                            682
                        ],
                        "entities": [
                            {
                                "type": "Date",
                                "text": "today"
                            }
                        ]
                    },
                    {
                        "text": "told",
                        "location": [
                            660,
                            664
                        ],
                        "entities": [
                            {
                                "type": "EventCommunication",
                                "text": "adding"
                            }
                        ]
                    }
                ]
            },
            {
                "type": "partOfMany",
                "sentence": "Christian Democrats (KDU-CSL) deputy group chairman Jan Bartosek said Russians should resolve their disputes at home and not at their embassy in Czechia, adding that he would be glad if BIS director Michal Koudelka joined the Chamber of Deputies security committee meeting and briefed the deputies on the reasons for the expulsion.",
                "score": 0.682085,
                "arguments": [
                    {
                        "text": "Democrats",
                        "location": [
                            695,
                            704
                        ],
                        "entities": [
                            {
                                "type": "Person",
                                "text": "Democrats"
                            }
                        ]
                    },
                    {
                        "text": "Christian",
                        "location": [
                            685,
                            694
                        ],
                        "entities": [
                            {
                                "type": "Person",
                                "text": "Christian"
                            }
                        ]
                    }
                ]
            },
            {
                "type": "agentOf",
                "sentence": "Christian Democrats (KDU-CSL) deputy group chairman Jan Bartosek said Russians should resolve their disputes at home and not at their embassy in Czechia, adding that he would be glad if BIS director Michal Koudelka joined the Chamber of Deputies security committee meeting and briefed the deputies on the reasons for the expulsion.",
                "score": 0.950637,
                "arguments": [
                    {
                        "text": "Jan Bartosek",
                        "location": [
                            737,
                            749
                        ],
                        "entities": [
                            {
                                "type": "Person",
                                "text": "Jan Bartosek"
                            }
                        ]
                    },
                    {
                        "text": "said",
                        "location": [
                            750,
                            754
                        ],
                        "entities": [
                            {
                                "type": "EventCommunication",
                                "text": "adding"
                            }
                        ]
                    }
                ]
            },
            {
                "type": "memberOf",
                "sentence": "Prague, June 5 (CTK) - Czech opposition representatives say the expulsion of two Russian diplomats is an appropriate reaction and believe that the embassy staff should be further reduced, they told journalists today.",
                "score": 0.420905,
                "arguments": [
                    {
                        "text": "representatives",
                        "location": [
                            40,
                            55
                        ],
                        "entities": [
                            {
                                "type": "Person",
                                "text": "representatives"
                            }
                        ]
                    },
                    {
                        "text": "opposition",
                        "location": [
                            29,
                            39
                        ],
                        "entities": [
                            {
                                "type": "Organization",
                                "text": "opposition",
                                "disambiguation": {
                                    "subtype": [
                                        "Political"
                                    ]
                                }
                            }
                        ]
                    }
                ]
            },
            {
                "type": "memberOf",
                "sentence": "The opposition representatives welcomed the work of the counter-intelligence service (BIS).",
                "score": 0.47603,
                "arguments": [
                    {
                        "text": "representatives",
                        "location": [
                            233,
                            248
                        ],
                        "entities": [
                            {
                                "type": "Person",
                                "text": "representatives"
                            }
                        ]
                    },
                    {
                        "text": "opposition",
                        "location": [
                            222,
                            232
                        ],
                        "entities": [
                            {
                                "type": "Organization",
                                "text": "opposition",
                                "disambiguation": {
                                    "subtype": [
                                        "Political"
                                    ]
                                }
                            }
                        ]
                    }
                ]
            },
            {
                "type": "locatedAt",
                "sentence": "Christian Democrats (KDU-CSL) deputy group chairman Jan Bartosek said Russians should resolve their disputes at home and not at their embassy in Czechia, adding that he would be glad if BIS director Michal Koudelka joined the Chamber of Deputies security committee meeting and briefed the deputies on the reasons for the expulsion.",
                "score": 0.462065,
                "arguments": [
                    {
                        "text": "their",
                        "location": [
                            779,
                            784
                        ],
                        "entities": [
                            {
                                "type": "Person",
                                "text": "Christian"
                            }
                        ]
                    },
                    {
                        "text": "home",
                        "location": [
                            797,
                            801
                        ],
                        "entities": [
                            {
                                "type": "Facility",
                                "text": "home"
                            }
                        ]
                    }
                ]
            },
            {
                "type": "ownerOf",
                "sentence": "Christian Democrats (KDU-CSL) deputy group chairman Jan Bartosek said Russians should resolve their disputes at home and not at their embassy in Czechia, adding that he would be glad if BIS director Michal Koudelka joined the Chamber of Deputies security committee meeting and briefed the deputies on the reasons for the expulsion.",
                "score": 0.320505,
                "arguments": [
                    {
                        "text": "their",
                        "location": [
                            813,
                            818
                        ],
                        "entities": [
                            {
                                "type": "Person",
                                "text": "Christian"
                            }
                        ]
                    },
                    {
                        "text": "embassy",
                        "location": [
                            819,
                            826
                        ],
                        "entities": [
                            {
                                "type": "Facility",
                                "text": "embassy"
                            }
                        ]
                    }
                ]
            },
            {
                "type": "locatedAt",
                "sentence": "Christian Democrats (KDU-CSL) deputy group chairman Jan Bartosek said Russians should resolve their disputes at home and not at their embassy in Czechia, adding that he would be glad if BIS director Michal Koudelka joined the Chamber of Deputies security committee meeting and briefed the deputies on the reasons for the expulsion.",
                "score": 0.962679,
                "arguments": [
                    {
                        "text": "embassy",
                        "location": [
                            819,
                            826
                        ],
                        "entities": [
                            {
                                "type": "Facility",
                                "text": "embassy"
                            }
                        ]
                    },
                    {
                        "text": "Czechia",
                        "location": [
                            830,
                            837
                        ],
                        "entities": [
                            {
                                "type": "GeopoliticalEntity",
                                "text": "Czechia"
                            }
                        ]
                    }
                ]
            },
            {
                "type": "participantIn",
                "sentence": "Christian Democrats (KDU-CSL) deputy group chairman Jan Bartosek said Russians should resolve their disputes at home and not at their embassy in Czechia, adding that he would be glad if BIS director Michal Koudelka joined the Chamber of Deputies security committee meeting and briefed the deputies on the reasons for the expulsion.",
                "score": 0.551495,
                "arguments": [
                    {
                        "text": "Michal Koudelka",
                        "location": [
                            884,
                            899
                        ],
                        "entities": [
                            {
                                "type": "Person",
                                "text": "Michal Koudelka"
                            }
                        ]
                    },
                    {
                        "text": "briefed",
                        "location": [
                            962,
                            969
                        ],
                        "entities": [
                            {
                                "type": "EventMeeting",
                                "text": "briefed"
                            }
                        ]
                    }
                ]
            },
            {
                "type": "agentOf",
                "sentence": "Christian Democrats (KDU-CSL) deputy group chairman Jan Bartosek said Russians should resolve their disputes at home and not at their embassy in Czechia, adding that he would be glad if BIS director Michal Koudelka joined the Chamber of Deputies security committee meeting and briefed the deputies on the reasons for the expulsion.",
                "score": 0.586428,
                "arguments": [
                    {
                        "text": "Chamber of Deputies security committee",
                        "location": [
                            911,
                            949
                        ],
                        "entities": [
                            {
                                "type": "Organization",
                                "text": "Chamber of Deputies security committee",
                                "disambiguation": {
                                    "subtype": [
                                        "Government"
                                    ]
                                }
                            }
                        ]
                    },
                    {
                        "text": "meeting",
                        "location": [
                            950,
                            957
                        ],
                        "entities": [
                            {
                                "type": "EventMeeting",
                                "text": "meeting"
                            }
                        ]
                    }
                ]
            },
            {
                "type": "partOf",
                "sentence": "Christian Democrats (KDU-CSL) deputy group chairman Jan Bartosek said Russians should resolve their disputes at home and not at their embassy in Czechia, adding that he would be glad if BIS director Michal Koudelka joined the Chamber of Deputies security committee meeting and briefed the deputies on the reasons for the expulsion.",
                "score": 0.506833,
                "arguments": [
                    {
                        "text": "briefed",
                        "location": [
                            962,
                            969
                        ],
                        "entities": [
                            {
                                "type": "EventMeeting",
                                "text": "briefed"
                            }
                        ]
                    },
                    {
                        "text": "meeting",
                        "location": [
                            950,
                            957
                        ],
                        "entities": [
                            {
                                "type": "EventMeeting",
                                "text": "meeting"
                            }
                        ]
                    }
                ]
            },
            {
                "type": "participantIn",
                "sentence": "Christian Democrats (KDU-CSL) deputy group chairman Jan Bartosek said Russians should resolve their disputes at home and not at their embassy in Czechia, adding that he would be glad if BIS director Michal Koudelka joined the Chamber of Deputies security committee meeting and briefed the deputies on the reasons for the expulsion.",
                "score": 0.92394,
                "arguments": [
                    {
                        "text": "deputies",
                        "location": [
                            974,
                            982
                        ],
                        "entities": [
                            {
                                "type": "Person",
                                "text": "representatives"
                            }
                        ]
                    },
                    {
                        "text": "briefed",
                        "location": [
                            962,
                            969
                        ],
                        "entities": [
                            {
                                "type": "EventMeeting",
                                "text": "briefed"
                            }
                        ]
                    }
                ]
            },
            {
                "type": "agentOf",
                "sentence": "Communists (KSCM) chairman Vojtech Filip said he does not have access to any documents detailing the incident and that he cannot confirm or deny if the whole case was a game played by foreign powers.",
                "score": 0.996077,
                "arguments": [
                    {
                        "text": "Vojtech Filip",
                        "location": [
                            1045,
                            1058
                        ],
                        "entities": [
                            {
                                "type": "Person",
                                "text": "Vojtech Filip"
                            }
                        ]
                    },
                    {
                        "text": "said",
                        "location": [
                            1059,
                            1063
                        ],
                        "entities": [
                            {
                                "type": "EventCommunication",
                                "text": "adding"
                            }
                        ]
                    }
                ]
            },
            {
                "type": "partOfMany",
                "sentence": "Civic Democrats (ODS) deputy chairman Martin Kupka said the incident confirms the suspicion that the Russian embassy is a security risk for the Czech Republic.",
                "score": 0.313284,
                "arguments": [
                    {
                        "text": "deputy chairman",
                        "location": [
                            1241,
                            1256
                        ],
                        "entities": [
                            {
                                "type": "Person",
                                "text": "Martin Kupka"
                            }
                        ]
                    },
                    {
                        "text": "Democrats",
                        "location": [
                            1225,
                            1234
                        ],
                        "entities": [
                            {
                                "type": "Person",
                                "text": "Democrats"
                            }
                        ]
                    }
                ]
            },
            {
                "type": "agentOf",
                "sentence": "Civic Democrats (ODS) deputy chairman Martin Kupka said the incident confirms the suspicion that the Russian embassy is a security risk for the Czech Republic.",
                "score": 0.997513,
                "arguments": [
                    {
                        "text": "Martin Kupka",
                        "location": [
                            1257,
                            1269
                        ],
                        "entities": [
                            {
                                "type": "Person",
                                "text": "Martin Kupka"
                            }
                        ]
                    },
                    {
                        "text": "said",
                        "location": [
                            1270,
                            1274
                        ],
                        "entities": [
                            {
                                "type": "EventCommunication",
                                "text": "adding"
                            }
                        ]
                    }
                ]
            },
            {
                "type": "agentOf",
                "sentence": "Prague, June 5 (CTK) - Czech opposition representatives say the expulsion of two Russian diplomats is an appropriate reaction and believe that the embassy staff should be further reduced, they told journalists today.",
                "score": 0.924528,
                "arguments": [
                    {
                        "text": "representatives",
                        "location": [
                            40,
                            55
                        ],
                        "entities": [
                            {
                                "type": "Person",
                                "text": "representatives"
                            }
                        ]
                    },
                    {
                        "text": "say",
                        "location": [
                            56,
                            59
                        ],
                        "entities": [
                            {
                                "type": "EventCommunication",
                                "text": "say"
                            }
                        ]
                    }
                ]
            },
            {
                "type": "ownerOf",
                "sentence": "Civic Democrats (ODS) deputy chairman Martin Kupka said the incident confirms the suspicion that the Russian embassy is a security risk for the Czech Republic.",
                "score": 0.466286,
                "arguments": [
                    {
                        "text": "Russian",
                        "location": [
                            1320,
                            1327
                        ],
                        "entities": [
                            {
                                "type": "GeopoliticalEntity",
                                "text": "Ria Novosti Russian"
                            }
                        ]
                    },
                    {
                        "text": "embassy",
                        "location": [
                            1328,
                            1335
                        ],
                        "entities": [
                            {
                                "type": "Facility",
                                "text": "embassy"
                            }
                        ]
                    }
                ]
            },
            {
                "type": "partOfMany",
                "sentence": "Pirates deputy Jan Lipavsky said he agrees that the Czech reaction was adequate and strong, adding that the Czech-Russian relations are now in crisis and that the mutual communication between the countries is not good enough.",
                "score": 0.342592,
                "arguments": [
                    {
                        "text": "deputy",
                        "location": [
                            1388,
                            1394
                        ],
                        "entities": [
                            {
                                "type": "Person",
                                "text": "Jan Lipavsky"
                            }
                        ]
                    },
                    {
                        "text": "Pirates",
                        "location": [
                            1380,
                            1387
                        ],
                        "entities": [
                            {
                                "type": "Person",
                                "text": "Pirates"
                            }
                        ]
                    }
                ]
            },
            {
                "type": "agentOf",
                "sentence": "Pirates deputy Jan Lipavsky said he agrees that the Czech reaction was adequate and strong, adding that the Czech-Russian relations are now in crisis and that the mutual communication between the countries is not good enough.",
                "score": 0.95116,
                "arguments": [
                    {
                        "text": "Jan Lipavsky",
                        "location": [
                            1395,
                            1407
                        ],
                        "entities": [
                            {
                                "type": "Person",
                                "text": "Jan Lipavsky"
                            }
                        ]
                    },
                    {
                        "text": "said",
                        "location": [
                            1408,
                            1412
                        ],
                        "entities": [
                            {
                                "type": "EventCommunication",
                                "text": "adding"
                            }
                        ]
                    }
                ]
            },
            {
                "type": "agentOf",
                "sentence": "Pirates deputy Jan Lipavsky said he agrees that the Czech reaction was adequate and strong, adding that the Czech-Russian relations are now in crisis and that the mutual communication between the countries is not good enough.",
                "score": 0.986159,
                "arguments": [
                    {
                        "text": "he",
                        "location": [
                            1413,
                            1415
                        ],
                        "entities": [
                            {
                                "type": "Person",
                                "text": "Jan Lipavsky"
                            }
                        ]
                    },
                    {
                        "text": "agrees",
                        "location": [
                            1416,
                            1422
                        ],
                        "entities": [
                            {
                                "type": "EventCommunication",
                                "text": "agrees"
                            }
                        ]
                    }
                ]
            },
            {
                "type": "agentOf",
                "sentence": "Mayors and Independents (STAN) chairman Vit Rakusan said he is glad that Czech diplomacy is not afraid to take such decisive steps.",
                "score": 0.996843,
                "arguments": [
                    {
                        "text": "Vit Rakusan",
                        "location": [
                            1647,
                            1658
                        ],
                        "entities": [
                            {
                                "type": "Person",
                                "text": "Vit Rakusan"
                            }
                        ]
                    },
                    {
                        "text": "said",
                        "location": [
                            1659,
                            1663
                        ],
                        "entities": [
                            {
                                "type": "EventCommunication",
                                "text": "adding"
                            }
                        ]
                    }
                ]
            },
            {
                "type": "agentOf",
                "sentence": "TOP 09 chairwoman Marketa Pekarova Adamova said she agrees with the decision and that she hopes that it was just the first step, adding that she hopes that the number of employees at the Russian embassy will be reduced as soon as possible.",
                "score": 0.965436,
                "arguments": [
                    {
                        "text": "Marketa Pekarova Adamova",
                        "location": [
                            1758,
                            1782
                        ],
                        "entities": [
                            {
                                "type": "Person",
                                "text": "Marketa Pekarova Adamova"
                            }
                        ]
                    },
                    {
                        "text": "said",
                        "location": [
                            1783,
                            1787
                        ],
                        "entities": [
                            {
                                "type": "EventCommunication",
                                "text": "adding"
                            }
                        ]
                    }
                ]
            },
            {
                "type": "agentOf",
                "sentence": "TOP 09 chairwoman Marketa Pekarova Adamova said she agrees with the decision and that she hopes that it was just the first step, adding that she hopes that the number of employees at the Russian embassy will be reduced as soon as possible.",
                "score": 0.996001,
                "arguments": [
                    {
                        "text": "she",
                        "location": [
                            1788,
                            1791
                        ],
                        "entities": [
                            {
                                "type": "Person",
                                "text": "Marketa Pekarova Adamova"
                            }
                        ]
                    },
                    {
                        "text": "agrees",
                        "location": [
                            1792,
                            1798
                        ],
                        "entities": [
                            {
                                "type": "EventCommunication",
                                "text": "agrees"
                            }
                        ]
                    }
                ]
            },
            {
                "type": "residesIn",
                "sentence": "Prague, June 5 (CTK) - Czech opposition representatives say the expulsion of two Russian diplomats is an appropriate reaction and believe that the embassy staff should be further reduced, they told journalists today.",
                "score": 0.724384,
                "arguments": [
                    {
                        "text": "diplomats",
                        "location": [
                            89,
                            98
                        ],
                        "entities": [
                            {
                                "type": "Person",
                                "text": "diplomats"
                            }
                        ]
                    },
                    {
                        "text": "Russian",
                        "location": [
                            81,
                            88
                        ],
                        "entities": [
                            {
                                "type": "GeopoliticalEntity",
                                "text": "Russian",
                                "disambiguation": {
                                    "subtype": [
                                        "Country"
                                    ]
                                }
                            }
                        ]
                    }
                ]
            },
            {
                "type": "agentOf",
                "sentence": "Prague, June 5 (CTK) - Czech opposition representatives say the expulsion of two Russian diplomats is an appropriate reaction and believe that the embassy staff should be further reduced, they told journalists today.",
                "score": 0.988023,
                "arguments": [
                    {
                        "text": "they",
                        "location": [
                            188,
                            192
                        ],
                        "entities": [
                            {
                                "type": "Person",
                                "text": "embassy\nstaff"
                            }
                        ]
                    },
                    {
                        "text": "told",
                        "location": [
                            193,
                            197
                        ],
                        "entities": [
                            {
                                "type": "EventCommunication",
                                "text": "adding"
                            }
                        ]
                    }
                ]
            },
            {
                "type": "affectedBy",
                "sentence": "Prague, June 5 (CTK) - Czech opposition representatives say the expulsion of two Russian diplomats is an appropriate reaction and believe that the embassy staff should be further reduced, they told journalists today.",
                "score": 0.975011,
                "arguments": [
                    {
                        "text": "journalists",
                        "location": [
                            198,
                            209
                        ],
                        "entities": [
                            {
                                "type": "Person",
                                "text": "journalists"
                            }
                        ]
                    },
                    {
                        "text": "told",
                        "location": [
                            193,
                            197
                        ],
                        "entities": [
                            {
                                "type": "EventCommunication",
                                "text": "adding"
                            }
                        ]
                    }
                ]
            },
            {
                "type": "affectedBy",
                "sentence": "The case was made up within a dispute between the Russian embassy employees, one of whom sent false information to Czech secret services, PM Babis (ANO) and Foreign Minister Tomas Petricek (Social Democrats, CSSD) told journalists today.",
                "score": 0.982017,
                "arguments": [
                    {
                        "text": "journalists",
                        "location": [
                            665,
                            676
                        ],
                        "entities": [
                            {
                                "type": "Person",
                                "text": "journalists"
                            }
                        ]
                    },
                    {
                        "text": "told",
                        "location": [
                            660,
                            664
                        ],
                        "entities": [
                            {
                                "type": "EventCommunication",
                                "text": "adding"
                            }
                        ]
                    }
                ]
            },
            {
                "type": "timeOf",
                "sentence": "Prague, June 5 (CTK) - Czech opposition representatives say the expulsion of two Russian diplomats is an appropriate reaction and believe that the embassy staff should be further reduced, they told journalists today.",
                "score": 0.900696,
                "arguments": [
                    {
                        "text": "today",
                        "location": [
                            210,
                            215
                        ],
                        "entities": [
                            {
                                "type": "Date",
                                "text": "today"
                            }
                        ]
                    },
                    {
                        "text": "told",
                        "location": [
                            193,
                            197
                        ],
                        "entities": [
                            {
                                "type": "EventCommunication",
                                "text": "adding"
                            }
                        ]
                    }
                ]
            },
            {
                "type": "agentOf",
                "sentence": "The opposition representatives welcomed the work of the counter-intelligence service (BIS).",
                "score": 0.963636,
                "arguments": [
                    {
                        "text": "representatives",
                        "location": [
                            233,
                            248
                        ],
                        "entities": [
                            {
                                "type": "Person",
                                "text": "representatives"
                            }
                        ]
                    },
                    {
                        "text": "welcomed",
                        "location": [
                            249,
                            257
                        ],
                        "entities": [
                            {
                                "type": "EventCommunication",
                                "text": "welcomed"
                            }
                        ]
                    }
                ]
            },
            {
                "type": "employedBy",
                "sentence": "According to the Ria Novosti Russian news agency, Russian Deputy Vladimir Djabarov said Russia will react to the Czech decision soon.",
                "score": 0.555514,
                "arguments": [
                    {
                        "text": "Deputy",
                        "location": [
                            369,
                            375
                        ],
                        "entities": [
                            {
                                "type": "Person",
                                "text": "Vladimir\nDjabarov"
                            }
                        ]
                    },
                    {
                        "text": "Russian",
                        "location": [
                            361,
                            368
                        ],
                        "entities": [
                            {
                                "type": "GeopoliticalEntity",
                                "text": "Ria Novosti Russian"
                            }
                        ]
                    }
                ]
            }
        ],
        "keywords": [
            {
                "text": "whole case",
                "relevance": 0.715228,
                "count": 1
            },
            {
                "text": "Foreign Minister Tomas Petricek",
                "relevance": 0.665272,
                "count": 1
            },
            {
                "text": "deputy group chairman Jan Bartosek",
                "relevance": 0.651628,
                "count": 1
            },
            {
                "text": "Social Democrats",
                "relevance": 0.644725,
                "count": 1
            },
            {
                "text": "Russian diplomats",
                "relevance": 0.628358,
                "count": 1
            },
            {
                "text": "Christian Democrats",
                "relevance": 0.611367,
                "count": 1
            },
            {
                "text": "Czech opposition representatives",
                "relevance": 0.596842,
                "count": 1
            },
            {
                "text": "foreign powers",
                "relevance": 0.588213,
                "count": 1
            },
            {
                "text": "false information",
                "relevance": 0.584632,
                "count": 1
            },
            {
                "text": "Chamber of Deputies security committee meeting",
                "relevance": 0.570864,
                "count": 1
            },
            {
                "text": "Russian news agency",
                "relevance": 0.556148,
                "count": 1
            },
            {
                "text": "mutual communication",
                "relevance": 0.545067,
                "count": 1
            },
            {
                "text": "Russian embassy",
                "relevance": 0.54011,
                "count": 2
            },
            {
                "text": "security risk",
                "relevance": 0.539497,
                "count": 1
            },
            {
                "text": "first step",
                "relevance": 0.53922,
                "count": 1
            },
            {
                "text": "Civic Democrats",
                "relevance": 0.538389,
                "count": 1
            },
            {
                "text": "Russian embassy employees",
                "relevance": 0.537559,
                "count": 1
            },
            {
                "text": "case",
                "relevance": 0.536982,
                "count": 1
            },
            {
                "text": "such decisive steps",
                "relevance": 0.5361,
                "count": 1
            },
            {
                "text": "Ria Novosti",
                "relevance": 0.535893,
                "count": 1
            },
            {
                "text": "chairwoman Marketa Pekarova Adamova",
                "relevance": 0.534532,
                "count": 1
            },
            {
                "text": "chairman Vojtech Filip",
                "relevance": 0.5307,
                "count": 1
            },
            {
                "text": "KDU-CSL",
                "relevance": 0.530383,
                "count": 1
            },
            {
                "text": "Czech secret services",
                "relevance": 0.526845,
                "count": 1
            },
            {
                "text": "Prague",
                "relevance": 0.525873,
                "count": 1
            },
            {
                "text": "Mayors",
                "relevance": 0.523672,
                "count": 1
            },
            {
                "text": "deputy chairman Martin Kupka",
                "relevance": 0.522421,
                "count": 1
            },
            {
                "text": "Pirates deputy Jan Lipavsky",
                "relevance": 0.520548,
                "count": 1
            },
            {
                "text": "Communists",
                "relevance": 0.518272,
                "count": 1
            },
            {
                "text": "game",
                "relevance": 0.515941,
                "count": 1
            },
            {
                "text": "chairman Vit Rakusan",
                "relevance": 0.515648,
                "count": 1
            },
            {
                "text": "June",
                "relevance": 0.515147,
                "count": 1
            },
            {
                "text": "Independents",
                "relevance": 0.513676,
                "count": 1
            },
            {
                "text": "documents",
                "relevance": 0.512139,
                "count": 1
            },
            {
                "text": "dispute",
                "relevance": 0.511347,
                "count": 1
            },
            {
                "text": "bas",
                "relevance": 0.510996,
                "count": 1
            },
            {
                "text": "STAN",
                "relevance": 0.510039,
                "count": 1
            },
            {
                "text": "deputies",
                "relevance": 0.509628,
                "count": 1
            },
            {
                "text": "BIS",
                "relevance": 0.509542,
                "count": 1
            },
            {
                "text": "suspicion",
                "relevance": 0.509362,
                "count": 1
            },
            {
                "text": "Russians",
                "relevance": 0.508871,
                "count": 1
            },
            {
                "text": "BIS director Michal Koudelka",
                "relevance": 0.507351,
                "count": 1
            },
            {
                "text": "Czech decision",
                "relevance": 0.507085,
                "count": 1
            },
            {
                "text": "Russia",
                "relevance": 0.506888,
                "count": 1
            },
            {
                "text": "countries",
                "relevance": 0.506491,
                "count": 1
            },
            {
                "text": "incident",
                "relevance": 0.506286,
                "count": 2
            },
            {
                "text": "work",
                "relevance": 0.506132,
                "count": 1
            },
            {
                "text": "disputes",
                "relevance": 0.505674,
                "count": 1
            },
            {
                "text": "embassy",
                "relevance": 0.505663,
                "count": 1
            },
            {
                "text": "home",
                "relevance": 0.505659,
                "count": 1
            }
        ]
    },
    "freqeuncy": "Daily",
    "extracted_metadata": {
        "sha1": "a26d0bfeaf9c329fc556e923d193b0694a807aa9",
        "filename": "202006050000PROQUESTJOURNALS_2409604636.json",
        "file_type": "json"
    },
    "companyRecord": "",
    "publicationTime": "2020-06-05T00:00:00-04:00",
    "title": "Opposition says expulsion of two Russian diplomats is appropriate",
    "html": "<p><location idsrc=\"xmltag.org\" value=\"LU/cz..prague\">Prague</location>, <chron>June 5</chron> (CTK) - Czech opposition representatives say the expulsion of two Russian diplomats is an appropriate reaction and believe that the embassy staff should be further reduced, they told journalists today.</p>\n<p>The opposition representatives welcomed the work of the counter-intelligence service (BIS).</p>\n<p>According to the Ria Novosti Russian news agency, Russian Deputy <person>Vladimir Djabarov</person> said <location idsrc=\"xmltag.org\" value=\"LC/ru\">Russia</location> will react to the Czech decision soon.</p>\n<p>The case was made up within a dispute between the Russian embassy employees, one of whom sent false information to Czech secret services, PM Babis (ANO) and Foreign Minister <person>Tomas Petricek</person> (Social Democrats, CSSD) told journalists today.</p>\n<p>Christian <org>Democrats</org> (KDU-CSL) deputy group chairman <person>Jan Bartosek</person> said Russians should resolve their disputes at home and not at their embassy in Czechia, adding that he would be glad if BIS director <person>Michal Koudelka</person> joined the Chamber of Deputies security committee meeting and briefed the deputies on the reasons for the expulsion.</p>\n<p>Communists (KSCM) chairman <person>Vojtech Filip</person> said he does not have access to any documents detailing the incident and that he cannot confirm or deny if the whole case was a game played by foreign powers.</p>\n<p>Civic <org>Democrats</org> (ODS) deputy chairman <person>Martin Kupka</person> said the incident confirms the suspicion that the Russian embassy is a security risk for the <location idsrc=\"xmltag.org\" value=\"LC/cz\">Czech Republic</location>.</p>\n<p><org>Pirates</org> deputy <person>Jan Lipavsky</person> said he agrees that the Czech reaction was adequate and strong, adding that the Czech-Russian relations are now in crisis and that the mutual communication between the countries is not good enough.</p>\n<p>Mayors and Independents (STAN) chairman <person>Vit Rakusan</person> said he is glad that Czech diplomacy is not afraid to take such decisive steps.</p>\n<p>TOP 09 chairwoman Marketa Pekarova Adamova said she agrees with the decision and that she hopes that it was just the first step, adding that she hopes that the number of employees at the Russian embassy will be reduced as soon as possible.</p>\n<p>bas/dr/pvr</p>",
    "geoFocus": [
        [
            "GC/cz",
            "Czech Republic"
        ],
        [
            "GC/sk",
            "Slovakia"
        ]
    ]
}