{
    "id": "0f91d8a7-0e52-4b5f-a431-ce5d58ddafec",
    "result_metadata": {
        "score": 1
    },
    "copyright": "\u00a9 Copyright (c) 2020 Latin Communications Group",
    "geoOrigin": "New York City, New York",
    "sourceType": "Newspaper",
    "source": "El Diario La Prensa (New York, NY)",
    "corpus_document_id": "33135345428899631335",
    "description": "Si usted tiene Medicare y desea hacerse la prueba de la enfermedad por coronavirus 2019, la Administraci\u00f3n Trump tiene buenas noticias. Medicare cubre pruebas sin costos de bolsillo. Puede hacerse la prueba en su hogar, en el consultorio de un m\u00e9dico, en una farmacia u hospital local, en un hogar de ancianos o en un sitio de auto-servicio.",
    "serviceName": "Newspapers",
    "locationCode": [],
    "sourceClass": "General News",
    "subjectCode": [
        {
            "parent": null,
            "relevance_score": "9",
            "description": "Health and Wellness",
            "code": "IS/haw#9#50#99",
            "level": 0
        },
        {
            "parent": "IS/haw.virology",
            "relevance_score": "9",
            "description": "Coronavirus Diseases",
            "code": "IS/haw.coronavi#9#82#99",
            "level": 4
        },
        {
            "parent": "IS/haw.coronavi",
            "relevance_score": "9",
            "description": "COVID-19 Novel Coronavirus",
            "code": "IS/haw.covid19#9#99#50",
            "level": 5
        },
        {
            "parent": "IS/haw",
            "relevance_score": "9",
            "description": "Medical Disorders and Diseases",
            "code": "IS/haw.disease#9#50#99",
            "level": 1
        }
    ],
    "text": "Si usted tiene Medicare y desea hacerse la prueba de la enfermedad por\ncoronavirus 2019 (COVID-19), la Administracion Trump tiene buenas noticias.\n\nMedicare cubre pruebas sin costos de bolsillo. Puede hacerse la prueba en su\nhogar, en el consultorio de un medico, en una farmacia u hospital local, en un\nhogar de ancianos o en un sitio de auto-servicio. Medicare no requiere la\norden de un medico para que se haga la prueba.\n\nLas pruebas son particularmente importantes para las personas mayores y los\nresidentes de hogares de ancianos, que a menudo se encuentran entre los mas\nvulnerables al COVID-19. El acceso extensivo a las pruebas es un precursor\ncritico para una reapertura segura y gradual de Estados Unidos.\n\nCuando se desarrolle una vacuna para el COVID-19, Medicare tambien la cubrira.\n\nPara los beneficiarios de Medicare que estan confinados en su hogar y no\npueden viajar, Medicare pagara por un tecnico de laboratorio capacitado para\nque venga a su casa o hogar de ancianos residencial para recolectar una\nmuestra para un analisis. (Esto no se aplica a las personas en un centro de\nenfermeria especializada en una estadia a corto plazo bajo la Parte A de\nMedicare, ya que los costos de esta prueba, incluyendo la recoleccion de\nmuestras, ya estan cubiertos como parte de la estadia).\n\nSi recibe servicios de Medicare de salud en el hogar, su enfermera de salud en\nel hogar puede recolectar una muestra durante una visita. Las enfermeras que\ntrabajan para clinicas de salud rurales y clinicas de salud calificadas a\nnivel federal tambien pueden recolectar muestras en los hogares de los\nbeneficiarios bajo ciertas condiciones.\n\nO puede ir a un sitio de prueba de \"auto-servicio\" establecido por una\nfarmacia, hospital u otra entidad en su comunidad.\n\nEstamos haciendo cosas similares en el programa Medicaid, dando a los estados\nflexibilidad para cubrir las pruebas de \"auto-servicio\", asi como las pruebas\nen los hogares de los beneficiarios y otros medios comunitarios.\n\nTambien implementamos la opcion de elegibilidad de Families First/Familias\nPrimero de Medicaid, que permite a los estados cubrir los costos de las\npruebas de ciudadanos sin seguro sin costo compartido. Las personas deben\ncomunicarse con su agencia estatal de Medicaid para solicitar esta cobertura.\n\nTanto Medicare como Medicaid cubren pruebas serologicas o de anticuerpos para\nel COVID-19. Estas pruebas pueden ayudar a identificar quien ha sido expuesto\nal virus.\n\nMedicare generalmente cubre el costo total de las pruebas del COVID-19 para\nbeneficiarios con Medicare Original. Si esta inscrito en un plan de salud de\nMedicare Advantage, su plan generalmente no puede cobrarle costos compartidos\n(incluyendo deducibles, copagos y coseguros) por las pruebas del COVID-19 y la\nadministracion de dichas pruebas.\n\nAdemas, los planes de Medicare Advantage no pueden imponer autorizacion previa\nu otros requisitos de administracion por la prueba del COVID-19 o los\nservicios especificos relacionados con la prueba del COVID-19 durante la\nemergencia de salud publica COVID-19.\n\nTambien hemos requerido que los emisores de salud privados y los planes de\nsalud grupales del empleador cubran las pruebas del COVID-19 y ciertos\narticulos y servicios relacionados, sin costo compartido durante la pandemia.\nEsto incluye articulos y servicios que resultan en una orden o la\nadministracion de una prueba de diagnostico del COVID-19 en una variedad de\nmedios medicos, incluyendo visitas de atencion urgentes, visitas a la sala de\nemergencias y visitas en persona o de telesalud al consultorio del medico.\n\nDesde el primer dia, el Presidente Trump ha trabajado para garantizar que el\ncosto no sea una barrera para la prueba del COVID-19, y para que las pruebas\nesten disponibles de la manera mas extensa y facil posible. Como resultado de\nestas acciones, hemos visto un aumento en las pruebas entre los beneficiarios\nde Medicare. Las pruebas consistentes y extensivas son de suma importancia a\nmedida que comenzamos a volver a la vida normal.\n\n-Seema Verma es administradora, Centros de Servicios de Medicare y Medicaid de EEUU.",
    "industryCode": [],
    "naviga_enrichment": {
        "org": [],
        "location": [],
        "person": [
            "Seema Verma",
            "Servicios de Medicare y Medicaid"
        ],
        "companies": []
    },
    "geoOrigin_code": "RU/us.ny.nyc",
    "language": "Spanish",
    "filename": "202005250000NEWSBANKNEWSPPRS54D4B1712BB96130C94A4C06D3875F2.XML",
    "providerName": "NewsBank",
    "enriched_text": {
        "entities": [
            {
                "count": 1,
                "sentiment": {
                    "score": -0.677123,
                    "label": "negative"
                },
                "text": "los hogares de los",
                "relevance": 0.75998,
                "type": "Location",
                "disambiguation": {
                    "subtype": [
                        "City"
                    ]
                }
            },
            {
                "count": 2,
                "sentiment": {
                    "score": -0.533912,
                    "label": "negative"
                },
                "text": "los estados",
                "relevance": 0.702059,
                "type": "Location",
                "disambiguation": {
                    "subtype": [
                        "City"
                    ]
                }
            },
            {
                "count": 1,
                "sentiment": {
                    "score": 0,
                    "label": "neutral"
                },
                "text": "Medicare",
                "relevance": 0.687296,
                "type": "Company"
            },
            {
                "count": 1,
                "sentiment": {
                    "score": 0,
                    "label": "neutral"
                },
                "text": "el COVID-19",
                "relevance": 0.58989,
                "type": "Location",
                "disambiguation": {
                    "subtype": [
                        "City"
                    ]
                }
            },
            {
                "count": 1,
                "sentiment": {
                    "score": 0,
                    "label": "neutral"
                },
                "text": "administracion de dichas pruebas",
                "relevance": 0.524824,
                "type": "GeographicFeature"
            },
            {
                "count": 1,
                "sentiment": {
                    "score": 0,
                    "label": "neutral"
                },
                "text": "Medicaid",
                "relevance": 0.444199,
                "type": "Organization"
            },
            {
                "count": 1,
                "sentiment": {
                    "score": 0.486351,
                    "label": "positive"
                },
                "text": "Estados Unidos",
                "relevance": 0.443025,
                "type": "Facility"
            },
            {
                "count": 1,
                "sentiment": {
                    "score": 0,
                    "label": "neutral"
                },
                "text": "pueden viajar",
                "relevance": 0.427293,
                "type": "Person"
            },
            {
                "count": 1,
                "sentiment": {
                    "score": 0,
                    "label": "neutral"
                },
                "text": "estas acciones",
                "relevance": 0.397455,
                "type": "Person"
            },
            {
                "count": 1,
                "sentiment": {
                    "score": 0,
                    "label": "neutral"
                },
                "text": "muestras",
                "relevance": 0.39001,
                "type": "Person"
            },
            {
                "count": 1,
                "sentiment": {
                    "score": 0,
                    "label": "neutral"
                },
                "text": "medios medicos",
                "relevance": 0.375045,
                "type": "Person"
            },
            {
                "count": 1,
                "sentiment": {
                    "score": 0,
                    "label": "neutral"
                },
                "text": "Ademas",
                "relevance": 0.359342,
                "type": "Person"
            },
            {
                "count": 1,
                "sentiment": {
                    "score": -0.433453,
                    "label": "negative"
                },
                "text": "dando",
                "relevance": 0.348407,
                "type": "Person"
            }
        ],
        "semantic_roles": [
            {
                "subject": {
                    "text": "Si"
                },
                "sentence": "Si usted tiene Medicare y desea hacerse la prueba de la enfermedad por",
                "object": {
                    "text": "tiene Medicare"
                },
                "action": {
                    "verb": {
                        "text": "usted",
                        "tense": "past"
                    },
                    "text": "usted",
                    "normalized": "usted"
                }
            },
            {
                "subject": {
                    "text": "Medicare cubre pruebas"
                },
                "sentence": " Medicare cubre pruebas sin costos de bolsillo.",
                "object": {
                    "text": "costos de bolsillo"
                },
                "action": {
                    "verb": {
                        "text": "sin",
                        "tense": "present"
                    },
                    "text": "sin",
                    "normalized": "sin"
                }
            },
            {
                "subject": {
                    "text": "Las pruebas son"
                },
                "sentence": " Las pruebas son particularmente importantes para las personas mayores y los",
                "object": {
                    "text": "para las personas"
                },
                "action": {
                    "verb": {
                        "text": "importantes",
                        "tense": "present"
                    },
                    "text": "importantes",
                    "normalized": "importantes"
                }
            },
            {
                "subject": {
                    "text": "hogares de ancianos, que a menudo se encuentran entre los mas"
                },
                "sentence": " residentes de hogares de ancianos, que a menudo se encuentran entre los mas",
                "object": {
                    "text": "residentes"
                },
                "action": {
                    "verb": {
                        "text": "de",
                        "tense": "present"
                    },
                    "text": "de",
                    "normalized": "de"
                }
            },
            {
                "subject": {
                    "text": "residentes de hogares de ancianos"
                },
                "sentence": " residentes de hogares de ancianos, que a menudo se encuentran entre los mas",
                "object": {
                    "text": "a menudo se encuentran entre los mas"
                },
                "action": {
                    "verb": {
                        "text": "que",
                        "tense": "present"
                    },
                    "text": "que",
                    "normalized": "que"
                }
            },
            {
                "subject": {
                    "text": "beneficiarios de Medicare"
                },
                "sentence": " Para los beneficiarios de Medicare que estan confinados en su hogar y no",
                "object": {
                    "text": "Para"
                },
                "action": {
                    "verb": {
                        "text": "los",
                        "tense": "present"
                    },
                    "text": "los",
                    "normalized": "los"
                }
            },
            {
                "subject": {
                    "text": "Medicare, ya que los costos de esta"
                },
                "sentence": " Medicare, ya que los costos de esta prueba, incluyendo la recoleccion de",
                "object": {
                    "text": "la recoleccion de"
                },
                "action": {
                    "verb": {
                        "text": "incluyendo",
                        "tense": "present"
                    },
                    "text": "incluyendo",
                    "normalized": "incluyendo"
                }
            },
            {
                "subject": {
                    "text": "salud rurales y clinicas de salud"
                },
                "sentence": " trabajan para clinicas de salud rurales y clinicas de salud calificadas a",
                "object": {
                    "text": "trabajan para clinicas"
                },
                "action": {
                    "verb": {
                        "text": "de",
                        "tense": "present"
                    },
                    "text": "de",
                    "normalized": "de"
                }
            },
            {
                "subject": {
                    "text": "salud"
                },
                "sentence": " trabajan para clinicas de salud rurales y clinicas de salud calificadas a",
                "object": {
                    "text": "trabajan para clinicas de salud rurales y clinicas"
                },
                "action": {
                    "verb": {
                        "text": "de",
                        "tense": "present"
                    },
                    "text": "de",
                    "normalized": "de"
                }
            },
            {
                "subject": {
                    "text": "los"
                },
                "sentence": " nivel federal tambien pueden recolectar muestras en los hogares de los",
                "object": {
                    "text": "nivel federal tambien pueden recolectar muestras en los hogares"
                },
                "action": {
                    "verb": {
                        "text": "de",
                        "tense": "present"
                    },
                    "text": "de",
                    "normalized": "de"
                }
            },
            {
                "subject": {
                    "text": "Estamos"
                },
                "sentence": " Estamos haciendo cosas similares en el programa Medicaid, dando a los estados",
                "object": {
                    "text": "cosas similares en el programa Medicaid, dando a los estados"
                },
                "action": {
                    "verb": {
                        "text": "haciendo",
                        "tense": "present"
                    },
                    "text": "haciendo",
                    "normalized": "haciendo"
                }
            },
            {
                "subject": {
                    "text": "Estamos haciendo cosas similares en el programa Medicaid"
                },
                "sentence": " Estamos haciendo cosas similares en el programa Medicaid, dando a los estados",
                "object": {
                    "text": "a los estados"
                },
                "action": {
                    "verb": {
                        "text": "dando",
                        "tense": "present"
                    },
                    "text": "dando",
                    "normalized": "dando"
                }
            },
            {
                "subject": {
                    "text": "Tambien"
                },
                "sentence": " Tambien implementamos la opcion de elegibilidad de Families First/Familias",
                "object": {
                    "text": "la opcion de elegibilidad de Families First/Familias"
                },
                "action": {
                    "verb": {
                        "text": "implementamos",
                        "tense": "present"
                    },
                    "text": "implementamos",
                    "normalized": "implementamos"
                }
            },
            {
                "subject": {
                    "text": "a los estados"
                },
                "sentence": " Primero de Medicaid, que permite a los estados cubrir los costos de las",
                "object": {
                    "text": "los costos de las"
                },
                "action": {
                    "verb": {
                        "text": "cubrir",
                        "tense": "present"
                    },
                    "text": "cubrir",
                    "normalized": "cubrir"
                }
            },
            {
                "subject": {
                    "text": "las"
                },
                "sentence": " Primero de Medicaid, que permite a los estados cubrir los costos de las",
                "object": {
                    "text": "a los estados cubrir los costos"
                },
                "action": {
                    "verb": {
                        "text": "de",
                        "tense": "present"
                    },
                    "text": "de",
                    "normalized": "de"
                }
            },
            {
                "subject": {
                    "text": "ciudadanos sin seguro sin costo compartido"
                },
                "sentence": " pruebas de ciudadanos sin seguro sin costo compartido.",
                "object": {
                    "text": "pruebas"
                },
                "action": {
                    "verb": {
                        "text": "de",
                        "tense": "present"
                    },
                    "text": "de",
                    "normalized": "de"
                }
            },
            {
                "subject": {
                    "text": "Estas"
                },
                "sentence": " Estas pruebas pueden ayudar a identificar quien ha sido expuesto",
                "object": {
                    "text": "pueden ayudar a identificar quien ha sido expuesto"
                },
                "action": {
                    "verb": {
                        "text": "pruebas",
                        "tense": "present"
                    },
                    "text": "pruebas",
                    "normalized": "pruebas"
                }
            },
            {
                "subject": {
                    "text": "beneficiarios"
                },
                "sentence": " beneficiarios con Medicare Original.",
                "object": {
                    "text": "Medicare"
                },
                "action": {
                    "verb": {
                        "text": "con",
                        "tense": "present"
                    },
                    "text": "con",
                    "normalized": "con"
                }
            },
            {
                "subject": {
                    "text": "su plan"
                },
                "sentence": " Medicare Advantage, su plan generalmente no puede cobrarle costos compartidos",
                "object": {
                    "text": "no puede cobrarle costos compartidos"
                },
                "action": {
                    "verb": {
                        "text": "generalmente",
                        "tense": "present"
                    },
                    "text": "generalmente",
                    "normalized": "generalmente"
                }
            },
            {
                "subject": {
                    "text": "Ademas"
                },
                "sentence": " Ademas, los planes de Medicare Advantage no pueden imponer autorizacion previa",
                "object": {
                    "text": "planes de Medicare Advantage no pueden imponer autorizacion previa"
                },
                "action": {
                    "verb": {
                        "text": "los",
                        "tense": "present"
                    },
                    "text": "los",
                    "normalized": "los"
                }
            },
            {
                "subject": {
                    "text": "administracion"
                },
                "sentence": " u otros requisitos de administracion por la prueba del COVID-19 o los",
                "object": {
                    "text": "u otros requisitos"
                },
                "action": {
                    "verb": {
                        "text": "de",
                        "tense": "present"
                    },
                    "text": "de",
                    "normalized": "de"
                }
            },
            {
                "subject": {
                    "text": "Tambien hemos"
                },
                "sentence": " Tambien hemos requerido que los emisores de salud privados y los planes de",
                "object": {
                    "text": "que los emisores de salud"
                },
                "action": {
                    "verb": {
                        "text": "requerido",
                        "tense": "present"
                    },
                    "text": "requerido",
                    "normalized": "requerido"
                }
            },
            {
                "subject": {
                    "text": "salud privados y los planes de"
                },
                "sentence": " Tambien hemos requerido que los emisores de salud privados y los planes de",
                "object": {
                    "text": "Tambien hemos requerido que los emisores"
                },
                "action": {
                    "verb": {
                        "text": "de",
                        "tense": "present"
                    },
                    "text": "de",
                    "normalized": "de"
                }
            },
            {
                "subject": {
                    "text": "empleador cubran las pruebas del COVID-19 y ciertos"
                },
                "sentence": " salud grupales del empleador cubran las pruebas del COVID-19 y ciertos",
                "object": {
                    "text": "salud grupales"
                },
                "action": {
                    "verb": {
                        "text": "del",
                        "tense": "present"
                    },
                    "text": "del",
                    "normalized": "del"
                }
            },
            {
                "subject": {
                    "text": "COVID-19 y ciertos"
                },
                "sentence": " salud grupales del empleador cubran las pruebas del COVID-19 y ciertos",
                "object": {
                    "text": "salud grupales del empleador cubran las pruebas"
                },
                "action": {
                    "verb": {
                        "text": "del",
                        "tense": "present"
                    },
                    "text": "del",
                    "normalized": "del"
                }
            },
            {
                "subject": {
                    "text": "Esto incluye articulos y servicios"
                },
                "sentence": " Esto incluye articulos y servicios que resultan en una orden o la",
                "object": {
                    "text": "resultan"
                },
                "action": {
                    "verb": {
                        "text": "que",
                        "tense": "present"
                    },
                    "text": "que",
                    "normalized": "que"
                }
            },
            {
                "subject": {
                    "text": "medios medicos"
                },
                "sentence": " medios medicos, incluyendo visitas de atencion urgentes, visitas a la sala de",
                "object": {
                    "text": "visitas de atencion urgentes"
                },
                "action": {
                    "verb": {
                        "text": "incluyendo",
                        "tense": "present"
                    },
                    "text": "incluyendo",
                    "normalized": "incluyendo"
                }
            },
            {
                "subject": {
                    "text": "hemos"
                },
                "sentence": " estas acciones, hemos visto un aumento en las pruebas entre los beneficiarios",
                "object": {
                    "text": "un aumento"
                },
                "action": {
                    "verb": {
                        "text": "visto",
                        "tense": "present"
                    },
                    "text": "visto",
                    "normalized": "visto"
                }
            },
            {
                "subject": {
                    "text": "Las"
                },
                "sentence": " Las pruebas consistentes y extensivas son de suma importancia a",
                "object": {
                    "text": "consistentes"
                },
                "action": {
                    "verb": {
                        "text": "pruebas",
                        "tense": "present"
                    },
                    "text": "pruebas",
                    "normalized": "pruebas"
                }
            },
            {
                "subject": {
                    "text": "medida que"
                },
                "sentence": " medida que comenzamos a volver a la vida normal.",
                "object": {
                    "text": "a volver a la vida normal"
                },
                "action": {
                    "verb": {
                        "text": "comenzamos",
                        "tense": "present"
                    },
                    "text": "comenzamos",
                    "normalized": "comenzamos"
                }
            }
        ],
        "categories": [
            {
                "score": 0.778957,
                "label": "/health and fitness/drugs"
            },
            {
                "score": 0.64667,
                "label": "/health and fitness/men's health"
            },
            {
                "score": 0.64246,
                "label": "/family and parenting/eldercare"
            }
        ],
        "relations": [
            {
                "type": "employedBy",
                "sentence": "Si usted tiene Medicare y desea hacerse la prueba de la enfermedad por coronavirus 2019 (COVID-19), la Administracion Trump tiene buenas noticias.",
                "score": 0.594076,
                "arguments": [
                    {
                        "text": "Si usted",
                        "location": [
                            0,
                            8
                        ],
                        "entities": [
                            {
                                "type": "Person",
                                "text": "Si usted"
                            }
                        ]
                    },
                    {
                        "text": "Medicare",
                        "location": [
                            15,
                            23
                        ],
                        "entities": [
                            {
                                "type": "Organization",
                                "text": "Medicare Advantage",
                                "disambiguation": {
                                    "subtype": [
                                        "Government"
                                    ]
                                }
                            }
                        ]
                    }
                ]
            },
            {
                "type": "partOf",
                "sentence": "Tanto Medicare como Medicaid cubren pruebas serologicas o de anticuerpos para el COVID-19.",
                "score": 0.607613,
                "arguments": [
                    {
                        "text": "Medicaid",
                        "location": [
                            2306,
                            2314
                        ],
                        "entities": [
                            {
                                "type": "Organization",
                                "text": "Medicaid",
                                "disambiguation": {
                                    "subtype": [
                                        "Government"
                                    ]
                                }
                            }
                        ]
                    },
                    {
                        "text": "Medicare",
                        "location": [
                            2292,
                            2300
                        ],
                        "entities": [
                            {
                                "type": "Organization",
                                "text": "Medicare Advantage",
                                "disambiguation": {
                                    "subtype": [
                                        "Government"
                                    ]
                                }
                            }
                        ]
                    }
                ]
            },
            {
                "type": "employedBy",
                "sentence": "-Seema Verma es administradora, Centros de Servicios de Medicare y Medicaid de EEUU.",
                "score": 0.668956,
                "arguments": [
                    {
                        "text": "y",
                        "location": [
                            4081,
                            4082
                        ],
                        "entities": [
                            {
                                "type": "Person",
                                "text": "Verma es administradora"
                            }
                        ]
                    },
                    {
                        "text": "Medicare",
                        "location": [
                            4072,
                            4080
                        ],
                        "entities": [
                            {
                                "type": "Organization",
                                "text": "Medicare Advantage",
                                "disambiguation": {
                                    "subtype": [
                                        "Government"
                                    ]
                                }
                            }
                        ]
                    }
                ]
            },
            {
                "type": "employedBy",
                "sentence": "-Seema Verma es administradora, Centros de Servicios de Medicare y Medicaid de EEUU.",
                "score": 0.749075,
                "arguments": [
                    {
                        "text": "y",
                        "location": [
                            4081,
                            4082
                        ],
                        "entities": [
                            {
                                "type": "Person",
                                "text": "Verma es administradora"
                            }
                        ]
                    },
                    {
                        "text": "Medicaid",
                        "location": [
                            4083,
                            4091
                        ],
                        "entities": [
                            {
                                "type": "Organization",
                                "text": "Medicaid",
                                "disambiguation": {
                                    "subtype": [
                                        "Government"
                                    ]
                                }
                            }
                        ]
                    }
                ]
            }
        ],
        "keywords": [
            {
                "text": "tiene Medicare",
                "relevance": 0.68647,
                "count": 1
            },
            {
                "text": "Medicare cubre pruebas sin costos",
                "relevance": 0.674924,
                "count": 1
            },
            {
                "text": "El acceso extensivo",
                "relevance": 0.62733,
                "count": 1
            },
            {
                "text": "su enfermera de salud en",
                "relevance": 0.602651,
                "count": 1
            },
            {
                "text": "en una farmacia u hospital",
                "relevance": 0.582872,
                "count": 1
            },
            {
                "text": "servicios relacionados",
                "relevance": 0.573408,
                "count": 1
            },
            {
                "text": "auto-servicio",
                "relevance": 0.573394,
                "count": 2
            },
            {
                "text": "Para los beneficiarios",
                "relevance": 0.56345,
                "count": 1
            },
            {
                "text": "incluyendo deducibles",
                "relevance": 0.563027,
                "count": 1
            },
            {
                "text": "Seema Verma es administradora",
                "relevance": 0.558998,
                "count": 1
            },
            {
                "text": "las pruebas es",
                "relevance": 0.552734,
                "count": 1
            },
            {
                "text": "Medicare tambien la cubrira",
                "relevance": 0.547467,
                "count": 1
            },
            {
                "text": "en el programa Medicaid",
                "relevance": 0.54601,
                "count": 1
            },
            {
                "text": "menudo se",
                "relevance": 0.544491,
                "count": 1
            },
            {
                "text": "comunicarse con su agencia",
                "relevance": 0.54403,
                "count": 1
            },
            {
                "text": "Estas pruebas pueden",
                "relevance": 0.542126,
                "count": 1
            },
            {
                "text": "Desde el primer dia",
                "relevance": 0.540335,
                "count": 1
            },
            {
                "text": "asi como las pruebas",
                "relevance": 0.538795,
                "count": 1
            },
            {
                "text": "Medicare Advantage",
                "relevance": 0.528274,
                "count": 2
            },
            {
                "text": "copagos y coseguros",
                "relevance": 0.523713,
                "count": 1
            },
            {
                "text": "incluyendo visitas",
                "relevance": 0.518376,
                "count": 1
            },
            {
                "text": "salud publica COVID-19",
                "relevance": 0.516051,
                "count": 1
            },
            {
                "text": "Medicare",
                "relevance": 0.515911,
                "count": 3
            },
            {
                "text": "su plan generalmente",
                "relevance": 0.514471,
                "count": 1
            },
            {
                "text": "Las enfermeras que",
                "relevance": 0.513131,
                "count": 1
            },
            {
                "text": "servicio",
                "relevance": 0.512865,
                "count": 1
            },
            {
                "text": "federal tambien pueden",
                "relevance": 0.510908,
                "count": 1
            },
            {
                "text": "cosas",
                "relevance": 0.509757,
                "count": 1
            },
            {
                "text": "requiere la",
                "relevance": 0.509482,
                "count": 1
            },
            {
                "text": "los planes",
                "relevance": 0.509201,
                "count": 1
            },
            {
                "text": "y para que las pruebas",
                "relevance": 0.507457,
                "count": 1
            },
            {
                "text": "en un",
                "relevance": 0.507377,
                "count": 1
            },
            {
                "text": "salud",
                "relevance": 0.505254,
                "count": 1
            },
            {
                "text": "la",
                "relevance": 0.504178,
                "count": 1
            },
            {
                "text": "Families",
                "relevance": 0.503168,
                "count": 1
            },
            {
                "text": "medida que comenzamos",
                "relevance": 0.502732,
                "count": 1
            },
            {
                "text": "precursor",
                "relevance": 0.502468,
                "count": 1
            },
            {
                "text": "hospital",
                "relevance": 0.502296,
                "count": 1
            },
            {
                "text": "identificar quien ha sido expuesto",
                "relevance": 0.498881,
                "count": 1
            },
            {
                "text": "las personas",
                "relevance": 0.498282,
                "count": 1
            },
            {
                "text": "los estados",
                "relevance": 0.497038,
                "count": 1
            },
            {
                "text": "el Presidente Trump",
                "relevance": 0.493298,
                "count": 1
            },
            {
                "text": "muestra para un analisis",
                "relevance": 0.492887,
                "count": 1
            },
            {
                "text": "atencion urgentes",
                "relevance": 0.492571,
                "count": 1
            },
            {
                "text": "se aplica",
                "relevance": 0.488939,
                "count": 1
            },
            {
                "text": "trabajan para clinicas",
                "relevance": 0.487851,
                "count": 1
            },
            {
                "text": "pueden imponer autorizacion previa",
                "relevance": 0.487826,
                "count": 1
            },
            {
                "text": "Medicare Original",
                "relevance": 0.487579,
                "count": 1
            },
            {
                "text": "bajo ciertas condiciones",
                "relevance": 0.485494,
                "count": 1
            },
            {
                "text": "Tambien implementamos",
                "relevance": 0.485438,
                "count": 1
            }
        ]
    },
    "freqeuncy": "Daily",
    "extracted_metadata": {
        "sha1": "375ef1af82c165be6d2e47fbab6b8ed6fc30c1fc",
        "filename": "202005250000NEWSBANKNEWSPPRS54D4B1712BB96130C94A4C06D3875F2.json",
        "file_type": "json"
    },
    "companyRecord": "",
    "publicationTime": "2020-05-25T00:00:00-04:00",
    "title": "\u00bfTiene Medicare? Obtenga una prueba para el COVID-19 sin costo",
    "html": "<p>Si usted tiene Medicare y desea hacerse la prueba de la enfermedad por coronavirus 2019 (COVID-19), la Administraci&#243;n Trump tiene buenas noticias.</p>\n<p>Medicare cubre pruebas sin costos de bolsillo. Puede hacerse la prueba en su hogar, en el consultorio de un m&#233;dico, en una farmacia u hospital local, en un hogar de ancianos o en un sitio de auto-servicio. Medicare no requiere la orden de un m&#233;dico para que se haga la prueba.</p>\n\n<p>Las pruebas son particularmente importantes para las personas mayores y los residentes de hogares de ancianos, que a menudo se encuentran entre los m&#225;s vulnerables al COVID-19. El acceso extensivo a las pruebas es un precursor cr&#237;tico para una reapertura segura y gradual de Estados Unidos.</p>\n\n<p>Cuando se desarrolle una vacuna para el COVID-19, Medicare tambi&#233;n la cubrir&#225;.</p>\n\n<p>Para los beneficiarios de Medicare que est&#225;n confinados en su hogar y no pueden viajar, Medicare pagar&#225; por un t&#233;cnico de laboratorio capacitado para que venga a su casa o hogar de ancianos residencial para recolectar una muestra para un an&#225;lisis. (Esto no se aplica a las personas en un centro de enfermer&#237;a especializada en una estad&#237;a a corto plazo bajo la Parte A de Medicare, ya que los costos de esta prueba, incluyendo la recolecci&#243;n de muestras, ya est&#225;n cubiertos como parte de la estad&#237;a).</p>\n\n<p>Si recibe servicios de Medicare de salud en el hogar, su enfermera de salud en el hogar puede recolectar una muestra durante una visita. Las enfermeras que trabajan para cl&#237;nicas de salud rurales y cl&#237;nicas de salud calificadas a nivel federal tambi&#233;n pueden recolectar muestras en los hogares de los beneficiarios bajo ciertas condiciones.</p>\n\n<p>O puede ir a un sitio de prueba de \"auto-servicio\" establecido por una farmacia, hospital u otra entidad en su comunidad.</p>\n\n<p>Estamos haciendo cosas similares en el programa Medicaid, dando a los estados flexibilidad para cubrir las pruebas de \"auto-servicio\", as&#237; como las pruebas en los hogares de los beneficiarios y otros medios comunitarios.</p>\n\n<p>Tambi&#233;n implementamos la opci&#243;n de elegibilidad de Families First/Familias Primero de Medicaid, que permite a los estados cubrir los costos de las pruebas de ciudadanos sin seguro sin costo compartido. Las personas deben comunicarse con su agencia estatal de Medicaid para solicitar esta cobertura.</p>\n\n<p>Tanto Medicare como Medicaid cubren pruebas serol&#243;gicas o de anticuerpos para el COVID-19. Estas pruebas pueden ayudar a identificar qui&#233;n ha sido expuesto al virus.</p>\n\n<p>Medicare generalmente cubre el costo total de las pruebas del COVID-19 para beneficiarios con Medicare Original. Si est&#225; inscrito en un plan de salud de Medicare Advantage, su plan generalmente no puede cobrarle costos compartidos (incluyendo deducibles, copagos y coseguros) por las pruebas del COVID-19 y la administraci&#243;n de dichas pruebas.</p>\n\n<p>Adem&#225;s, los planes de Medicare Advantage no pueden imponer autorizaci&#243;n previa u otros requisitos de administraci&#243;n por la prueba del COVID-19 o los servicios espec&#237;ficos relacionados con la prueba del COVID-19 durante la emergencia de salud p&#250;blica COVID-19.</p>\n\n<p>Tambi&#233;n hemos requerido que los emisores de salud privados y los planes de salud grupales del empleador cubran las pruebas del COVID-19 y ciertos art&#237;culos y servicios relacionados, sin costo compartido durante la pandemia. Esto incluye art&#237;culos y servicios que resultan en una orden o la administraci&#243;n de una prueba de diagn&#243;stico del COVID-19 en una variedad de medios m&#233;dicos, incluyendo visitas de atenci&#243;n urgentes, visitas a la sala de emergencias y visitas en persona o de telesalud al consultorio del m&#233;dico.</p>\n\n<p>Desde el primer d&#237;a, el Presidente Trump ha trabajado para garantizar que el costo no sea una barrera para la prueba del COVID-19, y para que las pruebas est&#233;n disponibles de la manera m&#225;s extensa y f&#225;cil posible. Como resultado de estas acciones, hemos visto un aumento en las pruebas entre los beneficiarios de Medicare. Las pruebas consistentes y extensivas son de suma importancia a medida que comenzamos a volver a la vida normal.</p>\n\n<p>-<person>Seema Verma</person> es administradora, Centros de <person>Servicios de Medicare y Medicaid</person> de EEUU.</p>",
    "geoFocus": [
        [
            "GU/us.ny.nyc",
            "New York City"
        ]
    ]
}