{
    "id": "1264de74-7682-4219-832f-75804280759a",
    "result_metadata": {
        "score": 1
    },
    "copyright": "\u00a9 Mondaq Ltd, 2020 - Tel. +44 (0)20 8544 8300 - http://www.mondaq.com",
    "geoOrigin": "London, England, United Kingdom",
    "sourceType": "Business & Financial Newswire",
    "source": "Mondaq Business Briefing",
    "corpus_document_id": "10723290117052105224",
    "description": "On May 4, 2020, the European Data Protection Board adopted two important revisions to its 33- page Guidelines on Consent under the General Data Protection Regulation. 1 The Guidelines are highly influential, as the EDPB is tasked with promoting the consistent application of data protection rules throughout the EEA. The first revision states that the...",
    "serviceName": "Business Briefing",
    "locationCode": [
        {
            "parent": "LR/am",
            "relevance_score": "9",
            "description": "North America",
            "code": "LB/nam#9#49#90",
            "level": 1
        },
        {
            "parent": "LB/nam",
            "relevance_score": "9",
            "description": "United States",
            "code": "LC/us#9#70#90",
            "level": 2
        },
        {
            "parent": null,
            "relevance_score": "9",
            "description": "Americas",
            "code": "LR/am#9#49#90",
            "level": 0
        },
        {
            "code": "LR/nam#9#49#90",
            "description": "",
            "relevance_score": "9"
        }
    ],
    "sourceClass": "Business and Commerce",
    "subjectCode": [],
    "text": "On May 4, 2020, the European Data Protection Board (EDPB) adopted two\nimportant\n[revisions](https://edpb.europa.eu/sites/edpb/files/files/file1/edpb_guidelines_202005_consent_en.pdf)\nto its 33-page Guidelines on Consent (Guidelines) under the General Data\nProtection Regulation (GDPR).1 The Guidelines are highly influential, as the\nEDPB (a body composed of the heads of the European Economic Area (EEA)\nnational data protection authorities (DPAs) and the European Data Protection\nSupervisor) is tasked with promoting the consistent application of data\nprotection rules throughout the EEA. The first revision states that the so-\ncalled \"cookie walls\", i.e., cookie banners that condition access to a website\non the acceptance of cookies, are not compliant with the GDPR's consent\nrequirement. The second revision confirms that actions such as merely\nscrolling or swiping through a webpage do not under any circumstances\nconstitute valid consent under the GDPR. All organizations that utilize\nwebsites or services that use cookies may be caught by the extra-territorial\nscope of the GDPR, so we summarize the revisions to the consent guidance\nbelow.\n\nConsent Cannot be Validly Obtained Via \"Cookie Walls\"\n\nThe requirements for valid consent, which is one of the six lawful bases for\nprocessing personal data under the GDPR, are that the consent must be freely\ngiven, specific, informed and unambiguous. The EDPB's revisions to the\nGuidelines state that in order for consent to be freely given, access to\nservices and to functionalities must not be made conditional on the consent of\na user to the storing of information, or gaining of access to information\nalready stored, in the terminal equipment of a user. Therefore, cookie walls\ncannot constitute valid consent. (Although cookies are regulated by the\ne-Privacy Directive, the GDPR conditions for obtaining valid consent are\napplicable in situations falling within the scope of that Directive, which is\nundergoing revision through the various drafts of the e-Privacy Regulation).\n\nThe revised Guidelines provide an example to illustrate this further. A\nwebsite provider implements a script such that the content of the website is\nblocked and not visible, and the only visible content is a request to accept\ncookies and information about which cookies are being set and for what\npurposes personal data will be processed. In that scenario, there is no means\nby which the data subject can access the content without selecting the 'accept\ncookies' button. Selecting that button would not constitute valid consent: the\nsetup would not present the data subject with a genuine choice. Consent would\nnot be freely given and therefore would not be validly obtained under the\nGDPR.\n\nFurther in relation to offering a genuine choice to the data subject, the EDPB\nupdated a statement previously made in the earlier version of the Guidelines.\nIn that earlier version, the EDPB considered the following argument. A data\nsubject could have a \"choice\" between two competitors: (a) the use of the\nservice provided by Controller A, which requires consenting to the processing\nof personal data for additional purposes; or (b) the use of an equivalent\nservice provided by Controller B, where the use of personal data for\nadditional purposes is not required. The argument that this dichotomy would\npresent a genuine choice to the data subject was dismissed by the EDPB. The\nEDPB explained that the freedom of choice in such a scenario would be made\ndependent on what other market players do, and whether an individual data\nsubject would find Controller B's services genuinely \"equivalent\", Relying on\nsuch an argument would also require Controller A consistently to monitor\ndevelopments in the market to ensure the continued validity of consent, as its\ncompetitor may alter its service at a later stage and hence no longer provide\nan \"equivalent\" service. This would in practice mean limitations on the\nfreedom of choice and hence lack of a genuine choice. So consent could not be\n\"freely given\" in such circumstances. Thus, the revised Guidelines clarify\nthat, where consent is a condition to the provision of a service, relying on\nconsent as a lawful basis just because an alternative option (where no consent\nis sought) is offered by a competitor or a third party fails to comply with\nthe GDPR.\n\nScrolling Through Does Not Under Any Circumstances Constitute Consent\n\nThe 2018 version of the Guidelines had made clear that merely continuing with\nthe ordinary use of a website did not of itself satisfy the conditions for\nobtaining valid consent under the GDPR. The updated Guidelines now provide a\nfurther example clarifying the EDPB's position in this regard.\n\nActivities such as scrolling or swiping through a webpage or similar user\nactivity will not under any circumstances satisfy the consent requirement of a\n\"clear and affirmative action\". Such activities may be difficult to\ndistinguish from other activity or interaction by a user with the webpage. As\na result, determining that unambiguous consent has been obtained will not be\npossible.\n\nFurther, it would be difficult to provide a way for the user to withdraw\nconsent in a manner that is as easy as granting consent, which is an\nadditional requirement for obtaining valid consent that cannot be satisfied in\nthis scenario.\n\nPractical Implications of the Revised Guidelines\n\nThe Information Commissioner's Office (ICO), the U.K.'s DPA, had previously\nexpressed a view that the blanket use of cookie walls, which would restrict\naccess to websites, was unlikely to represent valid consent. A few other\nnational DPAs, including the French, Dutch and Irish DPA, had also raised\nconcerns regarding whether cookie walls provide a genuine choice to data\nsubjects when they seek consent. The EDPB's revised Guidelines add significant\nweight to these concerns and effectively mean that data controllers to whom\nthe European data protection laws apply can no longer use cookie walls in\norder to obtain consent.\n\nImportantly, the revisions to the Guidelines reiterate that a data controller\ncannot prevent data subjects from accessing a particular service on the basis\nthat they do not consent to the use of their personal data. Simply providing\nthe user with the option of consenting to and accessing the service, or not\nconsenting and being denied access, does not amount to any genuine choice and\nany consent obtained in such circumstances is invalid. The prudent action for\ndata controllers following the EDPB's statement would be to revisit the lawful\nbasis on which they are processing personal data, in order to confirm whether\nconsent is indeed required, and if so, whether it is validly obtained.\n\nFinally, unless cookies are strictly necessary, they cannot be placed prior to\nthe data subjects providing their consent. As scrolling through a webpage\nwould never be a sufficiently clear indication that can constitute consent,\naccording to the EDPB, website providers must ensure that they seek clear,\novert action from users. A good practice would be to adopt tailored cookie\noptions for users, where they can accept or reject non-essential cookies as\nthey see fit, and continue to access the website even where they have rejected\nthe use of some such cookies.\n\n**Footnote**\n\n1 The original Guidelines were published two years ago, when, at its first\nplenary meeting on May 25, 2018, the EDPB endorsed the Guidelines, which the\nArticle 29 Working Party had adopted on April 10, 2018.\n\n_Originally published May 21, 2020_\n\n_The content of this article is intended to provide a general guide to the\nsubject matter. Specialist advice should be sought about your specific\ncircumstances._\n\nMs Natasha Kohne  \nAkin Gump Strauss Hauer & Feld LLP  \n2029 Century Park East Suite 2400  \nLos Angeles  \nCA 90067-3010  \nUNITED STATES  \nTel: 202.887.4000  \nE-mail: [Jlarivee@akingump.com](mailto:Jlarivee@akingump.com);\n[pazimi@akingump.com](mailto:pazimi@akingump.com)  \nURL: [www.akingump.com](http://www.akingump.com)",
    "industryCode": [],
    "naviga_enrichment": {
        "org": [
            "<org>The Information Commissioner's Office",
            "Working Party"
        ],
        "location": [
            "U.K.'s"
        ],
        "person": [
            " <p style=\"font-weight:bold;\">Consent Cannot be Validly Obtained Via \"<person>Cookie Walls",
            "Natasha Kohne",
            "Park East Suite"
        ],
        "companies": [
            "Working Party",
            "<org>The Information Commissioner's Office"
        ]
    },
    "geoOrigin_code": "RU/gb.eng.london",
    "language": "English",
    "filename": "202006050012MONDAQ__NEWS_____202006050412_10947468.XML",
    "providerName": "Mondaq",
    "enriched_text": {
        "entities": [
            {
                "count": 12,
                "sentiment": {
                    "score": 0.529353,
                    "label": "positive"
                },
                "text": "EDPB",
                "relevance": 0.784004,
                "type": "Organization"
            },
            {
                "count": 8,
                "sentiment": {
                    "score": 0,
                    "label": "neutral"
                },
                "text": "GDPR",
                "relevance": 0.521762,
                "type": "Organization"
            },
            {
                "count": 1,
                "sentiment": {
                    "score": 0.272903,
                    "label": "positive"
                },
                "text": "European Data Protection Board",
                "relevance": 0.401313,
                "type": "Organization"
            },
            {
                "count": 2,
                "sentiment": {
                    "score": 0,
                    "label": "neutral"
                },
                "text": "EEA",
                "relevance": 0.288541,
                "type": "Organization"
            },
            {
                "count": 1,
                "sentiment": {
                    "score": 0,
                    "label": "neutral"
                },
                "text": "Supervisor",
                "relevance": 0.269381,
                "type": "JobTitle"
            },
            {
                "count": 1,
                "sentiment": {
                    "score": -0.308502,
                    "label": "negative"
                },
                "text": "Los Angeles",
                "relevance": 0.258844,
                "type": "Location",
                "disambiguation": {
                    "subtype": [
                        "GovernmentalJurisdiction",
                        "OlympicBiddingCity",
                        "OlympicHostCity",
                        "PlaceWithNeighborhoods",
                        "FilmScreeningVenue",
                        "City"
                    ],
                    "name": "Los Angeles",
                    "dbpedia_resource": "http://dbpedia.org/resource/Los_Angeles"
                }
            },
            {
                "count": 1,
                "sentiment": {
                    "score": 0,
                    "label": "neutral"
                },
                "text": "Ms Natasha Kohne",
                "relevance": 0.241891,
                "type": "Person"
            },
            {
                "count": 1,
                "sentiment": {
                    "score": 0,
                    "label": "neutral"
                },
                "text": "Working Party",
                "relevance": 0.235444,
                "type": "Organization"
            },
            {
                "count": 1,
                "sentiment": {
                    "score": -0.885735,
                    "label": "negative"
                },
                "text": "Strauss Hauer",
                "relevance": 0.234642,
                "type": "Person"
            },
            {
                "count": 1,
                "sentiment": {
                    "score": 0,
                    "label": "neutral"
                },
                "text": "DPA",
                "relevance": 0.23259,
                "type": "Company",
                "disambiguation": {
                    "subtype": [],
                    "name": "Drug Policy Alliance",
                    "dbpedia_resource": "http://dbpedia.org/resource/Drug_Policy_Alliance"
                }
            },
            {
                "count": 1,
                "sentiment": {
                    "score": 0,
                    "label": "neutral"
                },
                "text": "U.K.",
                "relevance": 0.223928,
                "type": "Location",
                "disambiguation": {
                    "subtype": [
                        "AdministrativeDivision",
                        "GovernmentalJurisdiction",
                        "Kingdom",
                        "MeteorologicalService",
                        "Country"
                    ],
                    "name": "United Kingdom",
                    "dbpedia_resource": "http://dbpedia.org/resource/United_Kingdom"
                }
            },
            {
                "count": 1,
                "sentiment": {
                    "score": 0,
                    "label": "neutral"
                },
                "text": "ICO",
                "relevance": 0.221008,
                "type": "Organization",
                "disambiguation": {
                    "subtype": [],
                    "name": "Information Commissioner's Office",
                    "dbpedia_resource": "http://dbpedia.org/resource/Information_Commissioner's_Office"
                }
            },
            {
                "count": 1,
                "sentiment": {
                    "score": -0.885735,
                    "label": "negative"
                },
                "text": "Feld LLP",
                "relevance": 0.220894,
                "type": "Company"
            },
            {
                "count": 1,
                "sentiment": {
                    "score": 0,
                    "label": "neutral"
                },
                "text": "Commissioner",
                "relevance": 0.209661,
                "type": "JobTitle"
            },
            {
                "count": 2,
                "sentiment": {
                    "score": 0,
                    "label": "neutral"
                },
                "text": "Jlarivee@akingump.com",
                "relevance": 0.209661,
                "type": "EmailAddress"
            },
            {
                "count": 2,
                "sentiment": {
                    "score": 0,
                    "label": "neutral"
                },
                "text": "pazimi@akingump.com",
                "relevance": 0.209661,
                "type": "EmailAddress"
            },
            {
                "count": 1,
                "sentiment": {
                    "score": 0,
                    "label": "neutral"
                },
                "text": "2029 Century",
                "relevance": 0.209661,
                "type": "Quantity"
            },
            {
                "count": 1,
                "sentiment": {
                    "score": 0,
                    "label": "neutral"
                },
                "text": "two years",
                "relevance": 0.209661,
                "type": "Quantity"
            }
        ],
        "semantic_roles": [
            {
                "subject": {
                    "text": "the European Data Protection Board (EDPB)"
                },
                "sentence": "On May 4, 2020, the European Data Protection Board (EDPB) adopted two",
                "object": {
                    "text": "two"
                },
                "action": {
                    "verb": {
                        "text": "adopt",
                        "tense": "past"
                    },
                    "text": "adopted",
                    "normalized": "adopt"
                }
            },
            {
                "subject": {
                    "text": "Protection Regulation (GDPR).1 The Guidelines"
                },
                "sentence": " Protection Regulation (GDPR).1 The Guidelines are highly influential, as the",
                "object": {
                    "text": "highly influential"
                },
                "action": {
                    "verb": {
                        "text": "be",
                        "tense": "present"
                    },
                    "text": "are",
                    "normalized": "be"
                }
            },
            {
                "subject": {
                    "text": "a body"
                },
                "sentence": " EDPB (a body composed of the heads of the European Economic Area (EEA)",
                "object": {
                    "text": "of the heads of the European Economic Area (EEA)"
                },
                "action": {
                    "verb": {
                        "text": "compose",
                        "tense": "past"
                    },
                    "text": "composed",
                    "normalized": "compose"
                }
            },
            {
                "subject": {
                    "text": "Supervisor)"
                },
                "sentence": " Supervisor) is tasked with promoting the consistent application of data",
                "object": {
                    "text": "with promoting the consistent application of data"
                },
                "action": {
                    "verb": {
                        "text": "task",
                        "tense": "past"
                    },
                    "text": "is tasked",
                    "normalized": "be task"
                }
            },
            {
                "subject": {
                    "text": "Supervisor)"
                },
                "sentence": " Supervisor) is tasked with promoting the consistent application of data",
                "object": {
                    "text": "the consistent application of data"
                },
                "action": {
                    "verb": {
                        "text": "promote",
                        "tense": "present"
                    },
                    "text": "promoting",
                    "normalized": "promote"
                }
            },
            {
                "subject": {
                    "text": "cookie banners"
                },
                "sentence": " called \"cookie walls\", i.e., cookie banners that condition access to a website",
                "object": {
                    "text": "cookie walls"
                },
                "action": {
                    "verb": {
                        "text": "call",
                        "tense": "past"
                    },
                    "text": "called",
                    "normalized": "call"
                }
            },
            {
                "subject": {
                    "text": "cookie banners"
                },
                "sentence": " called \"cookie walls\", i.e., cookie banners that condition access to a website",
                "object": {
                    "text": "access to a website"
                },
                "action": {
                    "verb": {
                        "text": "condition",
                        "tense": "present"
                    },
                    "text": "condition",
                    "normalized": "condition"
                }
            },
            {
                "subject": {
                    "text": "on the acceptance of cookies,"
                },
                "sentence": " on the acceptance of cookies, are not compliant with the GDPR's consent",
                "object": {
                    "text": "not compliant with the GDPR's consent"
                },
                "action": {
                    "verb": {
                        "text": "be",
                        "tense": "present"
                    },
                    "text": "are",
                    "normalized": "be"
                }
            },
            {
                "subject": {
                    "text": "The second revision"
                },
                "sentence": " requirement. The second revision confirms that actions such as merely",
                "object": {
                    "text": "that actions such as merely"
                },
                "action": {
                    "verb": {
                        "text": "confirm",
                        "tense": "present"
                    },
                    "text": "confirms",
                    "normalized": "confirm"
                }
            },
            {
                "subject": {
                    "text": "a webpage"
                },
                "sentence": " scrolling or swiping through a webpage do not under any circumstances",
                "action": {
                    "verb": {
                        "text": "do",
                        "tense": "present",
                        "negated": true
                    },
                    "text": "do",
                    "normalized": "do"
                }
            },
            {
                "subject": {
                    "text": "websites or services"
                },
                "sentence": " websites or services that use cookies may be caught by the extra-territorial",
                "object": {
                    "text": "cookies"
                },
                "action": {
                    "verb": {
                        "text": "use",
                        "tense": "present"
                    },
                    "text": "use",
                    "normalized": "use"
                }
            },
            {
                "subject": {
                    "text": "websites or services that use cookies"
                },
                "sentence": " websites or services that use cookies may be caught by the extra-territorial",
                "object": {
                    "text": "caught by the extra-territorial"
                },
                "action": {
                    "verb": {
                        "text": "be",
                        "tense": "future"
                    },
                    "text": "be",
                    "normalized": "be"
                }
            },
            {
                "subject": {
                    "text": "by the extra-territorial"
                },
                "sentence": " websites or services that use cookies may be caught by the extra-territorial",
                "object": {
                    "text": "use cookies"
                },
                "action": {
                    "verb": {
                        "text": "catch",
                        "tense": "future"
                    },
                    "text": "may be caught",
                    "normalized": "may be catch"
                }
            },
            {
                "subject": {
                    "text": "we"
                },
                "sentence": " scope of the GDPR, so we summarize the revisions to the consent guidance",
                "object": {
                    "text": "the revisions to the consent guidance"
                },
                "action": {
                    "verb": {
                        "text": "summarize",
                        "tense": "present"
                    },
                    "text": "summarize",
                    "normalized": "summarize"
                }
            },
            {
                "subject": {
                    "text": "Consent"
                },
                "sentence": " Consent Cannot be Validly Obtained Via \"Cookie Walls\"",
                "object": {
                    "text": "Validly Obtained"
                },
                "action": {
                    "verb": {
                        "text": "be",
                        "tense": "future",
                        "negated": true
                    },
                    "text": "be",
                    "normalized": "be"
                }
            },
            {
                "subject": {
                    "text": "processing personal data"
                },
                "sentence": " processing personal data under the GDPR, are that the consent must be freely",
                "object": {
                    "text": "that the consent must be freely"
                },
                "action": {
                    "verb": {
                        "text": "be",
                        "tense": "present"
                    },
                    "text": "are",
                    "normalized": "be"
                }
            },
            {
                "subject": {
                    "text": "Guidelines"
                },
                "sentence": " Guidelines state that in order for consent to be freely given, access to",
                "object": {
                    "text": "that in order for consent to be freely given, access to"
                },
                "action": {
                    "verb": {
                        "text": "state",
                        "tense": "present"
                    },
                    "text": "state",
                    "normalized": "state"
                }
            },
            {
                "subject": {
                    "text": "revision"
                },
                "sentence": " undergoing revision through the various drafts of the e-Privacy Regulation).",
                "object": {
                    "text": "through the various drafts of the e-Privacy Regulation)"
                },
                "action": {
                    "verb": {
                        "text": "undergo",
                        "tense": "present"
                    },
                    "text": "undergoing",
                    "normalized": "undergo"
                }
            },
            {
                "subject": {
                    "text": "The revised Guidelines"
                },
                "sentence": " The revised Guidelines provide an example to illustrate this further.",
                "object": {
                    "text": "an example"
                },
                "action": {
                    "verb": {
                        "text": "provide",
                        "tense": "present"
                    },
                    "text": "provide",
                    "normalized": "provide"
                }
            },
            {
                "subject": {
                    "text": "The revised Guidelines"
                },
                "sentence": " The revised Guidelines provide an example to illustrate this further.",
                "object": {
                    "text": "this further"
                },
                "action": {
                    "verb": {
                        "text": "illustrate",
                        "tense": "future"
                    },
                    "text": "to illustrate",
                    "normalized": "to illustrate"
                }
            },
            {
                "subject": {
                    "text": "website provider"
                },
                "sentence": " website provider implements a script such that the content of the website is",
                "object": {
                    "text": "a script such that the content of the website is"
                },
                "action": {
                    "verb": {
                        "text": "implement",
                        "tense": "present"
                    },
                    "text": "implements",
                    "normalized": "implement"
                }
            },
            {
                "subject": {
                    "text": "the only visible content"
                },
                "sentence": " blocked and not visible, and the only visible content is a request to accept",
                "object": {
                    "text": "a request to accept"
                },
                "action": {
                    "verb": {
                        "text": "be",
                        "tense": "present"
                    },
                    "text": "is",
                    "normalized": "be"
                }
            },
            {
                "subject": {
                    "text": "Selecting that button"
                },
                "sentence": " Selecting that button would not constitute valid consent: the",
                "object": {
                    "text": "valid consent"
                },
                "action": {
                    "verb": {
                        "text": "constitute",
                        "tense": "future",
                        "negated": true
                    },
                    "text": "constitute",
                    "normalized": "constitute"
                }
            },
            {
                "subject": {
                    "text": "setup"
                },
                "sentence": " setup would not present the data subject with a genuine choice.",
                "object": {
                    "text": "the data subject"
                },
                "action": {
                    "verb": {
                        "text": "present",
                        "tense": "future",
                        "negated": true
                    },
                    "text": "present",
                    "normalized": "present"
                }
            },
            {
                "subject": {
                    "text": "the EDPB"
                },
                "sentence": " Further in relation to offering a genuine choice to the data subject, the EDPB",
                "object": {
                    "text": "a genuine choice"
                },
                "action": {
                    "verb": {
                        "text": "offer",
                        "tense": "future"
                    },
                    "text": "offering",
                    "normalized": "offer"
                }
            },
            {
                "subject": {
                    "text": "a statement"
                },
                "sentence": " updated a statement previously made in the earlier version of the Guidelines.",
                "action": {
                    "verb": {
                        "text": "make",
                        "tense": "past"
                    },
                    "text": "made",
                    "normalized": "make"
                }
            },
            {
                "subject": {
                    "text": "the EDPB"
                },
                "sentence": " In that earlier version, the EDPB considered the following argument.",
                "action": {
                    "verb": {
                        "text": "consider",
                        "tense": "past"
                    },
                    "text": "considered",
                    "normalized": "consider"
                }
            },
            {
                "subject": {
                    "text": "subject"
                },
                "sentence": " subject could have a \"choice\" between two competitors: (a) the use of the",
                "object": {
                    "text": "a \"choice\" between two competitors"
                },
                "action": {
                    "verb": {
                        "text": "have",
                        "tense": "future"
                    },
                    "text": "could have",
                    "normalized": "could have"
                }
            },
            {
                "subject": {
                    "text": "by Controller A, which requires consenting to the processing"
                },
                "sentence": " service provided by Controller A, which requires consenting to the processing",
                "object": {
                    "text": "service"
                },
                "action": {
                    "verb": {
                        "text": "provide",
                        "tense": "past"
                    },
                    "text": "provided",
                    "normalized": "provide"
                }
            },
            {
                "subject": {
                    "text": "by Controller B, where the use of personal data for"
                },
                "sentence": " service provided by Controller B, where the use of personal data for",
                "object": {
                    "text": "service"
                },
                "action": {
                    "verb": {
                        "text": "provide",
                        "tense": "past"
                    },
                    "text": "provided",
                    "normalized": "provide"
                }
            },
            {
                "subject": {
                    "text": "present a genuine choice to the data subject"
                },
                "sentence": " present a genuine choice to the data subject was dismissed by the EDPB.",
                "object": {
                    "text": "dismissed by the EDPB"
                },
                "action": {
                    "verb": {
                        "text": "be",
                        "tense": "past"
                    },
                    "text": "was",
                    "normalized": "be"
                }
            },
            {
                "subject": {
                    "text": "by the EDPB"
                },
                "sentence": " present a genuine choice to the data subject was dismissed by the EDPB.",
                "object": {
                    "text": "present a genuine choice to the data subject"
                },
                "action": {
                    "verb": {
                        "text": "dismiss",
                        "tense": "past"
                    },
                    "text": "was dismissed",
                    "normalized": "be dismiss"
                }
            },
            {
                "subject": {
                    "text": "EDPB"
                },
                "sentence": " EDPB explained that the freedom of choice in such a scenario would be made",
                "object": {
                    "text": "that the freedom of choice in such a scenario would be made"
                },
                "action": {
                    "verb": {
                        "text": "explain",
                        "tense": "past"
                    },
                    "text": "explained",
                    "normalized": "explain"
                }
            },
            {
                "subject": {
                    "text": "such an argument"
                },
                "sentence": " such an argument would also require Controller A consistently to monitor",
                "object": {
                    "text": "A consistently to monitor"
                },
                "action": {
                    "verb": {
                        "text": "require",
                        "tense": "future"
                    },
                    "text": "would also require",
                    "normalized": "would also require"
                }
            },
            {
                "subject": {
                    "text": "developments in the market"
                },
                "sentence": " developments in the market to ensure the continued validity of consent, as its",
                "object": {
                    "text": "the continued validity of consent"
                },
                "action": {
                    "verb": {
                        "text": "ensure",
                        "tense": "future"
                    },
                    "text": "to ensure",
                    "normalized": "to ensure"
                }
            },
            {
                "subject": {
                    "text": "competitor"
                },
                "sentence": " competitor may alter its service at a later stage and hence no longer provide",
                "object": {
                    "text": "its service"
                },
                "action": {
                    "verb": {
                        "text": "alter",
                        "tense": "future"
                    },
                    "text": "may alter",
                    "normalized": "may alter"
                }
            },
            {
                "subject": {
                    "text": "consent"
                },
                "sentence": " that, where consent is a condition to the provision of a service, relying on",
                "object": {
                    "text": "a condition to the provision of a service"
                },
                "action": {
                    "verb": {
                        "text": "be",
                        "tense": "present"
                    },
                    "text": "is",
                    "normalized": "be"
                }
            },
            {
                "subject": {
                    "text": "a third party"
                },
                "sentence": " is sought) is offered by a competitor or a third party fails to comply with",
                "object": {
                    "text": "to comply with"
                },
                "action": {
                    "verb": {
                        "text": "fail",
                        "tense": "present"
                    },
                    "text": "fails",
                    "normalized": "fail"
                }
            },
            {
                "subject": {
                    "text": "Any Circumstances"
                },
                "sentence": " Scrolling Through Does Not Under Any Circumstances Constitute Consent",
                "object": {
                    "text": "Consent"
                },
                "action": {
                    "verb": {
                        "text": "Constitute",
                        "tense": "present"
                    },
                    "text": "Constitute",
                    "normalized": "Constitute"
                }
            },
            {
                "subject": {
                    "text": "The 2018 version of the Guidelines"
                },
                "sentence": " The 2018 version of the Guidelines had made clear that merely continuing with",
                "object": {
                    "text": "that"
                },
                "action": {
                    "verb": {
                        "text": "make",
                        "tense": "past"
                    },
                    "text": "had made",
                    "normalized": "have make"
                }
            },
            {
                "subject": {
                    "text": "the ordinary use of a website"
                },
                "sentence": " the ordinary use of a website did not of itself satisfy the conditions for",
                "object": {
                    "text": "not of itself"
                },
                "action": {
                    "verb": {
                        "text": "do",
                        "tense": "past"
                    },
                    "text": "did",
                    "normalized": "do"
                }
            },
            {
                "subject": {
                    "text": "The updated Guidelines"
                },
                "sentence": " The updated Guidelines now provide a",
                "action": {
                    "verb": {
                        "text": "provide",
                        "tense": "present"
                    },
                    "text": "provide",
                    "normalized": "provide"
                }
            },
            {
                "subject": {
                    "text": "any circumstances"
                },
                "sentence": " activity will not under any circumstances satisfy the consent requirement of a",
                "object": {
                    "text": "the consent requirement of a"
                },
                "action": {
                    "verb": {
                        "text": "satisfy",
                        "tense": "future"
                    },
                    "text": "satisfy",
                    "normalized": "satisfy"
                }
            },
            {
                "subject": {
                    "text": "for the user to withdraw"
                },
                "sentence": " Further, it would be difficult to provide a way for the user to withdraw",
                "object": {
                    "text": "a way"
                },
                "action": {
                    "verb": {
                        "text": "provide",
                        "tense": "future"
                    },
                    "text": "to provide",
                    "normalized": "to provide"
                }
            },
            {
                "subject": {
                    "text": "consent in a manner"
                },
                "sentence": " consent in a manner that is as easy as granting consent, which is an",
                "object": {
                    "text": "as easy"
                },
                "action": {
                    "verb": {
                        "text": "be",
                        "tense": "present"
                    },
                    "text": "is",
                    "normalized": "be"
                }
            },
            {
                "subject": {
                    "text": "easy as granting consent"
                },
                "sentence": " consent in a manner that is as easy as granting consent, which is an",
                "object": {
                    "text": "an"
                },
                "action": {
                    "verb": {
                        "text": "be",
                        "tense": "present"
                    },
                    "text": "is",
                    "normalized": "be"
                }
            },
            {
                "subject": {
                    "text": "additional requirement for obtaining valid consent"
                },
                "sentence": " additional requirement for obtaining valid consent that cannot be satisfied in",
                "object": {
                    "text": "satisfied in"
                },
                "action": {
                    "verb": {
                        "text": "be",
                        "tense": "future",
                        "negated": true
                    },
                    "text": "be",
                    "normalized": "be"
                }
            },
            {
                "subject": {
                    "text": "additional requirement for obtaining valid consent"
                },
                "sentence": " additional requirement for obtaining valid consent that cannot be satisfied in",
                "object": {
                    "text": "in"
                },
                "action": {
                    "verb": {
                        "text": "satisfy",
                        "tense": "future",
                        "negated": true
                    },
                    "text": "satisfied",
                    "normalized": "satisfy"
                }
            },
            {
                "subject": {
                    "text": "The Information Commissioner's Office (ICO), the U.K.'s DPA,"
                },
                "sentence": " The Information Commissioner's Office (ICO), the U.K.'s DPA, had previously",
                "action": {
                    "verb": {
                        "text": "have",
                        "tense": "past"
                    },
                    "text": "had",
                    "normalized": "have"
                }
            },
            {
                "subject": {
                    "text": "access to websites,"
                },
                "sentence": " access to websites, was unlikely to represent valid consent.",
                "object": {
                    "text": "unlikely to represent valid consent"
                },
                "action": {
                    "verb": {
                        "text": "be",
                        "tense": "past"
                    },
                    "text": "was",
                    "normalized": "be"
                }
            }
        ],
        "categories": [
            {
                "score": 0.900313,
                "label": "/law, govt and politics"
            },
            {
                "score": 0.818233,
                "label": "/technology and computing/internet technology"
            },
            {
                "score": 0.804026,
                "label": "/technology and computing/internet technology/web search/people search"
            }
        ],
        "relations": [
            {
                "type": "managerOf",
                "sentence": "On May 4, 2020, the European Data Protection Board (EDPB) adopted two important [revisions](https://edpb.europa.eu/sites/edpb/files/files/file1/edpb_guidelines_202005_consent_en.pdf) to its 33-page Guidelines on Consent (Guidelines) under the General Data Protection Regulation (GDPR).1 The Guidelines are highly influential, as the EDPB (a body composed of the heads of the European Economic Area (EEA) national data protection authorities (DPAs) and the European Data Protection Supervisor) is tasked with promoting the consistent application of data protection rules throughout the EEA.",
                "score": 0.73636,
                "arguments": [
                    {
                        "text": "Supervisor",
                        "location": [
                            481,
                            491
                        ],
                        "entities": [
                            {
                                "type": "Person",
                                "text": "Supervisor"
                            }
                        ]
                    },
                    {
                        "text": "European Data Protection",
                        "location": [
                            456,
                            480
                        ],
                        "entities": [
                            {
                                "type": "Organization",
                                "text": "European Data Protection",
                                "disambiguation": {
                                    "subtype": [
                                        "Commercial"
                                    ]
                                }
                            }
                        ]
                    }
                ]
            },
            {
                "type": "timeOf",
                "sentence": "1 The original Guidelines were published two years ago, when, at its first plenary meeting on May 25, 2018, the EDPB endorsed the Guidelines, which the Article 29 Working Party had adopted on April 10, 2018.",
                "score": 0.924871,
                "arguments": [
                    {
                        "text": "May 25, 2018",
                        "location": [
                            7364,
                            7376
                        ],
                        "entities": [
                            {
                                "type": "Date",
                                "text": "May 25, 2018"
                            }
                        ]
                    },
                    {
                        "text": "meeting",
                        "location": [
                            7353,
                            7360
                        ],
                        "entities": [
                            {
                                "type": "EventMeeting",
                                "text": "meeting"
                            }
                        ]
                    }
                ]
            },
            {
                "type": "agentOf",
                "sentence": "1 The original Guidelines were published two years ago, when, at its first plenary meeting on May 25, 2018, the EDPB endorsed the Guidelines, which the Article 29 Working Party had adopted on April 10, 2018.",
                "score": 0.992753,
                "arguments": [
                    {
                        "text": "EDPB",
                        "location": [
                            7382,
                            7386
                        ],
                        "entities": [
                            {
                                "type": "Organization",
                                "text": "European Data Protection Board"
                            }
                        ]
                    },
                    {
                        "text": "endorsed",
                        "location": [
                            7387,
                            7395
                        ],
                        "entities": [
                            {
                                "type": "EventCommunication",
                                "text": "endorsed"
                            }
                        ]
                    }
                ]
            },
            {
                "type": "partOf",
                "sentence": "1 The original Guidelines were published two years ago, when, at its first plenary meeting on May 25, 2018, the EDPB endorsed the Guidelines, which the Article 29 Working Party had adopted on April 10, 2018.",
                "score": 0.539344,
                "arguments": [
                    {
                        "text": "Working Party",
                        "location": [
                            7433,
                            7446
                        ],
                        "entities": [
                            {
                                "type": "Organization",
                                "text": "Working Party"
                            }
                        ]
                    },
                    {
                        "text": "Article",
                        "location": [
                            7422,
                            7429
                        ],
                        "entities": [
                            {
                                "type": "Organization",
                                "text": "Article"
                            }
                        ]
                    }
                ]
            },
            {
                "type": "timeOf",
                "sentence": "_Originally published May 21, 2020_",
                "score": 0.9102,
                "arguments": [
                    {
                        "text": "May 21, 2020",
                        "location": [
                            7501,
                            7513
                        ],
                        "entities": [
                            {
                                "type": "Date",
                                "text": "May 21, 2020"
                            }
                        ]
                    },
                    {
                        "text": "published",
                        "location": [
                            7491,
                            7500
                        ],
                        "entities": [
                            {
                                "type": "EventCommunication",
                                "text": "published"
                            }
                        ]
                    }
                ]
            },
            {
                "type": "agentOf",
                "sentence": "Specialist advice should be sought about your specific circumstances._",
                "score": 0.974716,
                "arguments": [
                    {
                        "text": "Specialist",
                        "location": [
                            7607,
                            7617
                        ],
                        "entities": [
                            {
                                "type": "Person",
                                "text": "Specialist"
                            }
                        ]
                    },
                    {
                        "text": "advice",
                        "location": [
                            7618,
                            7624
                        ],
                        "entities": [
                            {
                                "type": "EventCommunication",
                                "text": "advice"
                            }
                        ]
                    }
                ]
            },
            {
                "type": "employedBy",
                "sentence": "Ms Natasha Kohne   Akin Gump Strauss Hauer & Feld LLP   2029 Century Park East Suite 2400   Los Angeles   CA 90067-3010   UNITED STATES   Tel: 202.887.4000   E-mail: [Jlarivee@akingump.com](mailto:Jlarivee@akingump.com); [pazimi@akingump.com](mailto:pazimi@akingump.com)   URL: [www.akingump.com](http://www.akingump.com)",
                "score": 0.537419,
                "arguments": [
                    {
                        "text": "Ms Natasha Kohne  \nAkin Gump Strauss Hauer",
                        "location": [
                            7679,
                            7721
                        ],
                        "entities": [
                            {
                                "type": "Person",
                                "text": "Ms Natasha Kohne  \nAkin Gump Strauss Hauer"
                            }
                        ]
                    },
                    {
                        "text": "& Feld LLP",
                        "location": [
                            7722,
                            7732
                        ],
                        "entities": [
                            {
                                "type": "Organization",
                                "text": "& Feld LLP",
                                "disambiguation": {
                                    "subtype": [
                                        "Commercial"
                                    ]
                                }
                            }
                        ]
                    }
                ]
            },
            {
                "type": "locatedAt",
                "sentence": "Ms Natasha Kohne   Akin Gump Strauss Hauer & Feld LLP   2029 Century Park East Suite 2400   Los Angeles   CA 90067-3010   UNITED STATES   Tel: 202.887.4000   E-mail: [Jlarivee@akingump.com](mailto:Jlarivee@akingump.com); [pazimi@akingump.com](mailto:pazimi@akingump.com)   URL: [www.akingump.com](http://www.akingump.com)",
                "score": 0.492027,
                "arguments": [
                    {
                        "text": "& Feld LLP",
                        "location": [
                            7722,
                            7732
                        ],
                        "entities": [
                            {
                                "type": "Organization",
                                "text": "& Feld LLP",
                                "disambiguation": {
                                    "subtype": [
                                        "Commercial"
                                    ]
                                }
                            }
                        ]
                    },
                    {
                        "text": "Park East Suite",
                        "location": [
                            7748,
                            7763
                        ],
                        "entities": [
                            {
                                "type": "Facility",
                                "text": "Park East Suite"
                            }
                        ]
                    }
                ]
            },
            {
                "type": "employedBy",
                "sentence": "A data subject could have a \"choice\" between two competitors: (a) the use of the service provided by Controller A, which requires consenting to the processing of personal data for additional purposes; or (b) the use of an equivalent service provided by Controller B, where the use of personal data for additional purposes is not required.",
                "score": 0.398677,
                "arguments": [
                    {
                        "text": "Controller",
                        "location": [
                            3053,
                            3063
                        ],
                        "entities": [
                            {
                                "type": "Person",
                                "text": "controller"
                            }
                        ]
                    },
                    {
                        "text": "competitors",
                        "location": [
                            3001,
                            3012
                        ],
                        "entities": [
                            {
                                "type": "Organization",
                                "text": "competitors",
                                "disambiguation": {
                                    "subtype": [
                                        "Commercial"
                                    ]
                                }
                            }
                        ]
                    }
                ]
            },
            {
                "type": "agentOf",
                "sentence": "The argument that this dichotomy would present a genuine choice to the data subject was dismissed by the EDPB.",
                "score": 0.576327,
                "arguments": [
                    {
                        "text": "EDPB",
                        "location": [
                            3396,
                            3400
                        ],
                        "entities": [
                            {
                                "type": "Organization",
                                "text": "European Data Protection Board"
                            }
                        ]
                    },
                    {
                        "text": "dismissed",
                        "location": [
                            3379,
                            3388
                        ],
                        "entities": [
                            {
                                "type": "EventLegal",
                                "text": "dismissed"
                            }
                        ]
                    }
                ]
            },
            {
                "type": "agentOf",
                "sentence": "The EDPB explained that the freedom of choice in such a scenario would be made dependent on what other market players do, and whether an individual data subject would find Controller B's services genuinely \"equivalent\", Relying on such an argument would also require Controller A consistently to monitor developments in the market to ensure the continued validity of consent, as its competitor may alter its service at a later stage and hence no longer provide an \"equivalent\" service.",
                "score": 0.986522,
                "arguments": [
                    {
                        "text": "EDPB",
                        "location": [
                            3406,
                            3410
                        ],
                        "entities": [
                            {
                                "type": "Organization",
                                "text": "European Data Protection Board"
                            }
                        ]
                    },
                    {
                        "text": "explained",
                        "location": [
                            3411,
                            3420
                        ],
                        "entities": [
                            {
                                "type": "EventCommunication",
                                "text": "explained"
                            }
                        ]
                    }
                ]
            },
            {
                "type": "partOf",
                "sentence": "The EDPB explained that the freedom of choice in such a scenario would be made dependent on what other market players do, and whether an individual data subject would find Controller B's services genuinely \"equivalent\", Relying on such an argument would also require Controller A consistently to monitor developments in the market to ensure the continued validity of consent, as its competitor may alter its service at a later stage and hence no longer provide an \"equivalent\" service.",
                "score": 0.549141,
                "arguments": [
                    {
                        "text": "competitor",
                        "location": [
                            3785,
                            3795
                        ],
                        "entities": [
                            {
                                "type": "Organization",
                                "text": "General Data\nProtection Regulation"
                            }
                        ]
                    },
                    {
                        "text": "its",
                        "location": [
                            3781,
                            3784
                        ],
                        "entities": [
                            {
                                "type": "Organization",
                                "text": "its",
                                "disambiguation": {
                                    "subtype": [
                                        "Commercial"
                                    ]
                                }
                            }
                        ]
                    }
                ]
            },
            {
                "type": "basedIn",
                "sentence": "The Information Commissioner's Office (ICO), the U.K.'s DPA, had previously expressed a view that the blanket use of cookie walls, which would restrict access to websites, was unlikely to represent valid consent.",
                "score": 0.973074,
                "arguments": [
                    {
                        "text": "DPA",
                        "location": [
                            5426,
                            5429
                        ],
                        "entities": [
                            {
                                "type": "Organization",
                                "text": "DPA",
                                "disambiguation": {
                                    "subtype": [
                                        "Commercial"
                                    ]
                                }
                            }
                        ]
                    },
                    {
                        "text": "U.K.",
                        "location": [
                            5419,
                            5423
                        ],
                        "entities": [
                            {
                                "type": "GeopoliticalEntity",
                                "text": "U.K."
                            }
                        ]
                    }
                ]
            },
            {
                "type": "locatedAt",
                "sentence": "A good practice would be to adopt tailored cookie options for users, where they can accept or reject non-essential cookies as they see fit, and continue to access the website even where they have rejected the use of some such cookies.",
                "score": 0.371239,
                "arguments": [
                    {
                        "text": "users",
                        "location": [
                            7082,
                            7087
                        ],
                        "entities": [
                            {
                                "type": "Person",
                                "text": "users"
                            }
                        ]
                    },
                    {
                        "text": "where",
                        "location": [
                            7089,
                            7094
                        ],
                        "entities": [
                            {
                                "type": "Facility",
                                "text": "where"
                            }
                        ]
                    }
                ]
            },
            {
                "type": "agentOf",
                "sentence": "A good practice would be to adopt tailored cookie options for users, where they can accept or reject non-essential cookies as they see fit, and continue to access the website even where they have rejected the use of some such cookies.",
                "score": 0.980921,
                "arguments": [
                    {
                        "text": "they",
                        "location": [
                            7206,
                            7210
                        ],
                        "entities": [
                            {
                                "type": "Person",
                                "text": "users"
                            }
                        ]
                    },
                    {
                        "text": "rejected",
                        "location": [
                            7216,
                            7224
                        ],
                        "entities": [
                            {
                                "type": "EventCommunication",
                                "text": "rejected"
                            }
                        ]
                    }
                ]
            },
            {
                "type": "participantIn",
                "sentence": "1 The original Guidelines were published two years ago, when, at its first plenary meeting on May 25, 2018, the EDPB endorsed the Guidelines, which the Article 29 Working Party had adopted on April 10, 2018.",
                "score": 0.554002,
                "arguments": [
                    {
                        "text": "its",
                        "location": [
                            7335,
                            7338
                        ],
                        "entities": [
                            {
                                "type": "Organization",
                                "text": "its",
                                "disambiguation": {
                                    "subtype": [
                                        "Commercial"
                                    ]
                                }
                            }
                        ]
                    },
                    {
                        "text": "meeting",
                        "location": [
                            7353,
                            7360
                        ],
                        "entities": [
                            {
                                "type": "EventMeeting",
                                "text": "meeting"
                            }
                        ]
                    }
                ]
            }
        ],
        "keywords": [
            {
                "text": "European Data Protection Board",
                "relevance": 0.72308,
                "count": 1
            },
            {
                "text": "national data protection authorities",
                "relevance": 0.616344,
                "count": 1
            },
            {
                "text": "personal data",
                "relevance": 0.61016,
                "count": 4
            },
            {
                "text": "data subject",
                "relevance": 0.606038,
                "count": 4
            },
            {
                "text": "cookie walls",
                "relevance": 0.592159,
                "count": 4
            },
            {
                "text": "33-page Guidelines",
                "relevance": 0.584236,
                "count": 1
            },
            {
                "text": "genuine choice",
                "relevance": 0.57279,
                "count": 5
            },
            {
                "text": "valid consent",
                "relevance": 0.563037,
                "count": 8
            },
            {
                "text": "condition access",
                "relevance": 0.560254,
                "count": 1
            },
            {
                "text": "such circumstances",
                "relevance": 0.557856,
                "count": 2
            },
            {
                "text": "storing of information",
                "relevance": 0.5493,
                "count": 1
            },
            {
                "text": "Akin Gump Strauss Hauer",
                "relevance": 0.548707,
                "count": 1
            },
            {
                "text": "content of the website",
                "relevance": 0.542895,
                "count": 1
            },
            {
                "text": "Controller A",
                "relevance": 0.541504,
                "count": 2
            },
            {
                "text": "earlier version of the Guidelines",
                "relevance": 0.541419,
                "count": 1
            },
            {
                "text": "EDPB's revisions",
                "relevance": 0.541049,
                "count": 1
            },
            {
                "text": "clear indication",
                "relevance": 0.538592,
                "count": 1
            },
            {
                "text": "good practice",
                "relevance": 0.536871,
                "count": 1
            },
            {
                "text": "website provider",
                "relevance": 0.535724,
                "count": 1
            },
            {
                "text": "only visible content",
                "relevance": 0.533921,
                "count": 1
            },
            {
                "text": "cookie banners",
                "relevance": 0.533835,
                "count": 1
            },
            {
                "text": "Consent",
                "relevance": 0.533383,
                "count": 17
            },
            {
                "text": "earlier version",
                "relevance": 0.532538,
                "count": 1
            },
            {
                "text": "consent guidance",
                "relevance": 0.530115,
                "count": 1
            },
            {
                "text": "Such activities",
                "relevance": 0.5274,
                "count": 1
            },
            {
                "text": "Practical Implications of the Revised Guidelines",
                "relevance": 0.526518,
                "count": 1
            },
            {
                "text": "updated Guidelines",
                "relevance": 0.521443,
                "count": 1
            },
            {
                "text": "revised Guidelines",
                "relevance": 0.521006,
                "count": 2
            },
            {
                "text": "terminal equipment of a user",
                "relevance": 0.520302,
                "count": 1
            },
            {
                "text": "website",
                "relevance": 0.520084,
                "count": 2
            },
            {
                "text": "subject matter",
                "relevance": 0.51957,
                "count": 1
            },
            {
                "text": "European data protection laws",
                "relevance": 0.517536,
                "count": 1
            },
            {
                "text": "later stage",
                "relevance": 0.517321,
                "count": 1
            },
            {
                "text": "acceptance of cookies",
                "relevance": 0.51707,
                "count": 1
            },
            {
                "text": "Controller B",
                "relevance": 0.516915,
                "count": 1
            },
            {
                "text": "lawful basis",
                "relevance": 0.516575,
                "count": 1
            },
            {
                "text": "services",
                "relevance": 0.516321,
                "count": 2
            },
            {
                "text": "user",
                "relevance": 0.515374,
                "count": 4
            },
            {
                "text": "following argument",
                "relevance": 0.514682,
                "count": 1
            },
            {
                "text": "additional purposes",
                "relevance": 0.514553,
                "count": 2
            },
            {
                "text": "additional requirement",
                "relevance": 0.514495,
                "count": 1
            },
            {
                "text": "use of personal data",
                "relevance": 0.514362,
                "count": 1
            },
            {
                "text": "use",
                "relevance": 0.513856,
                "count": 2
            },
            {
                "text": "first revision",
                "relevance": 0.513778,
                "count": 1
            },
            {
                "text": "heads of the European Economic Area",
                "relevance": 0.51365,
                "count": 1
            },
            {
                "text": "revisions",
                "relevance": 0.513548,
                "count": 3
            },
            {
                "text": "affirmative action",
                "relevance": 0.513524,
                "count": 1
            },
            {
                "text": "Activities",
                "relevance": 0.513413,
                "count": 1
            },
            {
                "text": "EDPB",
                "relevance": 0.513387,
                "count": 9
            },
            {
                "text": "various drafts of the e-Privacy Regulation",
                "relevance": 0.512018,
                "count": 1
            }
        ]
    },
    "freqeuncy": "Daily",
    "extracted_metadata": {
        "sha1": "7b0bfbea16e0e4bfc15282346a4ac401dd703a6b",
        "filename": "202006050012MONDAQ__NEWS_____202006050412_10947468.json",
        "file_type": "json"
    },
    "companyRecord": "|||Akin Gump Strauss Hauer & Feld LLP|extractor|DUNS:078376928;NECOID:1757825763;ACORN:3883309394|MENTION||||XXXX|REFERENCE",
    "publicationTime": "2020-06-05T00:12:00-04:00",
    "title": "Revisions To The EDPB Guidelines On Consent: Cookie Walls And Scrolling Through",
    "html": "<div> <p>On <chron>May 4, 2020</chron>, the European Data Protection Board (EDPB) adopted two important <a href=\"https://edpb.europa.eu/sites/edpb/files/files/file1/edpb_guidelines_202005_consent_en.pdf\" target=\"_blank\">revisions</a> to its 33-page Guidelines on Consent (Guidelines) under the General Data Protection Regulation (GDPR).<a href=\"#_ftn1\" id=\"_ftnref1\" name=\"_ftnref1\"><sup>1</sup></a> The Guidelines are highly influential, as the EDPB (a body composed of the heads of the European Economic Area (EEA) national data protection authorities (DPAs) and the European Data Protection Supervisor) is tasked with promoting the consistent application of data protection rules throughout the EEA. The first revision states that the so-called \"cookie walls\", i.e., cookie banners that condition access to a website on the acceptance of cookies, are not compliant with the GDPR's consent requirement. The second revision confirms that actions such as merely scrolling or swiping through a webpage do not under any circumstances constitute valid consent under the GDPR. All organizations that utilize websites or services that use cookies may be caught by the extra-territorial scope of the GDPR, so we summarize the revisions to the consent guidance below.</p> <p style=\"font-weight:bold;\">Consent Cannot be Validly Obtained Via \"<person>Cookie Walls</person>\"</p> <p>The requirements for valid consent, which is one of the six lawful bases for processing personal data under the GDPR, are that the consent must be freely given, specific, informed and unambiguous. The EDPB's revisions to the Guidelines state that in order for consent to be freely given, access to services and to functionalities must not be made conditional on the consent of a user to the storing of information, or gaining of access to information already stored, in the terminal equipment of a user. Therefore, cookie walls cannot constitute valid consent. (Although cookies are regulated by the e-Privacy Directive, the GDPR conditions for obtaining valid consent are applicable in situations falling within the scope of that Directive, which is undergoing revision through the various drafts of the e-Privacy Regulation).</p> <p>The revised Guidelines provide an example to illustrate this further. A website provider implements a script such that the content of the website is blocked and not visible, and the only visible content is a request to accept cookies and information about which cookies are being set and for what purposes personal data will be processed. In that scenario, there is no means by which the data subject can access the content without selecting the 'accept cookies' button. Selecting that button would not constitute valid consent: the setup would not present the data subject with a genuine choice. Consent would not be freely given and therefore would not be validly obtained under the GDPR.</p> <p>Further in relation to offering a genuine choice to the data subject, the EDPB updated a statement previously made in the earlier version of the Guidelines. In that earlier version, the EDPB considered the following argument. A data subject could have a \"choice\" between two competitors: (a) the use of the service provided by Controller A, which requires consenting to the processing of personal data for additional purposes; or (b) the use of an equivalent service provided by Controller B, where the use of personal data for additional purposes is not required. The argument that this dichotomy would present a genuine choice to the data subject was dismissed by the EDPB. The EDPB explained that the freedom of choice in such a scenario would be made dependent on what other market players do, and whether an individual data subject would find Controller B's services genuinely \"equivalent\", Relying on such an argument would also require Controller A consistently to monitor developments in the market to ensure the continued validity of consent, as its competitor may alter its service at a later stage and hence no longer provide an \"equivalent\" service. This would in practice mean limitations on the freedom of choice and hence lack of a genuine choice. So consent could not be \"freely given\" in such circumstances. Thus, the revised Guidelines clarify that, where consent is a condition to the provision of a service, relying on consent as a lawful basis just because an alternative option (where no consent is sought) is offered by a competitor or a third party fails to comply with the GDPR.</p> <p style=\"font-weight:bold;\">Scrolling Through Does Not Under Any Circumstances Constitute Consent</p> <p>The 2018 version of the Guidelines had made clear that merely continuing with the ordinary use of a website did not of itself satisfy the conditions for obtaining valid consent under the GDPR. The updated Guidelines now provide a further example clarifying the EDPB's position in this regard.</p> <p>Activities such as scrolling or swiping through a webpage or similar user activity will not under any circumstances satisfy the consent requirement of a \"clear and affirmative action\". Such activities may be difficult to distinguish from other activity or interaction by a user with the webpage. As a result, determining that unambiguous consent has been obtained will not be possible.</p> <p>Further, it would be difficult to provide a way for the user to withdraw consent in a manner that is as easy as granting consent, which is an additional requirement for obtaining valid consent that cannot be satisfied in this scenario.</p> <p style=\"font-weight:bold;\">Practical Implications of the Revised Guidelines</p> <p><org>The Information Commissioner's Office</org> (ICO), the <location idsrc=\"xmltag.org\" value=\"LC/gb\">U.K.'s</location> DPA, had previously expressed a view that the blanket use of cookie walls, which would restrict access to websites, was unlikely to represent valid consent. A few other national DPAs, including the French, Dutch and Irish DPA, had also raised concerns regarding whether cookie walls provide a genuine choice to data subjects when they seek consent. The EDPB's revised Guidelines add significant weight to these concerns and effectively mean that data controllers to whom the European data protection laws apply can no longer use cookie walls in order to obtain consent.</p> <p>Importantly, the revisions to the Guidelines reiterate that a data controller cannot prevent data subjects from accessing a particular service on the basis that they do not consent to the use of their personal data. Simply providing the user with the option of consenting to and accessing the service, or not consenting and being denied access, does not amount to any genuine choice and any consent obtained in such circumstances is invalid. The prudent action for data controllers following the EDPB's statement would be to revisit the lawful basis on which they are processing personal data, in order to confirm whether consent is indeed required, and if so, whether it is validly obtained.</p> <p>Finally, unless cookies are strictly necessary, they cannot be placed prior to the data subjects providing their consent. As scrolling through a webpage would never be a sufficiently clear indication that can constitute consent, according to the EDPB, website providers must ensure that they seek clear, overt action from users. A good practice would be to adopt tailored cookie options for users, where they can accept or reject non-essential cookies as they see fit, and continue to access the website even where they have rejected the use of some such cookies.</p> <p><strong>Footnote</strong></p> <p><small><a href=\"#_ftnref1\" id=\"_ftn1\" name=\"_ftn1\">1</a> The original Guidelines were published two years ago, when, at its first plenary meeting on <chron>May 25, 2018</chron>, the EDPB endorsed the Guidelines, which the Article 29 <org>Working Party</org> had adopted on <chron>April 10, 2018</chron>.</small></p> <p><em>Originally published <chron>May 21, 2020</chron></em></p> <p><em>The content of this article is intended to provide a general guide to the subject matter. Specialist advice should be sought about your specific circumstances.</em></p> </div>\n<p><font face=\"Tahoma, Arial, Verdana, Helvetica\" size=\"2\">\nMs <person>Natasha Kohne</person><br />\n<org idsrc=\"xmltag.org\" value=\"ACORN:3883309394\">Akin Gump Strauss Hauer &amp; Feld LLP</org><br />\n2029 Century <person>Park East Suite</person> 2400<br />\n<location idsrc=\"xmltag.org\" value=\"LU/us.ca.losang\">Los Angeles</location><br />\nCA 90067-3010<br />\n<location idsrc=\"xmltag.org\" value=\"LC/us\">UNITED STATES</location><br />\nTel: 202.887.4000<br />\nE-mail: <a href=\"mailto:Jlarivee@akingump.com\">Jlarivee@akingump.com</a>; <a href=\"mailto:pazimi@akingump.com\">pazimi@akingump.com</a><br />\nURL: <a href=\"http://www.akingump.com\">www.akingump.com</a><br />\n</font></p>",
    "geoFocus": [
        [
            "GC/us",
            "United States"
        ],
        [
            "GR/glb",
            "Global"
        ]
    ]
}