{
    "id": "17008d3f-7978-4695-8c3f-88d41321bdb4",
    "result_metadata": {
        "score": 1
    },
    "copyright": "Copyright AS Eesti Meedia Jun 5, 2020",
    "geoOrigin": "Tallinn, Estonia",
    "sourceType": "General Newswire",
    "source": "Baltic News Service",
    "corpus_document_id": "96301763017660305746",
    "description": "VILNIUS, Jun 05, BNS- Lithuania is easing military training restrictions as the coronavirus situation in the country is improving, the Defense Ministry said on Friday.  \"As the epidemiological situation in Lithuania is improving, I am allowing military units to resume exercises outside military areas, too,\" Rupsys said in a press release. Military training did not...",
    "serviceName": "Trade Publications",
    "locationCode": [
        {
            "parent": "LR/eur",
            "relevance_score": "9",
            "description": "Northern Europe",
            "code": "LB/neur#9#49#90",
            "level": 1
        },
        {
            "parent": "LB/neur",
            "relevance_score": "9",
            "description": "Lithuania",
            "code": "LC/lt#9#90#90",
            "level": 2
        },
        {
            "parent": null,
            "relevance_score": "9",
            "description": "Europe",
            "code": "LR/eur#9#49#90",
            "level": 0
        },
        {
            "code": "LS/lt#9#50#90",
            "description": "",
            "relevance_score": "9"
        }
    ],
    "sourceClass": "Business and Commerce, General News, Politics and Government",
    "subjectCode": [
        {
            "parent": null,
            "relevance_score": "9",
            "description": "Health and Wellness",
            "code": "IS/haw#9#50#99",
            "level": 0
        },
        {
            "parent": "IS/haw.virology",
            "relevance_score": "9",
            "description": "Coronavirus Diseases",
            "code": "IS/haw.coronavi#9#75#99",
            "level": 4
        },
        {
            "parent": "IS/haw.coronavi",
            "relevance_score": "9",
            "description": "COVID-19 Novel Coronavirus",
            "code": "IS/haw.covid19#9#99#50",
            "level": 5
        },
        {
            "parent": "IS/haw",
            "relevance_score": "9",
            "description": "Medical Disorders and Diseases",
            "code": "IS/haw.disease#9#50#99",
            "level": 1
        }
    ],
    "text": "VILNIUS, Jun 05, BNS - Lithuania is easing military training restrictions as\nthe coronavirus situation in the country is improving, the Defense Ministry\nsaid on Friday.\n\nThe number of troops allowed to train together was increased to 100 (a\ncompany-sized unit) on Wednesday, from 30 (a platoon-sized unit) previously,\nand will be raised up to 150 on June 16.\n\nLithuanian soldiers will be able to travel to other countries for\ninternational exercises, but they will need permission from the chief of\ndefense to do so.\n\nMilitary bodies working with conscripts - the Military Conscription and\nRecruitment Service and the Military Medical Service - are resuming their\nactivities.\n\nChief of Defense Valdemaras Rupsys says the Armed Forces have maintained their\ncombat readiness throughout the lockdown period and the spread of the\ncoronavirus has been limited to several individual cases.\n\n\"As the epidemiological situation in Lithuania is improving, I am allowing\nmilitary units to resume exercises outside military areas, too,\" Rupsys said\nin a press release.\n\n\"Thus, we are gradually returning to the usual pace of military training,\" he\nadded.\n\nA total of 15 military and civilian personnel have tested positive for\nCOVID-19 so far and 14 of them have already recovered.\n\nMilitary training did not stop completely after a nationwide anti-coronavirus\nlockdown was introduced in Lithuania in mid-March, but certain restrictions\nwere put in place.\n\n[redakcija@bns.lt](mailto:redakcija@bns.lt), +370 5 205 85 07, Vilnius\nnewsroom",
    "industryCode": [],
    "naviga_enrichment": {
        "org": [
            "Defense Ministry"
        ],
        "location": [
            "VILNIUS",
            "Lithuania",
            ", +370 5 205 85 07, <location idsrc=\"xmltag.org\" value=\"LU/lt..vilnus\">Vilnius"
        ],
        "person": [
            "Valdemaras Rupsys"
        ],
        "companies": [
            "Defense Ministry"
        ]
    },
    "geoOrigin_code": "RU/ee..tallin",
    "language": "English",
    "filename": "202006050000PROQUESTTRADEPUB_2409569413.XML",
    "providerName": "ProQuest Information & Learning",
    "enriched_text": {
        "entities": [
            {
                "count": 3,
                "sentiment": {
                    "score": 0,
                    "label": "neutral"
                },
                "text": "Lithuania",
                "relevance": 0.95316,
                "type": "Location",
                "disambiguation": {
                    "subtype": [
                        "GovernmentalJurisdiction",
                        "Country"
                    ],
                    "name": "Lithuania",
                    "dbpedia_resource": "http://dbpedia.org/resource/Lithuania"
                }
            },
            {
                "count": 1,
                "sentiment": {
                    "score": 0,
                    "label": "neutral"
                },
                "text": "Military Medical Service",
                "relevance": 0.874645,
                "type": "Facility"
            },
            {
                "count": 2,
                "sentiment": {
                    "score": 0,
                    "label": "neutral"
                },
                "text": "VILNIUS",
                "relevance": 0.721507,
                "type": "Location",
                "disambiguation": {
                    "subtype": [
                        "City"
                    ],
                    "name": "Vilnius",
                    "dbpedia_resource": "http://dbpedia.org/resource/Vilnius"
                }
            },
            {
                "count": 2,
                "sentiment": {
                    "score": 0,
                    "label": "neutral"
                },
                "text": "Valdemaras Rupsys",
                "relevance": 0.568551,
                "type": "Person"
            },
            {
                "count": 1,
                "sentiment": {
                    "score": 0,
                    "label": "neutral"
                },
                "text": "Defense Ministry",
                "relevance": 0.532029,
                "type": "Organization"
            },
            {
                "count": 1,
                "sentiment": {
                    "score": -0.330597,
                    "label": "negative"
                },
                "text": "coronavirus",
                "relevance": 0.515669,
                "type": "Person"
            },
            {
                "count": 1,
                "sentiment": {
                    "score": 0,
                    "label": "neutral"
                },
                "text": "Armed Forces",
                "relevance": 0.404507,
                "type": "Organization"
            },
            {
                "count": 2,
                "sentiment": {
                    "score": 0,
                    "label": "neutral"
                },
                "text": "redakcija@bns.lt",
                "relevance": 0.38904,
                "type": "EmailAddress"
            }
        ],
        "semantic_roles": [
            {
                "subject": {
                    "text": "VILNIUS, Jun 05, BNS - Lithuania"
                },
                "sentence": "VILNIUS, Jun 05, BNS - Lithuania is easing military training restrictions as",
                "object": {
                    "text": "easing military training restrictions"
                },
                "action": {
                    "verb": {
                        "text": "be",
                        "tense": "present"
                    },
                    "text": "is",
                    "normalized": "be"
                }
            },
            {
                "subject": {
                    "text": "Lithuania"
                },
                "sentence": "VILNIUS, Jun 05, BNS - Lithuania is easing military training restrictions as",
                "object": {
                    "text": "military training restrictions"
                },
                "action": {
                    "verb": {
                        "text": "ease",
                        "tense": "present"
                    },
                    "text": "is easing",
                    "normalized": "be ease"
                }
            },
            {
                "subject": {
                    "text": "The number of troops allowed to train together"
                },
                "sentence": " The number of troops allowed to train together was increased to 100 (a",
                "object": {
                    "text": "increased to 100"
                },
                "action": {
                    "verb": {
                        "text": "be",
                        "tense": "past"
                    },
                    "text": "was",
                    "normalized": "be"
                }
            },
            {
                "subject": {
                    "text": "Lithuanian soldiers"
                },
                "sentence": " Lithuanian soldiers will be able to travel to other countries for",
                "object": {
                    "text": "to other countries"
                },
                "action": {
                    "verb": {
                        "text": "travel",
                        "tense": "future"
                    },
                    "text": "to travel",
                    "normalized": "to travel"
                }
            },
            {
                "subject": {
                    "text": "they"
                },
                "sentence": " international exercises, but they will need permission from the chief of",
                "object": {
                    "text": "permission"
                },
                "action": {
                    "verb": {
                        "text": "need",
                        "tense": "future"
                    },
                    "text": "will need",
                    "normalized": "will need"
                }
            },
            {
                "subject": {
                    "text": "Recruitment Service and the Military Medical Service -"
                },
                "sentence": " Recruitment Service and the Military Medical Service - are resuming their",
                "object": {
                    "text": "resuming their"
                },
                "action": {
                    "verb": {
                        "text": "be",
                        "tense": "present"
                    },
                    "text": "are",
                    "normalized": "be"
                }
            },
            {
                "subject": {
                    "text": "Recruitment Service and the Military Medical Service"
                },
                "sentence": " Recruitment Service and the Military Medical Service - are resuming their",
                "object": {
                    "text": "their"
                },
                "action": {
                    "verb": {
                        "text": "resume",
                        "tense": "present"
                    },
                    "text": "are resuming",
                    "normalized": "be resume"
                }
            },
            {
                "subject": {
                    "text": "Chief of Defense Valdemaras Rupsys"
                },
                "sentence": " Chief of Defense Valdemaras Rupsys says the Armed Forces have maintained their",
                "object": {
                    "text": "the Armed Forces have maintained their"
                },
                "action": {
                    "verb": {
                        "text": "say",
                        "tense": "present"
                    },
                    "text": "says",
                    "normalized": "say"
                }
            },
            {
                "subject": {
                    "text": "coronavirus"
                },
                "sentence": " coronavirus has been limited to several individual cases.",
                "object": {
                    "text": "been limited to several individual cases"
                },
                "action": {
                    "verb": {
                        "text": "have",
                        "tense": "present"
                    },
                    "text": "has",
                    "normalized": "have"
                }
            },
            {
                "subject": {
                    "text": "coronavirus"
                },
                "sentence": " coronavirus has been limited to several individual cases.",
                "object": {
                    "text": "limited to several individual cases"
                },
                "action": {
                    "verb": {
                        "text": "be",
                        "tense": "past"
                    },
                    "text": "been",
                    "normalized": "be"
                }
            },
            {
                "subject": {
                    "text": "coronavirus"
                },
                "sentence": " coronavirus has been limited to several individual cases.",
                "object": {
                    "text": "to several individual cases"
                },
                "action": {
                    "verb": {
                        "text": "limit",
                        "tense": "past"
                    },
                    "text": "has been limited",
                    "normalized": "have be limit"
                }
            },
            {
                "subject": {
                    "text": "the epidemiological situation in Lithuania"
                },
                "sentence": " \"As the epidemiological situation in Lithuania is improving, I am allowing",
                "object": {
                    "text": "improving"
                },
                "action": {
                    "verb": {
                        "text": "be",
                        "tense": "present"
                    },
                    "text": "is",
                    "normalized": "be"
                }
            },
            {
                "subject": {
                    "text": "military units"
                },
                "sentence": " military units to resume exercises outside military areas, too,\" Rupsys said",
                "object": {
                    "text": "exercises"
                },
                "action": {
                    "verb": {
                        "text": "resume",
                        "tense": "future"
                    },
                    "text": "to resume",
                    "normalized": "to resume"
                }
            },
            {
                "subject": {
                    "text": "Rupsys"
                },
                "sentence": " military units to resume exercises outside military areas, too,\" Rupsys said",
                "object": {
                    "text": "military units to resume exercises outside military areas, too"
                },
                "action": {
                    "verb": {
                        "text": "say",
                        "tense": "past"
                    },
                    "text": "said",
                    "normalized": "say"
                }
            },
            {
                "subject": {
                    "text": "A total of 15 military and civilian personnel"
                },
                "sentence": " A total of 15 military and civilian personnel have tested positive for",
                "object": {
                    "text": "tested positive"
                },
                "action": {
                    "verb": {
                        "text": "have",
                        "tense": "present"
                    },
                    "text": "have",
                    "normalized": "have"
                }
            },
            {
                "subject": {
                    "text": "A total of 15 military and civilian personnel"
                },
                "sentence": " A total of 15 military and civilian personnel have tested positive for",
                "object": {
                    "text": "positive for"
                },
                "action": {
                    "verb": {
                        "text": "test",
                        "tense": "past"
                    },
                    "text": "have tested",
                    "normalized": "have test"
                }
            },
            {
                "subject": {
                    "text": "COVID-19 so far and 14 of them"
                },
                "sentence": " COVID-19 so far and 14 of them have already recovered.",
                "action": {
                    "verb": {
                        "text": "recover",
                        "tense": "past"
                    },
                    "text": "recovered",
                    "normalized": "recover"
                }
            },
            {
                "subject": {
                    "text": "Military training"
                },
                "sentence": " Military training did not stop completely after a nationwide anti-coronavirus",
                "object": {
                    "text": "not stop completely after a nationwide anti-coronavirus"
                },
                "action": {
                    "verb": {
                        "text": "do",
                        "tense": "past"
                    },
                    "text": "did",
                    "normalized": "do"
                }
            },
            {
                "subject": {
                    "text": "Military training"
                },
                "sentence": " Military training did not stop completely after a nationwide anti-coronavirus",
                "action": {
                    "verb": {
                        "text": "stop",
                        "tense": "past",
                        "negated": true
                    },
                    "text": "stop",
                    "normalized": "stop"
                }
            },
            {
                "subject": {
                    "text": "lockdown"
                },
                "sentence": " lockdown was introduced in Lithuania in mid-March, but certain restrictions",
                "object": {
                    "text": "introduced in Lithuania"
                },
                "action": {
                    "verb": {
                        "text": "be",
                        "tense": "past"
                    },
                    "text": "was",
                    "normalized": "be"
                }
            },
            {
                "subject": {
                    "text": "lockdown"
                },
                "sentence": " lockdown was introduced in Lithuania in mid-March, but certain restrictions",
                "action": {
                    "verb": {
                        "text": "introduce",
                        "tense": "past"
                    },
                    "text": "was introduced",
                    "normalized": "be introduce"
                }
            }
        ],
        "categories": [
            {
                "score": 0.790543,
                "label": "/law, govt and politics"
            },
            {
                "score": 0.74252,
                "label": "/society/unrest and war"
            },
            {
                "score": 0.649456,
                "label": "/law, govt and politics/armed forces"
            }
        ],
        "relations": [
            {
                "type": "agentOf",
                "sentence": "VILNIUS, Jun 05, BNS - Lithuania is easing military training restrictions as the coronavirus situation in the country is improving, the Defense Ministry said on Friday.",
                "score": 0.985239,
                "arguments": [
                    {
                        "text": "Defense Ministry",
                        "location": [
                            136,
                            152
                        ],
                        "entities": [
                            {
                                "type": "Organization",
                                "text": "Defense Ministry",
                                "disambiguation": {
                                    "subtype": [
                                        "Government"
                                    ]
                                }
                            }
                        ]
                    },
                    {
                        "text": "said",
                        "location": [
                            153,
                            157
                        ],
                        "entities": [
                            {
                                "type": "EventCommunication",
                                "text": "said"
                            }
                        ]
                    }
                ]
            },
            {
                "type": "timeOf",
                "sentence": "VILNIUS, Jun 05, BNS - Lithuania is easing military training restrictions as the coronavirus situation in the country is improving, the Defense Ministry said on Friday.",
                "score": 0.981584,
                "arguments": [
                    {
                        "text": "Friday",
                        "location": [
                            161,
                            167
                        ],
                        "entities": [
                            {
                                "type": "Date",
                                "text": "Friday"
                            }
                        ]
                    },
                    {
                        "text": "said",
                        "location": [
                            153,
                            157
                        ],
                        "entities": [
                            {
                                "type": "EventCommunication",
                                "text": "said"
                            }
                        ]
                    }
                ]
            },
            {
                "type": "employedBy",
                "sentence": "Military bodies working with conscripts - the Military Conscription and Recruitment Service and the Military Medical Service - are resuming their activities.",
                "score": 0.750826,
                "arguments": [
                    {
                        "text": "bodies",
                        "location": [
                            527,
                            533
                        ],
                        "entities": [
                            {
                                "type": "Person",
                                "text": "bodies"
                            }
                        ]
                    },
                    {
                        "text": "Military",
                        "location": [
                            518,
                            526
                        ],
                        "entities": [
                            {
                                "type": "Organization",
                                "text": "Military training"
                            }
                        ]
                    }
                ]
            },
            {
                "type": "agentOf",
                "sentence": "Chief of Defense Valdemaras Rupsys says the Armed Forces have maintained their combat readiness throughout the lockdown period and the spread of the coronavirus has been limited to several individual cases.",
                "score": 0.985112,
                "arguments": [
                    {
                        "text": "Valdemaras Rupsys",
                        "location": [
                            694,
                            711
                        ],
                        "entities": [
                            {
                                "type": "Person",
                                "text": "Valdemaras Rupsys"
                            }
                        ]
                    },
                    {
                        "text": "says",
                        "location": [
                            712,
                            716
                        ],
                        "entities": [
                            {
                                "type": "EventCommunication",
                                "text": "added"
                            }
                        ]
                    }
                ]
            },
            {
                "type": "agentOf",
                "sentence": "\"As the epidemiological situation in Lithuania is improving, I am allowing military units to resume exercises outside military areas, too,\" Rupsys said in a press release.",
                "score": 0.991626,
                "arguments": [
                    {
                        "text": "Rupsys",
                        "location": [
                            1025,
                            1031
                        ],
                        "entities": [
                            {
                                "type": "Person",
                                "text": "Valdemaras Rupsys"
                            }
                        ]
                    },
                    {
                        "text": "said",
                        "location": [
                            1032,
                            1036
                        ],
                        "entities": [
                            {
                                "type": "EventCommunication",
                                "text": "added"
                            }
                        ]
                    }
                ]
            },
            {
                "type": "agentOf",
                "sentence": "\"Thus, we are gradually returning to the usual pace of military training,\" he added.",
                "score": 0.986809,
                "arguments": [
                    {
                        "text": "he",
                        "location": [
                            1133,
                            1135
                        ],
                        "entities": [
                            {
                                "type": "Person",
                                "text": "Valdemaras Rupsys"
                            }
                        ]
                    },
                    {
                        "text": "added",
                        "location": [
                            1136,
                            1141
                        ],
                        "entities": [
                            {
                                "type": "EventCommunication",
                                "text": "added"
                            }
                        ]
                    }
                ]
            },
            {
                "type": "agentOf",
                "sentence": "\"Thus, we are gradually returning to the usual pace of military training,\" he added.",
                "score": 0.757671,
                "arguments": [
                    {
                        "text": "military",
                        "location": [
                            1113,
                            1121
                        ],
                        "entities": [
                            {
                                "type": "Organization",
                                "text": "military",
                                "disambiguation": {
                                    "subtype": [
                                        "Military"
                                    ]
                                }
                            }
                        ]
                    },
                    {
                        "text": "training",
                        "location": [
                            1122,
                            1130
                        ],
                        "entities": [
                            {
                                "type": "EventEducation",
                                "text": "training"
                            }
                        ]
                    }
                ]
            },
            {
                "type": "locatedAt",
                "sentence": "[redakcija@bns.lt](mailto:redakcija@bns.lt), +370 5 205 85 07, Vilnius newsroom",
                "score": 0.920899,
                "arguments": [
                    {
                        "text": "newsroom",
                        "location": [
                            1516,
                            1524
                        ],
                        "entities": [
                            {
                                "type": "Facility",
                                "text": "newsroom"
                            }
                        ]
                    },
                    {
                        "text": "Vilnius",
                        "location": [
                            1508,
                            1515
                        ],
                        "entities": [
                            {
                                "type": "GeopoliticalEntity",
                                "text": "VILNIUS"
                            }
                        ]
                    }
                ]
            }
        ],
        "keywords": [
            {
                "text": "military training restrictions",
                "relevance": 0.895041,
                "count": 1
            },
            {
                "text": "Military bodies",
                "relevance": 0.722035,
                "count": 1
            },
            {
                "text": "combat readiness",
                "relevance": 0.70851,
                "count": 1
            },
            {
                "text": "Military Conscription",
                "relevance": 0.689613,
                "count": 1
            },
            {
                "text": "coronavirus situation",
                "relevance": 0.646889,
                "count": 1
            },
            {
                "text": "military units",
                "relevance": 0.634358,
                "count": 1
            },
            {
                "text": "Defense Ministry",
                "relevance": 0.617137,
                "count": 1
            },
            {
                "text": "international exercises",
                "relevance": 0.609146,
                "count": 1
            },
            {
                "text": "Recruitment Service",
                "relevance": 0.596277,
                "count": 1
            },
            {
                "text": "Lithuanian soldiers",
                "relevance": 0.593924,
                "count": 1
            },
            {
                "text": "usual pace of military training",
                "relevance": 0.593878,
                "count": 1
            },
            {
                "text": "Medical Service",
                "relevance": 0.592345,
                "count": 1
            },
            {
                "text": "Military training",
                "relevance": 0.591499,
                "count": 1
            },
            {
                "text": "civilian personnel",
                "relevance": 0.571346,
                "count": 1
            },
            {
                "text": "lockdown period",
                "relevance": 0.562967,
                "count": 1
            },
            {
                "text": "press release",
                "relevance": 0.562826,
                "count": 1
            },
            {
                "text": "Armed Forces",
                "relevance": 0.556985,
                "count": 1
            },
            {
                "text": "individual cases",
                "relevance": 0.547063,
                "count": 1
            },
            {
                "text": "VILNIUS",
                "relevance": 0.544311,
                "count": 1
            },
            {
                "text": "unit",
                "relevance": 0.542147,
                "count": 2
            },
            {
                "text": "epidemiological situation",
                "relevance": 0.538635,
                "count": 1
            },
            {
                "text": "Chief of Defense Valdemaras Rupsys",
                "relevance": 0.532966,
                "count": 1
            },
            {
                "text": "number of troops",
                "relevance": 0.532297,
                "count": 1
            },
            {
                "text": "military areas",
                "relevance": 0.52937,
                "count": 1
            },
            {
                "text": "Jun",
                "relevance": 0.527011,
                "count": 1
            },
            {
                "text": "Lithuania",
                "relevance": 0.526064,
                "count": 3
            },
            {
                "text": "company",
                "relevance": 0.525372,
                "count": 1
            },
            {
                "text": "BNS",
                "relevance": 0.521171,
                "count": 1
            },
            {
                "text": "chief",
                "relevance": 0.518763,
                "count": 1
            },
            {
                "text": "platoon",
                "relevance": 0.516316,
                "count": 1
            },
            {
                "text": "exercises",
                "relevance": 0.514624,
                "count": 1
            },
            {
                "text": "country",
                "relevance": 0.512984,
                "count": 1
            },
            {
                "text": "conscripts",
                "relevance": 0.512871,
                "count": 1
            },
            {
                "text": "defense",
                "relevance": 0.511549,
                "count": 1
            },
            {
                "text": "permission",
                "relevance": 0.509995,
                "count": 1
            },
            {
                "text": "March",
                "relevance": 0.508056,
                "count": 1
            },
            {
                "text": "countries",
                "relevance": 0.506493,
                "count": 1
            },
            {
                "text": "activities",
                "relevance": 0.506006,
                "count": 1
            },
            {
                "text": "place",
                "relevance": 0.506006,
                "count": 1
            },
            {
                "text": "June",
                "relevance": 0.506006,
                "count": 1
            },
            {
                "text": "restrictions",
                "relevance": 0.503003,
                "count": 1
            },
            {
                "text": "mailto",
                "relevance": 0.46397,
                "count": 1
            },
            {
                "text": "Military",
                "relevance": 0.449902,
                "count": 1
            },
            {
                "text": "coronavirus",
                "relevance": 0.44099,
                "count": 1
            },
            {
                "text": "total",
                "relevance": 0.440879,
                "count": 1
            },
            {
                "text": "Wednesday",
                "relevance": 0.440215,
                "count": 1
            },
            {
                "text": "COVID-19",
                "relevance": 0.43168,
                "count": 1
            },
            {
                "text": "Rupsys",
                "relevance": 0.427683,
                "count": 1
            },
            {
                "text": "spread",
                "relevance": 0.426677,
                "count": 1
            },
            {
                "text": "Friday",
                "relevance": 0.426677,
                "count": 1
            }
        ]
    },
    "freqeuncy": "Weekly",
    "extracted_metadata": {
        "sha1": "11cfababdd74311fbc256c4c0f358baec43b9a66",
        "filename": "202006050000PROQUESTTRADEPUB_2409569413.json",
        "file_type": "json"
    },
    "companyRecord": "",
    "publicationTime": "2020-06-05T00:00:00-04:00",
    "title": "Lithuania eases military training restrictions as COVID-19 situation improves\u00a0",
    "html": "<p><location idsrc=\"xmltag.org\" value=\"LU/lt..vilnus\">VILNIUS</location>, <chron>Jun 05</chron>, BNS - <location idsrc=\"xmltag.org\" value=\"LC/lt\">Lithuania</location> is easing military training restrictions as the coronavirus situation in the country is improving, the <org>Defense Ministry</org> said on Friday.&#160;</p>\n<p>The number of troops allowed to train together was increased to 100 (a company-sized unit) on Wednesday, from 30 (a platoon-sized unit) previously, and will be raised up to 150 on <chron>June 16</chron>.&#160;</p>\n<p>Lithuanian soldiers will be able to travel to other countries for international exercises, but they will need permission from the chief of defense to do so.&#160;</p>\n<p>Military bodies working with conscripts &#8211; the Military Conscription and Recruitment Service and the Military Medical Service &#8211; are resuming their activities.&#160;</p>\n<p>Chief of Defense <person>Valdemaras Rupsys</person> says the Armed Forces have maintained their combat readiness throughout the lockdown period and the spread of the coronavirus has been limited to several individual cases. &#160;</p>\n<p>\"As the epidemiological situation in <location idsrc=\"xmltag.org\" value=\"LC/lt\">Lithuania</location> is improving, I am allowing military units to resume exercises outside military areas, too,\" Rupsys said in a press release.&#160;</p>\n<p>\"Thus, we are gradually returning to the usual pace of military training,\" he added.&#160;</p>\n<p>A total of 15 military and civilian personnel have tested positive for COVID-19 so far and 14 of them have already recovered.&#160;</p>\n<p>Military training did not stop completely after a nationwide anti-coronavirus lockdown was introduced in <location idsrc=\"xmltag.org\" value=\"LC/lt\">Lithuania</location> in mid-March, but certain restrictions were put in place.&#160;</p>\n<p>&#160;</p>\n<p>\n<a href=\"mailto:redakcija@bns.lt\">redakcija@bns.lt</a>, +370 5 205 85 07, <location idsrc=\"xmltag.org\" value=\"LU/lt..vilnus\">Vilnius</location> newsroom</p>",
    "geoFocus": [
        [
            "GC/ee",
            "Estonia"
        ]
    ]
}