{
    "id": "18195d1b-3baa-4a38-a372-8196b48aed29",
    "result_metadata": {
        "score": 1
    },
    "copyright": "Copyright \u00a9 2020 NewsRx LLC, Stem Cell Daily",
    "geoOrigin": "Atlanta, Georgia",
    "sourceType": "Professional, Business, or Trade Journal",
    "source": "Stem Cell Daily",
    "corpus_document_id": "48308839501699952046",
    "description": "2020 JUN 05-- By a News Reporter-Staff News Editor at Stem Cell Daily-- According to news reporting based on a preprint abstract, our journalists obtained the following quote sourced from biorxiv.org:. \u201cThe authors have withdrawn their manuscript whilst they perform additional experiments to test some of their conclusions further. Therefore, the authors do not...",
    "serviceName": "Health Newsletters",
    "locationCode": [],
    "sourceClass": "Biopharmaceuticals, Treatments and Therapies",
    "subjectCode": [],
    "text": "2020 JUN 05 (NewsRx) -- By a News Reporter-Staff News Editor at Stem Cell\nDaily \\-- According to news reporting based on a preprint abstract, our\njournalists obtained the following quote sourced from\n[biorxiv.org](http://biorxiv.org):\n\n\"The authors have withdrawn their manuscript whilst they perform additional\nexperiments to test some of their conclusions further. Therefore, the authors\ndo not wish this work to be cited as reference for the project. If you have\nany questions, please contact the corresponding author.\"\n\nThis preprint may not have been peer-reviewed. For more information on this\nresearch see: <http://biorxiv.org/content/10.1101/2020.03.20.999912v2>\n\n(Our reports deliver fact-based news of research and discoveries from around\nthe world.)",
    "industryCode": [],
    "naviga_enrichment": {
        "org": [
            "News Reporter-Staff News",
            "Stem Cell Daily"
        ],
        "location": [],
        "person": [],
        "companies": [
            "News Reporter-Staff News",
            "Stem Cell Daily"
        ]
    },
    "geoOrigin_code": "RU/us.ga.atlnta",
    "language": "English",
    "filename": "202006050000NEWSRX__HLTHNWLR_AF196210078B6164.XML",
    "providerName": "NewsRx.com",
    "enriched_text": {
        "entities": [
            {
                "count": 1,
                "sentiment": {
                    "score": 0,
                    "label": "neutral"
                },
                "text": "News Editor",
                "relevance": 0.891326,
                "type": "JobTitle"
            }
        ],
        "semantic_roles": [
            {
                "subject": {
                    "text": "news reporting"
                },
                "sentence": " Daily \\-- According to news reporting based on a preprint abstract, our",
                "object": {
                    "text": "on a preprint abstract"
                },
                "action": {
                    "verb": {
                        "text": "base",
                        "tense": "past"
                    },
                    "text": "based",
                    "normalized": "base"
                }
            },
            {
                "subject": {
                    "text": "journalists"
                },
                "sentence": " journalists obtained the following quote sourced from",
                "object": {
                    "text": "the following quote sourced from"
                },
                "action": {
                    "verb": {
                        "text": "obtain",
                        "tense": "past"
                    },
                    "text": "obtained",
                    "normalized": "obtain"
                }
            },
            {
                "subject": {
                    "text": "The authors"
                },
                "sentence": " \"The authors have withdrawn their manuscript whilst they perform additional",
                "object": {
                    "text": "their manuscript"
                },
                "action": {
                    "verb": {
                        "text": "withdraw",
                        "tense": "past"
                    },
                    "text": "have withdrawn",
                    "normalized": "have withdraw"
                }
            },
            {
                "subject": {
                    "text": "they"
                },
                "sentence": " \"The authors have withdrawn their manuscript whilst they perform additional",
                "object": {
                    "text": "additional"
                },
                "action": {
                    "verb": {
                        "text": "perform",
                        "tense": "present"
                    },
                    "text": "perform",
                    "normalized": "perform"
                }
            },
            {
                "subject": {
                    "text": "experiments"
                },
                "sentence": " experiments to test some of their conclusions further.",
                "object": {
                    "text": "some of their conclusions"
                },
                "action": {
                    "verb": {
                        "text": "test",
                        "tense": "future"
                    },
                    "text": "to test",
                    "normalized": "to test"
                }
            },
            {
                "subject": {
                    "text": "this work"
                },
                "sentence": " do not wish this work to be cited as reference for the project.",
                "object": {
                    "text": "as reference for the project"
                },
                "action": {
                    "verb": {
                        "text": "cite",
                        "tense": "past"
                    },
                    "text": "to be cited",
                    "normalized": "to be cite"
                }
            },
            {
                "subject": {
                    "text": "This preprint"
                },
                "sentence": " This preprint may not have been peer-reviewed.",
                "object": {
                    "text": "peer-reviewed"
                },
                "action": {
                    "verb": {
                        "text": "be",
                        "tense": "future",
                        "negated": true
                    },
                    "text": "been",
                    "normalized": "be"
                }
            },
            {
                "subject": {
                    "text": "Our reports"
                },
                "sentence": " (Our reports deliver fact-based news of research and discoveries from around",
                "object": {
                    "text": "fact-based news of research and discoveries"
                },
                "action": {
                    "verb": {
                        "text": "deliver",
                        "tense": "present"
                    },
                    "text": "deliver",
                    "normalized": "deliver"
                }
            }
        ],
        "categories": [
            {
                "score": 0.964039,
                "label": "/news/national news"
            },
            {
                "score": 0.954018,
                "label": "/business and industrial/business news"
            },
            {
                "score": 0.662808,
                "label": "/education/homework and study tips"
            }
        ],
        "relations": [
            {
                "type": "managerOf",
                "sentence": "2020 JUN 05 (NewsRx) -- By a News Reporter-Staff News Editor at Stem Cell Daily \\-- According to news reporting based on a preprint abstract, our journalists obtained the following quote sourced from [biorxiv.org](http://biorxiv.org):",
                "score": 0.41508,
                "arguments": [
                    {
                        "text": "Editor",
                        "location": [
                            54,
                            60
                        ],
                        "entities": [
                            {
                                "type": "Person",
                                "text": "Reporter"
                            }
                        ]
                    },
                    {
                        "text": "Staff News",
                        "location": [
                            43,
                            53
                        ],
                        "entities": [
                            {
                                "type": "Organization",
                                "text": "Staff News",
                                "disambiguation": {
                                    "subtype": [
                                        "Commercial"
                                    ]
                                }
                            }
                        ]
                    }
                ]
            },
            {
                "type": "employedBy",
                "sentence": "2020 JUN 05 (NewsRx) -- By a News Reporter-Staff News Editor at Stem Cell Daily \\-- According to news reporting based on a preprint abstract, our journalists obtained the following quote sourced from [biorxiv.org](http://biorxiv.org):",
                "score": 0.714702,
                "arguments": [
                    {
                        "text": "Editor",
                        "location": [
                            54,
                            60
                        ],
                        "entities": [
                            {
                                "type": "Person",
                                "text": "Reporter"
                            }
                        ]
                    },
                    {
                        "text": "Cell\nDaily \\",
                        "location": [
                            69,
                            81
                        ],
                        "entities": [
                            {
                                "type": "Organization",
                                "text": "Cell\nDaily \\",
                                "disambiguation": {
                                    "subtype": [
                                        "Commercial"
                                    ]
                                }
                            }
                        ]
                    }
                ]
            },
            {
                "type": "clientOf",
                "sentence": "2020 JUN 05 (NewsRx) -- By a News Reporter-Staff News Editor at Stem Cell Daily \\-- According to news reporting based on a preprint abstract, our journalists obtained the following quote sourced from [biorxiv.org](http://biorxiv.org):",
                "score": 0.258437,
                "arguments": [
                    {
                        "text": "our",
                        "location": [
                            142,
                            145
                        ],
                        "entities": [
                            {
                                "type": "Person",
                                "text": "our"
                            }
                        ]
                    },
                    {
                        "text": "journalists",
                        "location": [
                            146,
                            157
                        ],
                        "entities": [
                            {
                                "type": "Person",
                                "text": "journalists"
                            }
                        ]
                    }
                ]
            }
        ],
        "keywords": [
            {
                "text": "News Reporter-Staff News Editor",
                "relevance": 0.894477,
                "count": 1
            },
            {
                "text": "following quote",
                "relevance": 0.625673,
                "count": 1
            },
            {
                "text": "preprint abstract",
                "relevance": 0.614419,
                "count": 1
            },
            {
                "text": "Stem Cell",
                "relevance": 0.600913,
                "count": 1
            },
            {
                "text": "reports",
                "relevance": 0.591569,
                "count": 1
            },
            {
                "text": "corresponding author",
                "relevance": 0.585627,
                "count": 1
            },
            {
                "text": "questions",
                "relevance": 0.573676,
                "count": 1
            },
            {
                "text": "JUN",
                "relevance": 0.572571,
                "count": 1
            },
            {
                "text": "news of research",
                "relevance": 0.562176,
                "count": 1
            },
            {
                "text": "authors",
                "relevance": 0.553209,
                "count": 2
            },
            {
                "text": "journalists",
                "relevance": 0.553209,
                "count": 1
            },
            {
                "text": "news",
                "relevance": 0.53349,
                "count": 1
            },
            {
                "text": "fact",
                "relevance": 0.53334,
                "count": 1
            },
            {
                "text": "work",
                "relevance": 0.528839,
                "count": 1
            },
            {
                "text": "research",
                "relevance": 0.526829,
                "count": 1
            },
            {
                "text": "manuscript",
                "relevance": 0.520249,
                "count": 1
            },
            {
                "text": "peer",
                "relevance": 0.518545,
                "count": 1
            },
            {
                "text": "reference",
                "relevance": 0.515782,
                "count": 1
            },
            {
                "text": "project",
                "relevance": 0.513017,
                "count": 1
            },
            {
                "text": "world",
                "relevance": 0.513017,
                "count": 1
            },
            {
                "text": "discoveries",
                "relevance": 0.513017,
                "count": 1
            },
            {
                "text": "information",
                "relevance": 0.513017,
                "count": 1
            },
            {
                "text": "conclusions",
                "relevance": 0.513017,
                "count": 1
            },
            {
                "text": "NewsRx",
                "relevance": 0.463352,
                "count": 1
            },
            {
                "text": "preprint",
                "relevance": 0.438782,
                "count": 1
            }
        ]
    },
    "freqeuncy": "Weekly",
    "extracted_metadata": {
        "sha1": "40516430b4f440ad5e9d01142ac12e886a085caf",
        "filename": "202006050000NEWSRX__HLTHNWLR_AF196210078B6164.json",
        "file_type": "json"
    },
    "companyRecord": "",
    "publicationTime": "2020-06-05T00:00:00-04:00",
    "title": "Role of YAP1 gene in proliferation and osteogenic differentiation of human periodontal ligament stem cells induced by TNF-a (Updated May 26, 2020): Cell Biology",
    "html": "<p>2020 JUN 05 (NewsRx) -- By a <org>News Reporter-Staff News</org> Editor at <org>Stem Cell Daily</org> -- According to news reporting based on a preprint abstract, our journalists obtained the following quote sourced from <a href=\"http://biorxiv.org\">biorxiv.org</a>:</p>\n<p>&#8220;The authors have withdrawn their manuscript whilst they perform additional experiments to test some of their conclusions further. Therefore, the authors do not wish this work to be cited as reference for the project. If you have any questions, please contact the corresponding author.&#8221;</p>\n<p>This preprint may not have been peer-reviewed. For more information on this research see: <a href=\"http://biorxiv.org/content/10.1101/2020.03.20.999912v2\" target=\"_blank\">http://biorxiv.org/content/10.1101/2020.03.20.999912v2</a></p>\n<p />\n<p class=\"shirttail\">(Our reports deliver fact-based news of research and discoveries from around the world.)</p>\n<p />",
    "geoFocus": [
        [
            "GR/glb",
            "Global"
        ]
    ]
}