{
    "id": "192b1383-908b-4b6a-b970-0f820bc07876",
    "result_metadata": {
        "score": 1
    },
    "copyright": "\u00a9 \u00a9 Copyright 2020 The Courier of Montgomery County. All rights reserved. Reproduced with the permission of Hearst Newspapers by NewsBank, inc.",
    "geoOrigin": "Conroe, Texas",
    "sourceType": "Newspaper",
    "source": "Courier of Montgomery County, The (TX)",
    "corpus_document_id": "33509249484690814107",
    "description": "Authorities on Wednesday afternoon are searching for a man in the W.G. Jones State Park area who fled from law enforcement. Dustin Wayne Walden, 23, of Magnolia, was last seen wearing blue jeans and a camouflage shirt. The search is being done around E. Whistlers Circle near The Woodlands, according to the Montgomery County Sheriff's Office.",
    "serviceName": "Newspapers",
    "locationCode": [],
    "sourceClass": "General News",
    "subjectCode": [
        {
            "parent": null,
            "relevance_score": "7",
            "description": "Life and Society",
            "code": "IS/lifesoc#7#50#78",
            "level": 0
        },
        {
            "parent": "IS/lifesoc",
            "relevance_score": "7",
            "description": "Natural Resources",
            "code": "IS/lifesoc.natres#7#50#78",
            "level": 1
        },
        {
            "parent": "IS/lifesoc.natres",
            "relevance_score": "7",
            "description": "Parks",
            "code": "IS/lifesoc.parks#7#50#78",
            "level": 2
        },
        {
            "parent": "IS/lifesoc.parks",
            "relevance_score": "7",
            "description": "State and National Parks",
            "code": "IS/lifesoc.stateprk#7#78#50",
            "level": 3
        }
    ],
    "text": "Authorities on Wednesday afternoon are searching for a man in the W.G. Jones\nState Park area who fled from law enforcement.\n\nDustin Wayne Walden, 23, of Magnolia, was last seen wearing blue jeans and a\ncamouflage shirt. The search is being done around E. Whistlers Circle near The\nWoodlands, according to the Montgomery County Sheriff's Office.\n\nDue to heavy law enforcement presence, the sheriff's office is asking people\nto avoid the area and stay indoors.\n\n\"If you see him contact law enforcement immediately,\" read a statement from\nthe sheriff's office.\n\nThough the sheriff's office did not disclose what offense Walden was being\ncharged with when law enforcement tried taking him into custody, he does have\nprevious felony convictions. These include burglary of habitation and unlawful\npossession of a firearm, according to court records.\n\n[jose.gonzalez@chron.com](mailto:jose.gonzalez@chron.com)\n\n[twitter.com/jrgzztx](http://twitter.com/jrgzztx)",
    "industryCode": [],
    "naviga_enrichment": {
        "org": [
            "Montgomery County Sheriff's Office"
        ],
        "location": [
            "W.G. Jones State Park",
            "E. Whistlers Circle"
        ],
        "person": [
            "Dustin Wayne Walden"
        ],
        "companies": [
            "Montgomery County Sheriff's Office"
        ]
    },
    "geoOrigin_code": "RU/us.tx.conroe",
    "language": "English",
    "filename": "202005270000NEWSBANKNEWSPPRS609378E6EE59484546BE3144CFD57DC.XML",
    "providerName": "NewsBank",
    "enriched_text": {
        "entities": [
            {
                "count": 1,
                "sentiment": {
                    "score": 0,
                    "label": "neutral"
                },
                "text": "Montgomery County Sheriff's Office",
                "relevance": 0.600339,
                "type": "Organization"
            },
            {
                "count": 4,
                "sentiment": {
                    "score": -0.17112,
                    "label": "negative"
                },
                "text": "Dustin Wayne Walden",
                "relevance": 0.591354,
                "type": "Person"
            },
            {
                "count": 1,
                "sentiment": {
                    "score": 0,
                    "label": "neutral"
                },
                "text": "E. Whistlers Circle",
                "relevance": 0.291567,
                "type": "Facility"
            },
            {
                "count": 1,
                "sentiment": {
                    "score": 0,
                    "label": "neutral"
                },
                "text": "State Park",
                "relevance": 0.245941,
                "type": "Facility"
            },
            {
                "count": 1,
                "sentiment": {
                    "score": 0,
                    "label": "neutral"
                },
                "text": "W.G. Jones",
                "relevance": 0.245235,
                "type": "Person"
            },
            {
                "count": 1,
                "sentiment": {
                    "score": 0.384127,
                    "label": "positive"
                },
                "text": "Magnolia",
                "relevance": 0.237909,
                "type": "Location",
                "disambiguation": {
                    "subtype": [
                        "City"
                    ]
                }
            },
            {
                "count": 1,
                "sentiment": {
                    "score": -0.709228,
                    "label": "negative"
                },
                "text": "unlawfulpossession of a firearm",
                "relevance": 0.237362,
                "type": "Crime"
            },
            {
                "count": 1,
                "sentiment": {
                    "score": -0.709228,
                    "label": "negative"
                },
                "text": "burglary",
                "relevance": 0.227233,
                "type": "Crime"
            },
            {
                "count": 2,
                "sentiment": {
                    "score": 0,
                    "label": "neutral"
                },
                "text": "jose.gonzalez@chron.com",
                "relevance": 0.227233,
                "type": "EmailAddress"
            }
        ],
        "semantic_roles": [
            {
                "subject": {
                    "text": "Authorities"
                },
                "sentence": "Authorities on Wednesday afternoon are searching for a man in the W.G. Jones",
                "object": {
                    "text": "searching for a man in the W.G. Jones"
                },
                "action": {
                    "verb": {
                        "text": "be",
                        "tense": "present"
                    },
                    "text": "are",
                    "normalized": "be"
                }
            },
            {
                "subject": {
                    "text": "Authorities"
                },
                "sentence": "Authorities on Wednesday afternoon are searching for a man in the W.G. Jones",
                "object": {
                    "text": "for a man in the W.G. Jones"
                },
                "action": {
                    "verb": {
                        "text": "search",
                        "tense": "present"
                    },
                    "text": "are searching",
                    "normalized": "be search"
                }
            },
            {
                "subject": {
                    "text": "State Park area"
                },
                "sentence": " State Park area who fled from law enforcement.",
                "object": {
                    "text": "from law enforcement"
                },
                "action": {
                    "verb": {
                        "text": "flee",
                        "tense": "past"
                    },
                    "text": "fled",
                    "normalized": "flee"
                }
            },
            {
                "subject": {
                    "text": "Dustin Wayne Walden, 23, of Magnolia,"
                },
                "sentence": " Dustin Wayne Walden, 23, of Magnolia, was last seen wearing blue jeans and a",
                "object": {
                    "text": "last seen wearing blue jeans"
                },
                "action": {
                    "verb": {
                        "text": "be",
                        "tense": "past"
                    },
                    "text": "was",
                    "normalized": "be"
                }
            },
            {
                "subject": {
                    "text": "Dustin Wayne Walden, 23, of Magnolia,"
                },
                "sentence": " Dustin Wayne Walden, 23, of Magnolia, was last seen wearing blue jeans and a",
                "action": {
                    "verb": {
                        "text": "see",
                        "tense": "past"
                    },
                    "text": "seen",
                    "normalized": "see"
                }
            },
            {
                "subject": {
                    "text": "Dustin Wayne Walden, 23, of Magnolia,"
                },
                "sentence": " Dustin Wayne Walden, 23, of Magnolia, was last seen wearing blue jeans and a",
                "object": {
                    "text": "blue jeans"
                },
                "action": {
                    "verb": {
                        "text": "wear",
                        "tense": "past"
                    },
                    "text": "was last seen wearing",
                    "normalized": "be last see wear"
                }
            },
            {
                "subject": {
                    "text": "Woodlands"
                },
                "sentence": " Woodlands, according to the Montgomery County Sheriff's Office.",
                "object": {
                    "text": "to the Montgomery County Sheriff's Office"
                },
                "action": {
                    "verb": {
                        "text": "accord",
                        "tense": "present"
                    },
                    "text": "according",
                    "normalized": "accord"
                }
            },
            {
                "subject": {
                    "text": "the sheriff's office"
                },
                "sentence": " Due to heavy law enforcement presence, the sheriff's office is asking people",
                "object": {
                    "text": "asking people"
                },
                "action": {
                    "verb": {
                        "text": "be",
                        "tense": "present"
                    },
                    "text": "is",
                    "normalized": "be"
                }
            },
            {
                "subject": {
                    "text": "you"
                },
                "sentence": " \"If you see him contact law enforcement immediately,\" read a statement from",
                "object": {
                    "text": "him contact law enforcement"
                },
                "action": {
                    "verb": {
                        "text": "see",
                        "tense": "present"
                    },
                    "text": "see",
                    "normalized": "see"
                }
            },
            {
                "subject": {
                    "text": "the sheriff's office"
                },
                "sentence": " Though the sheriff's office did not disclose what offense Walden was being",
                "object": {
                    "text": "not disclose"
                },
                "action": {
                    "verb": {
                        "text": "do",
                        "tense": "past"
                    },
                    "text": "did",
                    "normalized": "do"
                }
            },
            {
                "subject": {
                    "text": "the sheriff's office"
                },
                "sentence": " Though the sheriff's office did not disclose what offense Walden was being",
                "object": {
                    "text": "what offense Walden was being"
                },
                "action": {
                    "verb": {
                        "text": "disclose",
                        "tense": "past",
                        "negated": true
                    },
                    "text": "disclose",
                    "normalized": "disclose"
                }
            },
            {
                "subject": {
                    "text": "law enforcement"
                },
                "sentence": " charged with when law enforcement tried taking him into custody, he does have",
                "object": {
                    "text": "taking him into custody"
                },
                "action": {
                    "verb": {
                        "text": "try",
                        "tense": "past"
                    },
                    "text": "tried",
                    "normalized": "try"
                }
            },
            {
                "subject": {
                    "text": "law enforcement"
                },
                "sentence": " charged with when law enforcement tried taking him into custody, he does have",
                "object": {
                    "text": "him"
                },
                "action": {
                    "verb": {
                        "text": "take",
                        "tense": "present"
                    },
                    "text": "tried taking",
                    "normalized": "try take"
                }
            },
            {
                "subject": {
                    "text": "burglary of habitation and unlawful"
                },
                "sentence": " These include burglary of habitation and unlawful",
                "object": {
                    "text": "These"
                },
                "action": {
                    "verb": {
                        "text": "include",
                        "tense": "present"
                    },
                    "text": "include",
                    "normalized": "include"
                }
            },
            {
                "subject": {
                    "text": "possession of a firearm"
                },
                "sentence": " possession of a firearm, according to court records.",
                "object": {
                    "text": "to court records"
                },
                "action": {
                    "verb": {
                        "text": "accord",
                        "tense": "present"
                    },
                    "text": "according",
                    "normalized": "accord"
                }
            }
        ],
        "categories": [
            {
                "score": 0.998159,
                "label": "/law, govt and politics/law enforcement"
            },
            {
                "score": 0.778072,
                "label": "/society/crime/property crime/burglary"
            }
        ],
        "relations": [
            {
                "type": "locatedAt",
                "sentence": "Authorities on Wednesday afternoon are searching for a man in the W.G. Jones State Park area who fled from law enforcement.",
                "score": 0.44369,
                "arguments": [
                    {
                        "text": "W.G. Jones\nState Park",
                        "location": [
                            66,
                            87
                        ],
                        "entities": [
                            {
                                "type": "Organization",
                                "text": "W.G. Jones\nState Park"
                            }
                        ]
                    },
                    {
                        "text": "area",
                        "location": [
                            88,
                            92
                        ],
                        "entities": [
                            {
                                "type": "Location",
                                "text": "area"
                            }
                        ]
                    }
                ]
            },
            {
                "type": "affectedBy",
                "sentence": "Though the sheriff's office did not disclose what offense Walden was being charged with when law enforcement tried taking him into custody, he does have previous felony convictions.",
                "score": 0.472312,
                "arguments": [
                    {
                        "text": "Walden",
                        "location": [
                            617,
                            623
                        ],
                        "entities": [
                            {
                                "type": "Person",
                                "text": "Dustin Wayne Walden"
                            }
                        ]
                    },
                    {
                        "text": "charged",
                        "location": [
                            634,
                            641
                        ],
                        "entities": [
                            {
                                "type": "EventLegal",
                                "text": "charged"
                            }
                        ]
                    }
                ]
            },
            {
                "type": "affectedBy",
                "sentence": "Though the sheriff's office did not disclose what offense Walden was being charged with when law enforcement tried taking him into custody, he does have previous felony convictions.",
                "score": 0.793141,
                "arguments": [
                    {
                        "text": "him",
                        "location": [
                            681,
                            684
                        ],
                        "entities": [
                            {
                                "type": "Person",
                                "text": "Dustin Wayne Walden"
                            }
                        ]
                    },
                    {
                        "text": "custody",
                        "location": [
                            690,
                            697
                        ],
                        "entities": [
                            {
                                "type": "EventCustody",
                                "text": "custody"
                            }
                        ]
                    }
                ]
            },
            {
                "type": "locatedAt",
                "sentence": "Authorities on Wednesday afternoon are searching for a man in the W.G. Jones State Park area who fled from law enforcement.",
                "score": 0.444035,
                "arguments": [
                    {
                        "text": "who",
                        "location": [
                            93,
                            96
                        ],
                        "entities": [
                            {
                                "type": "Person",
                                "text": "Dustin Wayne Walden"
                            }
                        ]
                    },
                    {
                        "text": "area",
                        "location": [
                            88,
                            92
                        ],
                        "entities": [
                            {
                                "type": "Location",
                                "text": "area"
                            }
                        ]
                    }
                ]
            },
            {
                "type": "hasAttribute",
                "sentence": "Dustin Wayne Walden, 23, of Magnolia, was last seen wearing blue jeans and a camouflage shirt.",
                "score": 0.992158,
                "arguments": [
                    {
                        "text": "Dustin Wayne Walden",
                        "location": [
                            125,
                            144
                        ],
                        "entities": [
                            {
                                "type": "Person",
                                "text": "Dustin Wayne Walden"
                            }
                        ]
                    },
                    {
                        "text": "23",
                        "location": [
                            146,
                            148
                        ],
                        "entities": [
                            {
                                "type": "Age",
                                "text": "23"
                            }
                        ]
                    }
                ]
            },
            {
                "type": "residesIn",
                "sentence": "Dustin Wayne Walden, 23, of Magnolia, was last seen wearing blue jeans and a camouflage shirt.",
                "score": 0.967286,
                "arguments": [
                    {
                        "text": "Dustin Wayne Walden",
                        "location": [
                            125,
                            144
                        ],
                        "entities": [
                            {
                                "type": "Person",
                                "text": "Dustin Wayne Walden"
                            }
                        ]
                    },
                    {
                        "text": "Magnolia",
                        "location": [
                            153,
                            161
                        ],
                        "entities": [
                            {
                                "type": "GeopoliticalEntity",
                                "text": "Magnolia"
                            }
                        ]
                    }
                ]
            },
            {
                "type": "managerOf",
                "sentence": "Due to heavy law enforcement presence, the sheriff's office is asking people to avoid the area and stay indoors.",
                "score": 0.927671,
                "arguments": [
                    {
                        "text": "sheriff",
                        "location": [
                            389,
                            396
                        ],
                        "entities": [
                            {
                                "type": "Person",
                                "text": "sheriff"
                            }
                        ]
                    },
                    {
                        "text": "office",
                        "location": [
                            399,
                            405
                        ],
                        "entities": [
                            {
                                "type": "Organization",
                                "text": "office",
                                "disambiguation": {
                                    "subtype": [
                                        "Government"
                                    ]
                                }
                            }
                        ]
                    }
                ]
            },
            {
                "type": "managerOf",
                "sentence": "\"If you see him contact law enforcement immediately,\" read a statement from the sheriff's office.",
                "score": 0.896672,
                "arguments": [
                    {
                        "text": "sheriff",
                        "location": [
                            540,
                            547
                        ],
                        "entities": [
                            {
                                "type": "Person",
                                "text": "sheriff"
                            }
                        ]
                    },
                    {
                        "text": "office",
                        "location": [
                            550,
                            556
                        ],
                        "entities": [
                            {
                                "type": "Organization",
                                "text": "office",
                                "disambiguation": {
                                    "subtype": [
                                        "Government"
                                    ]
                                }
                            }
                        ]
                    }
                ]
            },
            {
                "type": "managerOf",
                "sentence": "Though the sheriff's office did not disclose what offense Walden was being charged with when law enforcement tried taking him into custody, he does have previous felony convictions.",
                "score": 0.828722,
                "arguments": [
                    {
                        "text": "sheriff",
                        "location": [
                            570,
                            577
                        ],
                        "entities": [
                            {
                                "type": "Person",
                                "text": "sheriff"
                            }
                        ]
                    },
                    {
                        "text": "office",
                        "location": [
                            580,
                            586
                        ],
                        "entities": [
                            {
                                "type": "Organization",
                                "text": "office",
                                "disambiguation": {
                                    "subtype": [
                                        "Government"
                                    ]
                                }
                            }
                        ]
                    }
                ]
            },
            {
                "type": "agentOf",
                "sentence": "Due to heavy law enforcement presence, the sheriff's office is asking people to avoid the area and stay indoors.",
                "score": 0.949043,
                "arguments": [
                    {
                        "text": "office",
                        "location": [
                            399,
                            405
                        ],
                        "entities": [
                            {
                                "type": "Organization",
                                "text": "office",
                                "disambiguation": {
                                    "subtype": [
                                        "Government"
                                    ]
                                }
                            }
                        ]
                    },
                    {
                        "text": "asking",
                        "location": [
                            409,
                            415
                        ],
                        "entities": [
                            {
                                "type": "EventCommunication",
                                "text": "asking"
                            }
                        ]
                    }
                ]
            },
            {
                "type": "affectedBy",
                "sentence": "Due to heavy law enforcement presence, the sheriff's office is asking people to avoid the area and stay indoors.",
                "score": 0.892741,
                "arguments": [
                    {
                        "text": "people",
                        "location": [
                            416,
                            422
                        ],
                        "entities": [
                            {
                                "type": "Person",
                                "text": "people"
                            }
                        ]
                    },
                    {
                        "text": "asking",
                        "location": [
                            409,
                            415
                        ],
                        "entities": [
                            {
                                "type": "EventCommunication",
                                "text": "asking"
                            }
                        ]
                    }
                ]
            },
            {
                "type": "locatedAt",
                "sentence": "Due to heavy law enforcement presence, the sheriff's office is asking people to avoid the area and stay indoors.",
                "score": 0.635391,
                "arguments": [
                    {
                        "text": "people",
                        "location": [
                            416,
                            422
                        ],
                        "entities": [
                            {
                                "type": "Person",
                                "text": "people"
                            }
                        ]
                    },
                    {
                        "text": "area",
                        "location": [
                            436,
                            440
                        ],
                        "entities": [
                            {
                                "type": "Location",
                                "text": "area"
                            }
                        ]
                    }
                ]
            },
            {
                "type": "agentOf",
                "sentence": "\"If you see him contact law enforcement immediately,\" read a statement from the sheriff's office.",
                "score": 0.601986,
                "arguments": [
                    {
                        "text": "office",
                        "location": [
                            550,
                            556
                        ],
                        "entities": [
                            {
                                "type": "Organization",
                                "text": "office",
                                "disambiguation": {
                                    "subtype": [
                                        "Government"
                                    ]
                                }
                            }
                        ]
                    },
                    {
                        "text": "read",
                        "location": [
                            514,
                            518
                        ],
                        "entities": [
                            {
                                "type": "EventCommunication",
                                "text": "read"
                            }
                        ]
                    }
                ]
            }
        ],
        "keywords": [
            {
                "text": "law enforcement",
                "relevance": 0.789637,
                "count": 3
            },
            {
                "text": "Dustin Wayne Walden",
                "relevance": 0.776096,
                "count": 1
            },
            {
                "text": "Wednesday afternoon",
                "relevance": 0.736425,
                "count": 1
            },
            {
                "text": "Montgomery County Sheriff's Office",
                "relevance": 0.683657,
                "count": 1
            },
            {
                "text": "heavy law enforcement presence",
                "relevance": 0.634345,
                "count": 1
            },
            {
                "text": "blue jeans",
                "relevance": 0.575034,
                "count": 1
            },
            {
                "text": "Authorities",
                "relevance": 0.573509,
                "count": 1
            },
            {
                "text": "search",
                "relevance": 0.546858,
                "count": 1
            },
            {
                "text": "previous felony convictions",
                "relevance": 0.545447,
                "count": 1
            },
            {
                "text": "Woodlands",
                "relevance": 0.538281,
                "count": 1
            },
            {
                "text": "Magnolia",
                "relevance": 0.530999,
                "count": 1
            },
            {
                "text": "area",
                "relevance": 0.527535,
                "count": 1
            },
            {
                "text": "sheriff's office",
                "relevance": 0.526474,
                "count": 3
            },
            {
                "text": "firearm",
                "relevance": 0.525196,
                "count": 1
            },
            {
                "text": "man",
                "relevance": 0.514141,
                "count": 1
            },
            {
                "text": "offense Walden",
                "relevance": 0.513098,
                "count": 1
            },
            {
                "text": "custody",
                "relevance": 0.511663,
                "count": 1
            },
            {
                "text": "records",
                "relevance": 0.50962,
                "count": 1
            },
            {
                "text": "people",
                "relevance": 0.50962,
                "count": 1
            },
            {
                "text": "statement",
                "relevance": 0.50962,
                "count": 1
            },
            {
                "text": "burglary of habitation",
                "relevance": 0.501071,
                "count": 1
            },
            {
                "text": "E. Whistlers Circle",
                "relevance": 0.49999,
                "count": 1
            },
            {
                "text": "camouflage shirt",
                "relevance": 0.494763,
                "count": 1
            },
            {
                "text": "jrgzztx",
                "relevance": 0.40441,
                "count": 1
            },
            {
                "text": "mailto",
                "relevance": 0.40441,
                "count": 1
            }
        ]
    },
    "freqeuncy": "Daily",
    "extracted_metadata": {
        "sha1": "c6e3731a3210288c1c69c1e5638e32f596749356",
        "filename": "202005270000NEWSBANKNEWSPPRS609378E6EE59484546BE3144CFD57DC.json",
        "file_type": "json"
    },
    "companyRecord": "",
    "publicationTime": "2020-05-27T00:00:00-04:00",
    "title": "Authorities search for fleeing man around W.G. Jones State Park",
    "html": "<p>Authorities on Wednesday afternoon are searching for a man in the <location>W.G. Jones State Park</location> area who fled from law enforcement.</p>\n<p><person>Dustin Wayne Walden</person>, 23, of Magnolia, was last seen wearing blue jeans and a camouflage shirt. The search is being done around <location>E. Whistlers Circle</location> near The Woodlands, according to the <org>Montgomery County Sheriff's Office</org>.</p>\n\n<p>Due to heavy law enforcement presence, the sheriff's office is asking people to avoid the area and stay indoors.</p>\n\n<p>\"If you see him contact law enforcement immediately,\" read a statement from the sheriff's office.</p>\n\n<p>Though the sheriff's office did not disclose what offense Walden was being charged with when law enforcement tried taking him into custody, he does have previous felony convictions. These include burglary of habitation and unlawful possession of a firearm, according to court records.</p>\n\n<p><a href=\"mailto:jose.gonzalez@chron.com\">jose.gonzalez@chron.com</a></p>\n\n<p><a href=\"http://twitter.com/jrgzztx\">twitter.com/jrgzztx</a></p>",
    "geoFocus": [
        [
            "GU/us.tx.conroe",
            "Conroe"
        ]
    ]
}