{
    "id": "1a243052-9a77-4c59-bc95-7b7323da6779",
    "result_metadata": {
        "score": 1
    },
    "copyright": "(c)  2000 - 2020 Al Bawaba. All Rights Reserved. Provided by SyndiGate Media Inc. (Syndigate.info).",
    "geoOrigin": "Dubai, United Arab Emirates",
    "sourceType": "General Newswire",
    "source": "Tenders Monitor Africa-Asia",
    "corpus_document_id": "26077489640610709716",
    "description": "Company: BONGHWA-GUN FACILITY MANAGEMENT OFFICE IN BONGHWA-GUN, GYEONGSANGBUK-DO. Address: Attn: Yoonkyung Lee Tel: +82-54-679-6952. Description: Tenders are invited for Announcement of the Submission of a Quotation for the Maintenance of the Slope of Munsoosan Natural Recreation Forest Parking Lot Estimated Amount: 82,800,000 KRW Estimated Price:...",
    "serviceName": "Middle East & North African Newspapers",
    "locationCode": [
        {
            "parent": "LR/as",
            "relevance_score": "9",
            "description": "Eastern Asia",
            "code": "LB/eas#9#49#90",
            "level": 1
        },
        {
            "parent": "LB/eas",
            "relevance_score": "9",
            "description": "South Korea",
            "code": "LC/kr#9#90#90",
            "level": 2
        },
        {
            "parent": null,
            "relevance_score": "9",
            "description": "Asia",
            "code": "LR/as#9#49#90",
            "level": 0
        },
        {
            "code": "LR/asp#9#49#90",
            "description": "",
            "relevance_score": "9"
        }
    ],
    "sourceClass": "Business and Commerce",
    "subjectCode": [
        {
            "parent": "IS/pol.spec",
            "relevance_score": "6",
            "description": "Government Contract Solicitations",
            "code": "IS/pol.govrfp#6#66#50",
            "level": 2
        },
        {
            "parent": "IS/spec",
            "relevance_score": "6",
            "description": "Structured Politics and Government Content",
            "code": "IS/pol.spec#6#50#66",
            "level": 1
        },
        {
            "parent": null,
            "relevance_score": "6",
            "description": "Structured Content",
            "code": "IS/spec#6#50#66",
            "level": 0
        }
    ],
    "text": "Company : BONGHWA-GUN FACILITY MANAGEMENT OFFICE IN BONGHWA-GUN,\nGYEONGSANGBUK-DO\n\nAddress : Attn: Yoonkyung Lee Tel: +82-54-679-6952\n\nCountry : Korea (South)\n\nLocation : Korea (South)\n\nTender_No : 20200606988-00\n\nValue : KRW 75272727\n\nDead line : 2020-06-10\n\nLocal International : Local\n\nFunding Agency : No\n\nDescription : Tenders are invited for Announcement of the Submission of a\nQuotation for the Maintenance of the Slope of Munsoosan Natural Recreation\nForest Parking Lot (Emergency Announcement) Estimated Amount: 82,800,000 KRW\nEstimated Price: 75,272,727 KRW Bid Date & Time: 2020/06/10 15:00:00 Bid\nDeadline: 2020/06/10 14:00:00 [Disclaimer: The above text is machine\ntranslated. For accurate information kindly refer the original document.]\n\nDocument : [\nhttp://www.bidsinfo.com/adminexe/documents/-KR4~20200605-20743043.html](http://www.bidsinfo.com/adminexe/documents/-KR4~20200605-20743043.html)",
    "industryCode": [],
    "naviga_enrichment": {
        "org": [],
        "location": [
            "Korea"
        ],
        "person": [
            "Yoonkyung Lee"
        ],
        "companies": []
    },
    "geoOrigin_code": "RU/ae..dubai",
    "language": "English",
    "filename": "202006050058ALBA____ME_NA_NE_44754_176204960_138.930.XML",
    "providerName": "SyndiGate Media Inc.",
    "enriched_text": {
        "entities": [
            {
                "count": 2,
                "sentiment": {
                    "score": 0,
                    "label": "neutral"
                },
                "text": "Korea",
                "relevance": 0.844458,
                "type": "Location",
                "disambiguation": {
                    "subtype": [
                        "GovernmentalJurisdiction",
                        "Country"
                    ],
                    "name": "South Korea",
                    "dbpedia_resource": "http://dbpedia.org/resource/South_Korea"
                }
            },
            {
                "count": 1,
                "sentiment": {
                    "score": 0,
                    "label": "neutral"
                },
                "text": "FACILITY MANAGEMENT OFFICE",
                "relevance": 0.58009,
                "type": "Organization"
            },
            {
                "count": 1,
                "sentiment": {
                    "score": 0,
                    "label": "neutral"
                },
                "text": "Munsoosan Natural Recreation",
                "relevance": 0.566876,
                "type": "Facility"
            },
            {
                "count": 1,
                "sentiment": {
                    "score": 0,
                    "label": "neutral"
                },
                "text": "Yoonkyung Lee",
                "relevance": 0.533707,
                "type": "Person"
            }
        ],
        "semantic_roles": [
            {
                "subject": {
                    "text": "translated. For accurate information"
                },
                "sentence": " translated. For accurate information kindly refer the original document.]",
                "object": {
                    "text": "the original document"
                },
                "action": {
                    "verb": {
                        "text": "refer",
                        "tense": "present"
                    },
                    "text": "refer",
                    "normalized": "refer"
                }
            }
        ],
        "categories": [
            {
                "score": 0.711228,
                "label": "/finance/investing/funds"
            },
            {
                "score": 0.640137,
                "label": "/law, govt and politics"
            },
            {
                "score": 0.627684,
                "label": "/business and industrial/business operations/business plans"
            }
        ],
        "relations": [
            {
                "type": "basedIn",
                "sentence": "Company : BONGHWA-GUN FACILITY MANAGEMENT OFFICE IN BONGHWA-GUN, GYEONGSANGBUK-DO",
                "score": 0.794375,
                "arguments": [
                    {
                        "text": "BONGHWA-GUN FACILITY MANAGEMENT OFFICE",
                        "location": [
                            10,
                            48
                        ],
                        "entities": [
                            {
                                "type": "Organization",
                                "text": "BONGHWA-GUN FACILITY MANAGEMENT OFFICE"
                            }
                        ]
                    },
                    {
                        "text": "BONGHWA-GUN",
                        "location": [
                            52,
                            63
                        ],
                        "entities": [
                            {
                                "type": "GeopoliticalEntity",
                                "text": "BONGHWA-GUN"
                            }
                        ]
                    }
                ]
            },
            {
                "type": "locatedAt",
                "sentence": "Company : BONGHWA-GUN FACILITY MANAGEMENT OFFICE IN BONGHWA-GUN, GYEONGSANGBUK-DO",
                "score": 0.982102,
                "arguments": [
                    {
                        "text": "BONGHWA-GUN",
                        "location": [
                            52,
                            63
                        ],
                        "entities": [
                            {
                                "type": "GeopoliticalEntity",
                                "text": "BONGHWA-GUN"
                            }
                        ]
                    },
                    {
                        "text": "GYEONGSANGBUK-DO",
                        "location": [
                            65,
                            81
                        ],
                        "entities": [
                            {
                                "type": "GeopoliticalEntity",
                                "text": "GYEONGSANGBUK-DO"
                            }
                        ]
                    }
                ]
            },
            {
                "type": "locatedAt",
                "sentence": "Country : Korea (South)",
                "score": 0.941162,
                "arguments": [
                    {
                        "text": "Korea",
                        "location": [
                            145,
                            150
                        ],
                        "entities": [
                            {
                                "type": "GeopoliticalEntity",
                                "text": "Korea"
                            }
                        ]
                    },
                    {
                        "text": "South",
                        "location": [
                            152,
                            157
                        ],
                        "entities": [
                            {
                                "type": "GeopoliticalEntity",
                                "text": "South"
                            }
                        ]
                    }
                ]
            },
            {
                "type": "locatedAt",
                "sentence": "Location : Korea (South)",
                "score": 0.860454,
                "arguments": [
                    {
                        "text": "Korea",
                        "location": [
                            171,
                            176
                        ],
                        "entities": [
                            {
                                "type": "GeopoliticalEntity",
                                "text": "Korea"
                            }
                        ]
                    },
                    {
                        "text": "South",
                        "location": [
                            178,
                            183
                        ],
                        "entities": [
                            {
                                "type": "GeopoliticalEntity",
                                "text": "South"
                            }
                        ]
                    }
                ]
            },
            {
                "type": "affectedBy",
                "sentence": "Description : Tenders are invited for Announcement of the Submission of a Quotation for the Maintenance of the Slope of Munsoosan Natural Recreation Forest Parking Lot (Emergency Announcement) Estimated Amount: 82,800,000 KRW Estimated Price: 75,272,727 KRW Bid Date & Time: 2020/06/10 15:00:00 Bid Deadline: 2020/06/10 14:00:00 [Disclaimer: The above text is machine translated.",
                "score": 0.457487,
                "arguments": [
                    {
                        "text": "Tenders",
                        "location": [
                            324,
                            331
                        ],
                        "entities": [
                            {
                                "type": "Person",
                                "text": "Tenders"
                            }
                        ]
                    },
                    {
                        "text": "Announcement",
                        "location": [
                            348,
                            360
                        ],
                        "entities": [
                            {
                                "type": "EventCommunication",
                                "text": "Announcement"
                            }
                        ]
                    }
                ]
            },
            {
                "type": "agentOf",
                "sentence": "Description : Tenders are invited for Announcement of the Submission of a Quotation for the Maintenance of the Slope of Munsoosan Natural Recreation Forest Parking Lot (Emergency Announcement) Estimated Amount: 82,800,000 KRW Estimated Price: 75,272,727 KRW Bid Date & Time: 2020/06/10 15:00:00 Bid Deadline: 2020/06/10 14:00:00 [Disclaimer: The above text is machine translated.",
                "score": 0.826697,
                "arguments": [
                    {
                        "text": "Submission",
                        "location": [
                            368,
                            378
                        ],
                        "entities": [
                            {
                                "type": "Organization",
                                "text": "Submission"
                            }
                        ]
                    },
                    {
                        "text": "Announcement",
                        "location": [
                            348,
                            360
                        ],
                        "entities": [
                            {
                                "type": "EventCommunication",
                                "text": "Announcement"
                            }
                        ]
                    }
                ]
            }
        ],
        "keywords": [
            {
                "text": "Local International",
                "relevance": 0.848387,
                "count": 1
            },
            {
                "text": "BONGHWA-GUN FACILITY MANAGEMENT OFFICE",
                "relevance": 0.760954,
                "count": 1
            },
            {
                "text": "accurate information",
                "relevance": 0.726429,
                "count": 1
            },
            {
                "text": "KRW Bid Date",
                "relevance": 0.604385,
                "count": 1
            },
            {
                "text": "Emergency Announcement",
                "relevance": 0.589155,
                "count": 1
            },
            {
                "text": "Maintenance of the Slope",
                "relevance": 0.587268,
                "count": 1
            },
            {
                "text": "original document",
                "relevance": 0.581552,
                "count": 1
            },
            {
                "text": "Announcement of the Submission",
                "relevance": 0.574399,
                "count": 1
            },
            {
                "text": "BONGHWA-GUN",
                "relevance": 0.55626,
                "count": 1
            },
            {
                "text": "Quotation",
                "relevance": 0.549694,
                "count": 1
            },
            {
                "text": "Description",
                "relevance": 0.542961,
                "count": 1
            },
            {
                "text": "Address",
                "relevance": 0.54285,
                "count": 1
            },
            {
                "text": "Company",
                "relevance": 0.538228,
                "count": 1
            },
            {
                "text": "Price",
                "relevance": 0.5264,
                "count": 1
            },
            {
                "text": "Dead line",
                "relevance": 0.526284,
                "count": 1
            },
            {
                "text": "Tender",
                "relevance": 0.523262,
                "count": 1
            },
            {
                "text": "Disclaimer",
                "relevance": 0.519746,
                "count": 1
            },
            {
                "text": "Country",
                "relevance": 0.519029,
                "count": 1
            },
            {
                "text": "Location",
                "relevance": 0.519029,
                "count": 1
            },
            {
                "text": "above text",
                "relevance": 0.515972,
                "count": 1
            },
            {
                "text": "Korea",
                "relevance": 0.514917,
                "count": 2
            },
            {
                "text": "Amount",
                "relevance": 0.513911,
                "count": 1
            },
            {
                "text": "Value",
                "relevance": 0.513911,
                "count": 1
            },
            {
                "text": "Tenders",
                "relevance": 0.511638,
                "count": 1
            },
            {
                "text": "machine",
                "relevance": 0.51047,
                "count": 1
            },
            {
                "text": "Agency",
                "relevance": 0.51047,
                "count": 1
            },
            {
                "text": "Document",
                "relevance": 0.505235,
                "count": 1
            },
            {
                "text": "Lee Tel",
                "relevance": 0.498491,
                "count": 1
            },
            {
                "text": "Local",
                "relevance": 0.461522,
                "count": 1
            },
            {
                "text": "KRW",
                "relevance": 0.444783,
                "count": 2
            },
            {
                "text": "Attn",
                "relevance": 0.439717,
                "count": 1
            },
            {
                "text": "GYEONGSANGBUK",
                "relevance": 0.43593,
                "count": 1
            },
            {
                "text": "Time",
                "relevance": 0.435845,
                "count": 1
            },
            {
                "text": "South",
                "relevance": 0.427196,
                "count": 2
            }
        ]
    },
    "freqeuncy": "Continuous feed",
    "extracted_metadata": {
        "sha1": "3d8a41b23572358df34492691f9f234b62a7b7bd",
        "filename": "202006050058ALBA____ME_NA_NE_44754_176204960_138.930.json",
        "file_type": "json"
    },
    "companyRecord": "",
    "publicationTime": "2020-06-05T00:58:00-04:00",
    "title": "Announcement of the Submission of a Quotation for the Maintenance of the Slope of Munsoosan Natural Recreation Forest Parking Lot (Emergency Announcement)",
    "html": "<p>Company : BONGHWA-GUN FACILITY MANAGEMENT OFFICE IN BONGHWA-GUN, GYEONGSANGBUK-DO</p>\n<p>Address : Attn: <person>Yoonkyung Lee</person> Tel: +82-54-679-6952</p>\n<p>Country : <location idsrc=\"xmltag.org\" value=\"LC/kr\">Korea</location> (South)</p>\n<p>Location : <location idsrc=\"xmltag.org\" value=\"LC/kr\">Korea</location> (South)</p>\n<p>Tender_No : 20200606988-00</p>\n<p>Value : <money>KRW 75272727</money></p>\n<p>Dead line : 2020-06-10</p>\n<p>Local International : Local</p>\n<p>Funding Agency : No</p>\n<p>Description : Tenders are invited for Announcement of the Submission of a Quotation for the Maintenance of the Slope of Munsoosan Natural Recreation Forest Parking Lot (Emergency Announcement) Estimated Amount: <money>82,800,000 KRW</money> Estimated Price: <money>75,272,727 KRW</money> Bid Date &amp; Time: 2020/06/10 15:00:00 Bid Deadline: 2020/06/10 14:00:00 [Disclaimer: The above text is machine translated. For accurate information kindly refer the original document.]</p>\n<p>Document : <a href=\"http://www.bidsinfo.com/adminexe/documents/-KR4~20200605-20743043.html\"> http://www.bidsinfo.com/adminexe/documents/-KR4~20200605-20743043.html</a></p>",
    "geoFocus": [
        [
            "GR/afr",
            "Africa"
        ],
        [
            "GR/as",
            "Asia"
        ]
    ]
}