{
    "id": "21879b93-ab67-4cfd-807e-51759dff6da2",
    "result_metadata": {
        "score": 1
    },
    "copyright": "\u00a9 Copyright 2020 The Batavian. All Rights Reserved.",
    "geoOrigin": "Batavia, New York",
    "sourceType": "Online News Portal",
    "source": "Batavian, The (NY)",
    "corpus_document_id": "41208873693496805161",
    "description": "Numerous bowling centers around the nation and especially in New York State are \"on the brink\" of closing for good, according to a well-known Long Island proprietor who is spearheading a grassroots campaign to persuade Gov.  \"We want to make everyone aware that bowling centers are more like restaurants, and should be permitted to reopen in Phase Three instead of...",
    "serviceName": "Newspapers",
    "locationCode": [
        {
            "parent": "LR/am",
            "relevance_score": "9",
            "description": "North America",
            "code": "LB/nam#9#49#90",
            "level": 1
        },
        {
            "parent": "LB/nam",
            "relevance_score": "9",
            "description": "United States",
            "code": "LC/us#9#50#90",
            "level": 2
        },
        {
            "parent": null,
            "relevance_score": "9",
            "description": "Americas",
            "code": "LR/am#9#49#90",
            "level": 0
        },
        {
            "code": "LR/nam#9#49#90",
            "description": "",
            "relevance_score": "9"
        }
    ],
    "sourceClass": "General News",
    "subjectCode": [
        {
            "parent": null,
            "relevance_score": "9",
            "description": "Politics and Government",
            "code": "IS/pol#9#50#93",
            "level": 0
        },
        {
            "parent": "IS/pol.election",
            "relevance_score": "9",
            "description": "Political Campaigns",
            "code": "IS/pol.campaign#9#93#50",
            "level": 3
        },
        {
            "parent": "IS/pol.politics",
            "relevance_score": "9",
            "description": "Elections",
            "code": "IS/pol.election#9#50#93",
            "level": 2
        },
        {
            "parent": "IS/pol",
            "relevance_score": "9",
            "description": "Politics",
            "code": "IS/pol.politics#9#50#93",
            "level": 1
        }
    ],
    "text": "Numerous bowling centers around the nation \u0096 and especially in New York State\n\u0096 are \"on the brink\" of closing for good, according to a well-known Long\nIsland proprietor who is spearheading a grassroots campaign to persuade Gov.\nAndrew Cuomo to allow these recreational facilities to open up sooner than\ncurrently planned.\n\n\"We want to make everyone aware that bowling centers are more like\nrestaurants, and should be permitted to reopen in Phase Three (of the state's\nCOVID-19 reopening plan) instead of Phase Four,\" said John LaSpina, president\nof Maple Family Centers, a chain of four bowling centers in the New York City\narea and another location in Florida.\n\nLa Spina has held numerous bowling leadership positions at the national,\nstate, and local levels over a 60-year career. He has received multiple\nhonors, including being selected as the International Bowling Industry Person\nof the Year in 1994 and to the New York State Hall of Fame in 2016.\n\nHe is calling upon New York state bowling association officers, league\nbowlers, and local government officials to contact their local legislators and\nrequest that the governor places bowling into Phase Three, a move that would\nenable bowlers to enjoy their sport two weeks earlier than currently planned.\n\nBowling is not the same as professional sports played in huge stadiums, and\nevents staged in arenas and the theater, La Spina said.\n\n\"As bowlers centers have plenty of room and as proprietors understand the\nchallenges we face, there is no reason why we can't open up bowling in Phase\nThree so we may save some of the centers that are on the brink,\" he said. \"We\nrespect the rules of social distancing and can easily and safely accommodate\nbowlers in our large facilities with 50 percent occupancy sooner rather than\nlater.\"\n\nLaSpina said he is afraid that more and more businesses, not just bowling\ncenters, will be closing their doors and may not come back as a result of the\ndevastation caused by the coronavirus.\n\nHe and others representing the NYS Bowling Proprietors Association have\ndrafted a letter that includes \"talking points\" and a list of protocols that\nbowling center personnel has put in place to protect the health of customers\nand staff.\n\nJust a few of the protocols include:\n\n\\-- Cleaning the seating, ball return, and scoring area using a disinfectant\nrated for COVID-19 between each lane usage;\n\n\\-- Disinfecting each bowling center rental ball before and after each use,\nand each rental shoe before and after each use;\n\n\\-- Providing social distancing throughout the facility to eliminate shared\nspaces;\n\n\\-- Providing cashless payment options where possible;\n\n\\-- Providing a separate entrance and exit for guests;\n\n\\-- Installing plexiglass barriers at counters, between employees and\ncustomers;\n\n\\-- Limiting group reservations to six or less.\n\nHe also said that people can email him at [email protected] if they need to\nidentify members of the state Senate and Assembly in their area.\n\n\"We're appealing to anyone \u0096 local mayors, police commissioners, restaurateurs\nand owners of other businesses \u0096 who can help us make our case, who know that\nbowling is a safe activity and that those who operate bowling are responsible\npeople with a plan to keep everyone safe and to keep their facilities clean,\"\nLaSpina said.",
    "industryCode": [
        {
            "parent": null,
            "relevance_score": "7",
            "description": "Sports and Recreation",
            "code": "II/sports#7#50#77",
            "level": 0
        },
        {
            "parent": "II/sports.rec",
            "relevance_score": "7",
            "description": "Bowling Centers",
            "code": "II/sports.bowlcent#7#77#50",
            "level": 2
        },
        {
            "parent": "II/sports",
            "relevance_score": "7",
            "description": "Recreational Facilities",
            "code": "II/sports.rec#7#50#77",
            "level": 1
        },
        {
            "parent": "II/sports.pro",
            "relevance_score": "5",
            "description": "Professional Bowling",
            "code": "II/sports.bowling#5#50#50",
            "level": 3
        }
    ],
    "naviga_enrichment": {
        "org": [
            "New York State Hall of Fame",
            "NYS Bowling Proprietors Association",
            "Senate"
        ],
        "location": [
            "New York State",
            "Long Island",
            "New York City",
            "Florida",
            "New York state"
        ],
        "person": [
            "Andrew Cuomo",
            "John LaSpina"
        ],
        "companies": [
            "NYS Bowling Proprietors Association",
            "New York State Hall of Fame",
            "Senate"
        ]
    },
    "geoOrigin_code": "RU/us.ny.batvia",
    "language": "English",
    "filename": "202005310000NEWSBANKNEWSPPRS27354BC981EF72A1B27E61371CC25A8.XML",
    "providerName": "NewsBank",
    "enriched_text": {
        "entities": [
            {
                "count": 6,
                "sentiment": {
                    "score": 0.096121,
                    "label": "positive"
                },
                "text": "Bowling",
                "relevance": 0.905377,
                "type": "Sport",
                "disambiguation": {
                    "subtype": [],
                    "name": "Bowling",
                    "dbpedia_resource": "http://dbpedia.org/resource/Bowling"
                }
            },
            {
                "count": 6,
                "sentiment": {
                    "score": -0.753813,
                    "label": "negative"
                },
                "text": "John LaSpina",
                "relevance": 0.49756,
                "type": "Person"
            },
            {
                "count": 1,
                "sentiment": {
                    "score": 0,
                    "label": "neutral"
                },
                "text": "NYS Bowling Proprietors Association",
                "relevance": 0.456084,
                "type": "Organization"
            },
            {
                "count": 3,
                "sentiment": {
                    "score": 0.418139,
                    "label": "positive"
                },
                "text": "Maple Family Centers",
                "relevance": 0.454996,
                "type": "Organization"
            },
            {
                "count": 1,
                "sentiment": {
                    "score": 0,
                    "label": "neutral"
                },
                "text": "International Bowling Industry",
                "relevance": 0.452,
                "type": "Organization"
            },
            {
                "count": 1,
                "sentiment": {
                    "score": 0,
                    "label": "neutral"
                },
                "text": "bowling center",
                "relevance": 0.426852,
                "type": "Facility"
            },
            {
                "count": 2,
                "sentiment": {
                    "score": -0.320194,
                    "label": "negative"
                },
                "text": "La Spina",
                "relevance": 0.326337,
                "type": "Location",
                "disambiguation": {
                    "subtype": [
                        "City"
                    ]
                }
            },
            {
                "count": 2,
                "sentiment": {
                    "score": 0,
                    "label": "neutral"
                },
                "text": "New York",
                "relevance": 0.32355,
                "type": "Location",
                "disambiguation": {
                    "subtype": [
                        "City"
                    ]
                }
            },
            {
                "count": 1,
                "sentiment": {
                    "score": 0,
                    "label": "neutral"
                },
                "text": "New York State Hall of Fame",
                "relevance": 0.314364,
                "type": "Facility"
            },
            {
                "count": 1,
                "sentiment": {
                    "score": -0.609892,
                    "label": "negative"
                },
                "text": "Andrew Cuomo",
                "relevance": 0.281538,
                "type": "Person",
                "disambiguation": {
                    "subtype": [
                        "Politician",
                        "OfficeHolder",
                        "TVActor"
                    ],
                    "name": "Andrew Cuomo",
                    "dbpedia_resource": "http://dbpedia.org/resource/Andrew_Cuomo"
                }
            },
            {
                "count": 1,
                "sentiment": {
                    "score": 0,
                    "label": "neutral"
                },
                "text": "New York City",
                "relevance": 0.25733,
                "type": "Location",
                "disambiguation": {
                    "subtype": [
                        "PoliticalDistrict",
                        "GovernmentalJurisdiction",
                        "PlaceWithNeighborhoods",
                        "WineRegion",
                        "FilmScreeningVenue",
                        "City"
                    ],
                    "name": "New York City",
                    "dbpedia_resource": "http://dbpedia.org/resource/New_York_City"
                }
            },
            {
                "count": 1,
                "sentiment": {
                    "score": 0,
                    "label": "neutral"
                },
                "text": "Senate",
                "relevance": 0.230856,
                "type": "Organization",
                "disambiguation": {
                    "subtype": [
                        "GovernmentalBody",
                        "Legislature"
                    ],
                    "name": "United States Senate",
                    "dbpedia_resource": "http://dbpedia.org/resource/United_States_Senate"
                }
            },
            {
                "count": 1,
                "sentiment": {
                    "score": 0,
                    "label": "neutral"
                },
                "text": "Florida",
                "relevance": 0.219123,
                "type": "Location",
                "disambiguation": {
                    "subtype": [
                        "StateOrCounty"
                    ]
                }
            },
            {
                "count": 1,
                "sentiment": {
                    "score": 0,
                    "label": "neutral"
                },
                "text": "president",
                "relevance": 0.213931,
                "type": "JobTitle"
            },
            {
                "count": 1,
                "sentiment": {
                    "score": 0,
                    "label": "neutral"
                },
                "text": "50 percent",
                "relevance": 0.204557,
                "type": "Quantity"
            },
            {
                "count": 1,
                "sentiment": {
                    "score": 0,
                    "label": "neutral"
                },
                "text": "two weeks",
                "relevance": 0.204557,
                "type": "Quantity"
            },
            {
                "count": 1,
                "sentiment": {
                    "score": 0,
                    "label": "neutral"
                },
                "text": "60-year",
                "relevance": 0.204557,
                "type": "Quantity"
            }
        ],
        "semantic_roles": [
            {
                "subject": {
                    "text": "\u0096"
                },
                "sentence": " \u0096 are \"on the brink\" of closing for good, according to a well-known Long",
                "object": {
                    "text": "on the brink"
                },
                "action": {
                    "verb": {
                        "text": "be",
                        "tense": "present"
                    },
                    "text": "are",
                    "normalized": "be"
                }
            },
            {
                "subject": {
                    "text": "\u0096"
                },
                "sentence": " \u0096 are \"on the brink\" of closing for good, according to a well-known Long",
                "object": {
                    "text": "to a well-known Long"
                },
                "action": {
                    "verb": {
                        "text": "accord",
                        "tense": "present"
                    },
                    "text": "according",
                    "normalized": "accord"
                }
            },
            {
                "subject": {
                    "text": "Island proprietor"
                },
                "sentence": " Island proprietor who is spearheading a grassroots campaign to persuade Gov.",
                "object": {
                    "text": "spearheading a grassroots campaign"
                },
                "action": {
                    "verb": {
                        "text": "be",
                        "tense": "present"
                    },
                    "text": "is",
                    "normalized": "be"
                }
            },
            {
                "subject": {
                    "text": "Island proprietor"
                },
                "sentence": " Island proprietor who is spearheading a grassroots campaign to persuade Gov.",
                "object": {
                    "text": "a grassroots campaign"
                },
                "action": {
                    "verb": {
                        "text": "spearhead",
                        "tense": "present"
                    },
                    "text": "is spearheading",
                    "normalized": "be spearhead"
                }
            },
            {
                "subject": {
                    "text": "Andrew Cuomo"
                },
                "sentence": " Andrew Cuomo to allow these recreational facilities to open up sooner than",
                "object": {
                    "text": "these recreational facilities to open up"
                },
                "action": {
                    "verb": {
                        "text": "allow",
                        "tense": "future"
                    },
                    "text": "to allow",
                    "normalized": "to allow"
                }
            },
            {
                "subject": {
                    "text": "We"
                },
                "sentence": " \"We want to make everyone aware that bowling centers are more like",
                "object": {
                    "text": "to make everyone aware that bowling centers are more like"
                },
                "action": {
                    "verb": {
                        "text": "want",
                        "tense": "present"
                    },
                    "text": "want",
                    "normalized": "want"
                }
            },
            {
                "subject": {
                    "text": "We"
                },
                "sentence": " \"We want to make everyone aware that bowling centers are more like",
                "object": {
                    "text": "everyone"
                },
                "action": {
                    "verb": {
                        "text": "make",
                        "tense": "future"
                    },
                    "text": "want to make",
                    "normalized": "want to make"
                }
            },
            {
                "subject": {
                    "text": "restaurants"
                },
                "sentence": " restaurants, and should be permitted to reopen in Phase Three (of the state's",
                "action": {
                    "verb": {
                        "text": "reopen",
                        "tense": "future"
                    },
                    "text": "should be permitted to reopen",
                    "normalized": "should be permit to reopen"
                }
            },
            {
                "subject": {
                    "text": "COVID-19"
                },
                "sentence": " COVID-19 reopening plan) instead of Phase Four,\" said John LaSpina, president",
                "object": {
                    "text": "plan"
                },
                "action": {
                    "verb": {
                        "text": "reopen",
                        "tense": "present"
                    },
                    "text": "reopening",
                    "normalized": "reopen"
                }
            },
            {
                "subject": {
                    "text": "John LaSpina, president"
                },
                "sentence": " COVID-19 reopening plan) instead of Phase Four,\" said John LaSpina, president",
                "object": {
                    "text": "COVID-19 reopening plan) instead of Phase Four"
                },
                "action": {
                    "verb": {
                        "text": "say",
                        "tense": "past"
                    },
                    "text": "said",
                    "normalized": "say"
                }
            },
            {
                "subject": {
                    "text": "La Spina"
                },
                "sentence": " La Spina has held numerous bowling leadership positions at the national,",
                "object": {
                    "text": "held numerous bowling leadership positions"
                },
                "action": {
                    "verb": {
                        "text": "have",
                        "tense": "present"
                    },
                    "text": "has",
                    "normalized": "have"
                }
            },
            {
                "subject": {
                    "text": "La Spina"
                },
                "sentence": " La Spina has held numerous bowling leadership positions at the national,",
                "object": {
                    "text": "numerous bowling leadership positions"
                },
                "action": {
                    "verb": {
                        "text": "hold",
                        "tense": "past"
                    },
                    "text": "has held",
                    "normalized": "have hold"
                }
            },
            {
                "subject": {
                    "text": "He"
                },
                "sentence": " He has received multiple",
                "object": {
                    "text": "received multiple"
                },
                "action": {
                    "verb": {
                        "text": "have",
                        "tense": "present"
                    },
                    "text": "has",
                    "normalized": "have"
                }
            },
            {
                "subject": {
                    "text": "He"
                },
                "sentence": " He has received multiple",
                "object": {
                    "text": "multiple"
                },
                "action": {
                    "verb": {
                        "text": "receive",
                        "tense": "past"
                    },
                    "text": "has received",
                    "normalized": "have receive"
                }
            },
            {
                "subject": {
                    "text": "He"
                },
                "sentence": " He is calling upon New York state bowling association officers, league",
                "object": {
                    "text": "calling upon New York state bowling association officers, league"
                },
                "action": {
                    "verb": {
                        "text": "be",
                        "tense": "present"
                    },
                    "text": "is",
                    "normalized": "be"
                }
            },
            {
                "subject": {
                    "text": "bowlers, and local government officials"
                },
                "sentence": " bowlers, and local government officials to contact their local legislators and",
                "object": {
                    "text": "their local legislators"
                },
                "action": {
                    "verb": {
                        "text": "contact",
                        "tense": "future"
                    },
                    "text": "to contact",
                    "normalized": "to contact"
                }
            },
            {
                "subject": {
                    "text": "the governor"
                },
                "sentence": " request that the governor places bowling into Phase Three, a move that would",
                "object": {
                    "text": "bowling"
                },
                "action": {
                    "verb": {
                        "text": "place",
                        "tense": "present"
                    },
                    "text": "places",
                    "normalized": "place"
                }
            },
            {
                "subject": {
                    "text": "bowlers"
                },
                "sentence": " enable bowlers to enjoy their sport two weeks earlier than currently planned.",
                "object": {
                    "text": "their sport"
                },
                "action": {
                    "verb": {
                        "text": "enjoy",
                        "tense": "future"
                    },
                    "text": "to enjoy",
                    "normalized": "to enjoy"
                }
            },
            {
                "subject": {
                    "text": "bowlers"
                },
                "sentence": " enable bowlers to enjoy their sport two weeks earlier than currently planned.",
                "action": {
                    "verb": {
                        "text": "plan",
                        "tense": "past"
                    },
                    "text": "planned",
                    "normalized": "plan"
                }
            },
            {
                "subject": {
                    "text": "Bowling"
                },
                "sentence": " Bowling is not the same as professional sports played in huge stadiums, and",
                "object": {
                    "text": "not the same as professional sports played in huge stadiums"
                },
                "action": {
                    "verb": {
                        "text": "be",
                        "tense": "present"
                    },
                    "text": "is",
                    "normalized": "be"
                }
            },
            {
                "subject": {
                    "text": "professional sports"
                },
                "sentence": " Bowling is not the same as professional sports played in huge stadiums, and",
                "action": {
                    "verb": {
                        "text": "play",
                        "tense": "past"
                    },
                    "text": "played",
                    "normalized": "play"
                }
            },
            {
                "subject": {
                    "text": "events"
                },
                "sentence": " events staged in arenas and the theater, La Spina said.",
                "action": {
                    "verb": {
                        "text": "stage",
                        "tense": "past"
                    },
                    "text": "staged",
                    "normalized": "stage"
                }
            },
            {
                "subject": {
                    "text": "La Spina"
                },
                "sentence": " events staged in arenas and the theater, La Spina said.",
                "object": {
                    "text": "events staged in arenas and the theater"
                },
                "action": {
                    "verb": {
                        "text": "say",
                        "tense": "past"
                    },
                    "text": "said",
                    "normalized": "say"
                }
            },
            {
                "subject": {
                    "text": "bowlers centers"
                },
                "sentence": " \"As bowlers centers have plenty of room and as proprietors understand the",
                "object": {
                    "text": "plenty of room"
                },
                "action": {
                    "verb": {
                        "text": "have",
                        "tense": "present"
                    },
                    "text": "have",
                    "normalized": "have"
                }
            },
            {
                "subject": {
                    "text": "proprietors"
                },
                "sentence": " \"As bowlers centers have plenty of room and as proprietors understand the",
                "object": {
                    "text": "the"
                },
                "action": {
                    "verb": {
                        "text": "understand",
                        "tense": "present"
                    },
                    "text": "understand",
                    "normalized": "understand"
                }
            },
            {
                "subject": {
                    "text": "we"
                },
                "sentence": " challenges we face, there is no reason why we can't open up bowling in Phase",
                "object": {
                    "text": "challenges"
                },
                "action": {
                    "verb": {
                        "text": "face",
                        "tense": "present"
                    },
                    "text": "face",
                    "normalized": "face"
                }
            },
            {
                "subject": {
                    "text": "challenges we face"
                },
                "sentence": " challenges we face, there is no reason why we can't open up bowling in Phase",
                "object": {
                    "text": "no reason why we can't open up bowling in Phase"
                },
                "action": {
                    "verb": {
                        "text": "be",
                        "tense": "present"
                    },
                    "text": "is",
                    "normalized": "be"
                }
            },
            {
                "subject": {
                    "text": "we"
                },
                "sentence": " challenges we face, there is no reason why we can't open up bowling in Phase",
                "object": {
                    "text": "up bowling in Phase"
                },
                "action": {
                    "verb": {
                        "text": "open",
                        "tense": "future",
                        "negated": true
                    },
                    "text": "open",
                    "normalized": "open"
                }
            },
            {
                "subject": {
                    "text": "we"
                },
                "sentence": " Three so we may save some of the centers that are on the brink,\" he said.",
                "object": {
                    "text": "some of the centers that are on the brink"
                },
                "action": {
                    "verb": {
                        "text": "save",
                        "tense": "future"
                    },
                    "text": "may save",
                    "normalized": "may save"
                }
            },
            {
                "subject": {
                    "text": "he"
                },
                "sentence": " Three so we may save some of the centers that are on the brink,\" he said.",
                "object": {
                    "text": "Three so we may save some of the centers that are on the brink"
                },
                "action": {
                    "verb": {
                        "text": "say",
                        "tense": "past"
                    },
                    "text": "said",
                    "normalized": "say"
                }
            },
            {
                "subject": {
                    "text": "LaSpina"
                },
                "sentence": " LaSpina said he is afraid that more and more businesses, not just bowling",
                "object": {
                    "text": "he is afraid that more and more businesses, not just bowling"
                },
                "action": {
                    "verb": {
                        "text": "say",
                        "tense": "past"
                    },
                    "text": "said",
                    "normalized": "say"
                }
            },
            {
                "subject": {
                    "text": "centers,"
                },
                "sentence": " centers, will be closing their doors and may not come back as a result of the",
                "object": {
                    "text": "closing their doors"
                },
                "action": {
                    "verb": {
                        "text": "be",
                        "tense": "future"
                    },
                    "text": "be",
                    "normalized": "be"
                }
            },
            {
                "subject": {
                    "text": "centers"
                },
                "sentence": " centers, will be closing their doors and may not come back as a result of the",
                "object": {
                    "text": "their doors"
                },
                "action": {
                    "verb": {
                        "text": "close",
                        "tense": "future"
                    },
                    "text": "will be closing",
                    "normalized": "will be close"
                }
            },
            {
                "subject": {
                    "text": "by the coronavirus"
                },
                "sentence": " devastation caused by the coronavirus.",
                "object": {
                    "text": "devastation"
                },
                "action": {
                    "verb": {
                        "text": "cause",
                        "tense": "past"
                    },
                    "text": "caused",
                    "normalized": "cause"
                }
            },
            {
                "subject": {
                    "text": "He and others"
                },
                "sentence": " He and others representing the NYS Bowling Proprietors Association have",
                "object": {
                    "text": "the NYS Bowling Proprietors Association have"
                },
                "action": {
                    "verb": {
                        "text": "represent",
                        "tense": "present"
                    },
                    "text": "representing",
                    "normalized": "represent"
                }
            },
            {
                "subject": {
                    "text": "\"talking points\" and a list of protocols that"
                },
                "sentence": " drafted a letter that includes \"talking points\" and a list of protocols that",
                "object": {
                    "text": "a letter"
                },
                "action": {
                    "verb": {
                        "text": "include",
                        "tense": "present"
                    },
                    "text": "includes",
                    "normalized": "include"
                }
            },
            {
                "subject": {
                    "text": "a letter"
                },
                "sentence": " drafted a letter that includes \"talking points\" and a list of protocols that",
                "object": {
                    "text": "points"
                },
                "action": {
                    "verb": {
                        "text": "talk",
                        "tense": "present"
                    },
                    "text": "talking",
                    "normalized": "talk"
                }
            },
            {
                "subject": {
                    "text": "bowling center personnel"
                },
                "sentence": " bowling center personnel has put in place to protect the health of customers",
                "object": {
                    "text": "put in place"
                },
                "action": {
                    "verb": {
                        "text": "have",
                        "tense": "present"
                    },
                    "text": "has",
                    "normalized": "have"
                }
            },
            {
                "subject": {
                    "text": "bowling center personnel"
                },
                "sentence": " bowling center personnel has put in place to protect the health of customers",
                "object": {
                    "text": "the health of customers"
                },
                "action": {
                    "verb": {
                        "text": "protect",
                        "tense": "future"
                    },
                    "text": "to protect",
                    "normalized": "to protect"
                }
            },
            {
                "subject": {
                    "text": "social distancing"
                },
                "sentence": " \\-- Providing social distancing throughout the facility to eliminate shared",
                "action": {
                    "verb": {
                        "text": "Providing",
                        "tense": "present"
                    },
                    "text": "Providing",
                    "normalized": "Providing"
                }
            },
            {
                "subject": {
                    "text": "plexiglass barriers"
                },
                "sentence": " \\-- Installing plexiglass barriers at counters, between employees and",
                "action": {
                    "verb": {
                        "text": "Installing",
                        "tense": "present"
                    },
                    "text": "Installing",
                    "normalized": "Installing"
                }
            },
            {
                "subject": {
                    "text": "He"
                },
                "sentence": " He also said that people can email him at [email protected] if they need to",
                "object": {
                    "text": "that people can email him at [email protected] if they need to"
                },
                "action": {
                    "verb": {
                        "text": "say",
                        "tense": "past"
                    },
                    "text": "said",
                    "normalized": "say"
                }
            },
            {
                "subject": {
                    "text": "members of the state Senate and Assembly"
                },
                "sentence": " identify members of the state Senate and Assembly in their area.",
                "action": {
                    "verb": {
                        "text": "identify",
                        "tense": "present"
                    },
                    "text": "identify",
                    "normalized": "identify"
                }
            },
            {
                "subject": {
                    "text": "other businesses \u0096"
                },
                "sentence": " and owners of other businesses \u0096 who can help us make our case, who know that",
                "object": {
                    "text": "us make our case, who know that"
                },
                "action": {
                    "verb": {
                        "text": "help",
                        "tense": "future"
                    },
                    "text": "can help",
                    "normalized": "can help"
                }
            },
            {
                "subject": {
                    "text": "bowling"
                },
                "sentence": " bowling is a safe activity and that those who operate bowling are responsible",
                "object": {
                    "text": "a safe activity"
                },
                "action": {
                    "verb": {
                        "text": "be",
                        "tense": "present"
                    },
                    "text": "is",
                    "normalized": "be"
                }
            },
            {
                "subject": {
                    "text": "those who operate bowling"
                },
                "sentence": " bowling is a safe activity and that those who operate bowling are responsible",
                "object": {
                    "text": "responsible"
                },
                "action": {
                    "verb": {
                        "text": "be",
                        "tense": "present"
                    },
                    "text": "are",
                    "normalized": "be"
                }
            },
            {
                "subject": {
                    "text": "people"
                },
                "sentence": " people with a plan to keep everyone safe and to keep their facilities clean,\"",
                "object": {
                    "text": "everyone safe"
                },
                "action": {
                    "verb": {
                        "text": "keep",
                        "tense": "future"
                    },
                    "text": "to keep",
                    "normalized": "to keep"
                }
            }
        ],
        "categories": [
            {
                "score": 0.996958,
                "label": "/sports/bowling"
            },
            {
                "score": 0.960266,
                "label": "/sports/cricket"
            }
        ],
        "relations": [
            {
                "type": "locatedAt",
                "sentence": "Numerous bowling centers around the nation \u0096 and especially in New York State \u0096 are \"on the brink\" of closing for good, according to a well-known Long Island proprietor who is spearheading a grassroots campaign to persuade Gov. Andrew Cuomo to allow these recreational facilities to open up sooner than currently planned.",
                "score": 0.502223,
                "arguments": [
                    {
                        "text": "nation",
                        "location": [
                            36,
                            42
                        ],
                        "entities": [
                            {
                                "type": "GeopoliticalEntity",
                                "text": "nation",
                                "disambiguation": {
                                    "subtype": [
                                        "Country"
                                    ]
                                }
                            }
                        ]
                    },
                    {
                        "text": "New York State",
                        "location": [
                            63,
                            77
                        ],
                        "entities": [
                            {
                                "type": "GeopoliticalEntity",
                                "text": "New York State"
                            }
                        ]
                    }
                ]
            },
            {
                "type": "affectedBy",
                "sentence": "He is calling upon New York state bowling association officers, league bowlers, and local government officials to contact their local legislators and request that the governor places bowling into Phase Three, a move that would enable bowlers to enjoy their sport two weeks earlier than currently planned.",
                "score": 0.562495,
                "arguments": [
                    {
                        "text": "officers",
                        "location": [
                            1009,
                            1017
                        ],
                        "entities": [
                            {
                                "type": "Person",
                                "text": "officers"
                            }
                        ]
                    },
                    {
                        "text": "calling",
                        "location": [
                            961,
                            968
                        ],
                        "entities": [
                            {
                                "type": "EventCommunication",
                                "text": "calling"
                            }
                        ]
                    }
                ]
            },
            {
                "type": "employedBy",
                "sentence": "He is calling upon New York state bowling association officers, league bowlers, and local government officials to contact their local legislators and request that the governor places bowling into Phase Three, a move that would enable bowlers to enjoy their sport two weeks earlier than currently planned.",
                "score": 0.872812,
                "arguments": [
                    {
                        "text": "officials",
                        "location": [
                            1056,
                            1065
                        ],
                        "entities": [
                            {
                                "type": "Person",
                                "text": "officials"
                            }
                        ]
                    },
                    {
                        "text": "government",
                        "location": [
                            1045,
                            1055
                        ],
                        "entities": [
                            {
                                "type": "GeopoliticalEntity",
                                "text": "Bowling Proprietors Association"
                            }
                        ]
                    }
                ]
            },
            {
                "type": "affectedBy",
                "sentence": "He is calling upon New York state bowling association officers, league bowlers, and local government officials to contact their local legislators and request that the governor places bowling into Phase Three, a move that would enable bowlers to enjoy their sport two weeks earlier than currently planned.",
                "score": 0.464412,
                "arguments": [
                    {
                        "text": "governor",
                        "location": [
                            1122,
                            1130
                        ],
                        "entities": [
                            {
                                "type": "Person",
                                "text": "governor"
                            }
                        ]
                    },
                    {
                        "text": "request",
                        "location": [
                            1105,
                            1112
                        ],
                        "entities": [
                            {
                                "type": "EventCommunication",
                                "text": "request"
                            }
                        ]
                    }
                ]
            },
            {
                "type": "agentOf",
                "sentence": "Bowling is not the same as professional sports played in huge stadiums, and events staged in arenas and the theater, La Spina said.",
                "score": 0.998331,
                "arguments": [
                    {
                        "text": "La Spina",
                        "location": [
                            1378,
                            1386
                        ],
                        "entities": [
                            {
                                "type": "Person",
                                "text": "La Spina"
                            }
                        ]
                    },
                    {
                        "text": "said",
                        "location": [
                            1387,
                            1391
                        ],
                        "entities": [
                            {
                                "type": "EventCommunication",
                                "text": "said"
                            }
                        ]
                    }
                ]
            },
            {
                "type": "agentOf",
                "sentence": "\"As bowlers centers have plenty of room and as proprietors understand the challenges we face, there is no reason why we can't open up bowling in Phase Three so we may save some of the centers that are on the brink,\" he said.",
                "score": 0.985655,
                "arguments": [
                    {
                        "text": "he",
                        "location": [
                            1610,
                            1612
                        ],
                        "entities": [
                            {
                                "type": "Person",
                                "text": "La Spina"
                            }
                        ]
                    },
                    {
                        "text": "said",
                        "location": [
                            1613,
                            1617
                        ],
                        "entities": [
                            {
                                "type": "EventCommunication",
                                "text": "said"
                            }
                        ]
                    }
                ]
            },
            {
                "type": "locatedAt",
                "sentence": "\"We respect the rules of social distancing and can easily and safely accommodate bowlers in our large facilities with 50 percent occupancy sooner rather than later.\"",
                "score": 0.705311,
                "arguments": [
                    {
                        "text": "our",
                        "location": [
                            1711,
                            1714
                        ],
                        "entities": [
                            {
                                "type": "Person",
                                "text": "bowlers"
                            }
                        ]
                    },
                    {
                        "text": "facilities",
                        "location": [
                            1721,
                            1731
                        ],
                        "entities": [
                            {
                                "type": "Facility",
                                "text": "facilities"
                            }
                        ]
                    }
                ]
            },
            {
                "type": "agentOf",
                "sentence": "LaSpina said he is afraid that more and more businesses, not just bowling centers, will be closing their doors and may not come back as a result of the devastation caused by the coronavirus.",
                "score": 0.997777,
                "arguments": [
                    {
                        "text": "LaSpina",
                        "location": [
                            1786,
                            1793
                        ],
                        "entities": [
                            {
                                "type": "Person",
                                "text": "John LaSpina"
                            }
                        ]
                    },
                    {
                        "text": "said",
                        "location": [
                            1794,
                            1798
                        ],
                        "entities": [
                            {
                                "type": "EventCommunication",
                                "text": "said"
                            }
                        ]
                    }
                ]
            },
            {
                "type": "agentOf",
                "sentence": "He also said that people can email him at [email protected] if they need to identify members of the state Senate and Assembly in their area.",
                "score": 0.989159,
                "arguments": [
                    {
                        "text": "He",
                        "location": [
                            2829,
                            2831
                        ],
                        "entities": [
                            {
                                "type": "Person",
                                "text": "who"
                            }
                        ]
                    },
                    {
                        "text": "said",
                        "location": [
                            2837,
                            2841
                        ],
                        "entities": [
                            {
                                "type": "EventCommunication",
                                "text": "said"
                            }
                        ]
                    }
                ]
            },
            {
                "type": "employedBy",
                "sentence": "He also said that people can email him at [email protected] if they need to identify members of the state Senate and Assembly in their area.",
                "score": 0.740751,
                "arguments": [
                    {
                        "text": "members",
                        "location": [
                            2914,
                            2921
                        ],
                        "entities": [
                            {
                                "type": "Person",
                                "text": "members"
                            }
                        ]
                    },
                    {
                        "text": "state",
                        "location": [
                            2929,
                            2934
                        ],
                        "entities": [
                            {
                                "type": "GeopoliticalEntity",
                                "text": "state"
                            }
                        ]
                    }
                ]
            },
            {
                "type": "employedBy",
                "sentence": "He also said that people can email him at [email protected] if they need to identify members of the state Senate and Assembly in their area.",
                "score": 0.576057,
                "arguments": [
                    {
                        "text": "members",
                        "location": [
                            2914,
                            2921
                        ],
                        "entities": [
                            {
                                "type": "Person",
                                "text": "members"
                            }
                        ]
                    },
                    {
                        "text": "Senate",
                        "location": [
                            2935,
                            2941
                        ],
                        "entities": [
                            {
                                "type": "Organization",
                                "text": "Senate",
                                "disambiguation": {
                                    "subtype": [
                                        "Government"
                                    ]
                                }
                            }
                        ]
                    }
                ]
            },
            {
                "type": "partOf",
                "sentence": "He also said that people can email him at [email protected] if they need to identify members of the state Senate and Assembly in their area.",
                "score": 0.942293,
                "arguments": [
                    {
                        "text": "Senate",
                        "location": [
                            2935,
                            2941
                        ],
                        "entities": [
                            {
                                "type": "Organization",
                                "text": "Senate",
                                "disambiguation": {
                                    "subtype": [
                                        "Government"
                                    ]
                                }
                            }
                        ]
                    },
                    {
                        "text": "state",
                        "location": [
                            2929,
                            2934
                        ],
                        "entities": [
                            {
                                "type": "GeopoliticalEntity",
                                "text": "state"
                            }
                        ]
                    }
                ]
            },
            {
                "type": "locatedAt",
                "sentence": "Numerous bowling centers around the nation \u0096 and especially in New York State \u0096 are \"on the brink\" of closing for good, according to a well-known Long Island proprietor who is spearheading a grassroots campaign to persuade Gov. Andrew Cuomo to allow these recreational facilities to open up sooner than currently planned.",
                "score": 0.468727,
                "arguments": [
                    {
                        "text": "proprietor",
                        "location": [
                            158,
                            168
                        ],
                        "entities": [
                            {
                                "type": "Person",
                                "text": "John LaSpina"
                            }
                        ]
                    },
                    {
                        "text": "Long\nIsland",
                        "location": [
                            146,
                            157
                        ],
                        "entities": [
                            {
                                "type": "GeopoliticalEntity",
                                "text": "Long\nIsland"
                            }
                        ]
                    }
                ]
            },
            {
                "type": "partOfMany",
                "sentence": "\"We're appealing to anyone \u0096 local mayors, police commissioners, restaurateurs and owners of other businesses \u0096 who can help us make our case, who know that bowling is a safe activity and that those who operate bowling are responsible people with a plan to keep everyone safe and to keep their facilities clean,\" LaSpina said.",
                "score": 0.577198,
                "arguments": [
                    {
                        "text": "mayors",
                        "location": [
                            3006,
                            3012
                        ],
                        "entities": [
                            {
                                "type": "Person",
                                "text": "mayors"
                            }
                        ]
                    },
                    {
                        "text": "We",
                        "location": [
                            2972,
                            2974
                        ],
                        "entities": [
                            {
                                "type": "Person",
                                "text": "people"
                            }
                        ]
                    }
                ]
            },
            {
                "type": "employedBy",
                "sentence": "\"We're appealing to anyone \u0096 local mayors, police commissioners, restaurateurs and owners of other businesses \u0096 who can help us make our case, who know that bowling is a safe activity and that those who operate bowling are responsible people with a plan to keep everyone safe and to keep their facilities clean,\" LaSpina said.",
                "score": 0.91777,
                "arguments": [
                    {
                        "text": "commissioners",
                        "location": [
                            3021,
                            3034
                        ],
                        "entities": [
                            {
                                "type": "Person",
                                "text": "commissioners"
                            }
                        ]
                    },
                    {
                        "text": "police",
                        "location": [
                            3014,
                            3020
                        ],
                        "entities": [
                            {
                                "type": "Organization",
                                "text": "police",
                                "disambiguation": {
                                    "subtype": [
                                        "Government"
                                    ]
                                }
                            }
                        ]
                    }
                ]
            },
            {
                "type": "employedBy",
                "sentence": "\"We're appealing to anyone \u0096 local mayors, police commissioners, restaurateurs and owners of other businesses \u0096 who can help us make our case, who know that bowling is a safe activity and that those who operate bowling are responsible people with a plan to keep everyone safe and to keep their facilities clean,\" LaSpina said.",
                "score": 0.61061,
                "arguments": [
                    {
                        "text": "who",
                        "location": [
                            3083,
                            3086
                        ],
                        "entities": [
                            {
                                "type": "Person",
                                "text": "who"
                            }
                        ]
                    },
                    {
                        "text": "businesses",
                        "location": [
                            3070,
                            3080
                        ],
                        "entities": [
                            {
                                "type": "Organization",
                                "text": "businesses",
                                "disambiguation": {
                                    "subtype": [
                                        "Commercial"
                                    ]
                                }
                            }
                        ]
                    }
                ]
            },
            {
                "type": "partOfMany",
                "sentence": "\"We're appealing to anyone \u0096 local mayors, police commissioners, restaurateurs and owners of other businesses \u0096 who can help us make our case, who know that bowling is a safe activity and that those who operate bowling are responsible people with a plan to keep everyone safe and to keep their facilities clean,\" LaSpina said.",
                "score": 0.426201,
                "arguments": [
                    {
                        "text": "who",
                        "location": [
                            3083,
                            3086
                        ],
                        "entities": [
                            {
                                "type": "Person",
                                "text": "who"
                            }
                        ]
                    },
                    {
                        "text": "us",
                        "location": [
                            3096,
                            3098
                        ],
                        "entities": [
                            {
                                "type": "Person",
                                "text": "people"
                            }
                        ]
                    }
                ]
            },
            {
                "type": "ownerOf",
                "sentence": "\"We're appealing to anyone \u0096 local mayors, police commissioners, restaurateurs and owners of other businesses \u0096 who can help us make our case, who know that bowling is a safe activity and that those who operate bowling are responsible people with a plan to keep everyone safe and to keep their facilities clean,\" LaSpina said.",
                "score": 0.433816,
                "arguments": [
                    {
                        "text": "their",
                        "location": [
                            3259,
                            3264
                        ],
                        "entities": [
                            {
                                "type": "Person",
                                "text": "people"
                            }
                        ]
                    },
                    {
                        "text": "facilities",
                        "location": [
                            3265,
                            3275
                        ],
                        "entities": [
                            {
                                "type": "Facility",
                                "text": "facilities"
                            }
                        ]
                    }
                ]
            },
            {
                "type": "agentOf",
                "sentence": "\"We're appealing to anyone \u0096 local mayors, police commissioners, restaurateurs and owners of other businesses \u0096 who can help us make our case, who know that bowling is a safe activity and that those who operate bowling are responsible people with a plan to keep everyone safe and to keep their facilities clean,\" LaSpina said.",
                "score": 0.991254,
                "arguments": [
                    {
                        "text": "LaSpina",
                        "location": [
                            3284,
                            3291
                        ],
                        "entities": [
                            {
                                "type": "Person",
                                "text": "John LaSpina"
                            }
                        ]
                    },
                    {
                        "text": "said",
                        "location": [
                            3292,
                            3296
                        ],
                        "entities": [
                            {
                                "type": "EventCommunication",
                                "text": "said"
                            }
                        ]
                    }
                ]
            },
            {
                "type": "locatedAt",
                "sentence": "Numerous bowling centers around the nation \u0096 and especially in New York State \u0096 are \"on the brink\" of closing for good, according to a well-known Long Island proprietor who is spearheading a grassroots campaign to persuade Gov. Andrew Cuomo to allow these recreational facilities to open up sooner than currently planned.",
                "score": 0.423461,
                "arguments": [
                    {
                        "text": "who",
                        "location": [
                            169,
                            172
                        ],
                        "entities": [
                            {
                                "type": "Person",
                                "text": "John LaSpina"
                            }
                        ]
                    },
                    {
                        "text": "recreational facilities",
                        "location": [
                            256,
                            279
                        ],
                        "entities": [
                            {
                                "type": "Facility",
                                "text": "recreational facilities"
                            }
                        ]
                    }
                ]
            },
            {
                "type": "locatedAt",
                "sentence": "\"We want to make everyone aware that bowling centers are more like restaurants, and should be permitted to reopen in Phase Three (of the state's COVID-19 reopening plan) instead of Phase Four,\" said John LaSpina, president of Maple Family Centers, a chain of four bowling centers in the New York City area and another location in Florida.",
                "score": 0.397127,
                "arguments": [
                    {
                        "text": "everyone",
                        "location": [
                            340,
                            348
                        ],
                        "entities": [
                            {
                                "type": "Person",
                                "text": "everyone"
                            }
                        ]
                    },
                    {
                        "text": "restaurants",
                        "location": [
                            390,
                            401
                        ],
                        "entities": [
                            {
                                "type": "Organization",
                                "text": "restaurants"
                            }
                        ]
                    }
                ]
            },
            {
                "type": "populationOf",
                "sentence": "\"We want to make everyone aware that bowling centers are more like restaurants, and should be permitted to reopen in Phase Three (of the state's COVID-19 reopening plan) instead of Phase Four,\" said John LaSpina, president of Maple Family Centers, a chain of four bowling centers in the New York City area and another location in Florida.",
                "score": 0.492302,
                "arguments": [
                    {
                        "text": "COVID-19",
                        "location": [
                            468,
                            476
                        ],
                        "entities": [
                            {
                                "type": "Cardinal",
                                "text": "COVID-19"
                            }
                        ]
                    },
                    {
                        "text": "state",
                        "location": [
                            460,
                            465
                        ],
                        "entities": [
                            {
                                "type": "GeopoliticalEntity",
                                "text": "New York State"
                            }
                        ]
                    }
                ]
            },
            {
                "type": "agentOf",
                "sentence": "\"We want to make everyone aware that bowling centers are more like restaurants, and should be permitted to reopen in Phase Three (of the state's COVID-19 reopening plan) instead of Phase Four,\" said John LaSpina, president of Maple Family Centers, a chain of four bowling centers in the New York City area and another location in Florida.",
                "score": 0.877585,
                "arguments": [
                    {
                        "text": "John LaSpina",
                        "location": [
                            522,
                            534
                        ],
                        "entities": [
                            {
                                "type": "Person",
                                "text": "John LaSpina"
                            }
                        ]
                    },
                    {
                        "text": "said",
                        "location": [
                            517,
                            521
                        ],
                        "entities": [
                            {
                                "type": "EventCommunication",
                                "text": "said"
                            }
                        ]
                    }
                ]
            },
            {
                "type": "managerOf",
                "sentence": "\"We want to make everyone aware that bowling centers are more like restaurants, and should be permitted to reopen in Phase Three (of the state's COVID-19 reopening plan) instead of Phase Four,\" said John LaSpina, president of Maple Family Centers, a chain of four bowling centers in the New York City area and another location in Florida.",
                "score": 0.696592,
                "arguments": [
                    {
                        "text": "president",
                        "location": [
                            536,
                            545
                        ],
                        "entities": [
                            {
                                "type": "Person",
                                "text": "John LaSpina"
                            }
                        ]
                    },
                    {
                        "text": "Maple Family Centers",
                        "location": [
                            549,
                            569
                        ],
                        "entities": [
                            {
                                "type": "Organization",
                                "text": "Maple Family Centers",
                                "disambiguation": {
                                    "subtype": [
                                        "Commercial"
                                    ]
                                }
                            }
                        ]
                    }
                ]
            },
            {
                "type": "hasAttribute",
                "sentence": "La Spina has held numerous bowling leadership positions at the national, state, and local levels over a 60-year career.",
                "score": 0.87549,
                "arguments": [
                    {
                        "text": "La Spina",
                        "location": [
                            663,
                            671
                        ],
                        "entities": [
                            {
                                "type": "Person",
                                "text": "La Spina"
                            }
                        ]
                    },
                    {
                        "text": "60-year",
                        "location": [
                            767,
                            774
                        ],
                        "entities": [
                            {
                                "type": "Age",
                                "text": "60-year"
                            }
                        ]
                    }
                ]
            },
            {
                "type": "agentOf",
                "sentence": "He is calling upon New York state bowling association officers, league bowlers, and local government officials to contact their local legislators and request that the governor places bowling into Phase Three, a move that would enable bowlers to enjoy their sport two weeks earlier than currently planned.",
                "score": 0.96767,
                "arguments": [
                    {
                        "text": "He",
                        "location": [
                            955,
                            957
                        ],
                        "entities": [
                            {
                                "type": "Person",
                                "text": "La Spina"
                            }
                        ]
                    },
                    {
                        "text": "calling",
                        "location": [
                            961,
                            968
                        ],
                        "entities": [
                            {
                                "type": "EventCommunication",
                                "text": "calling"
                            }
                        ]
                    }
                ]
            }
        ],
        "keywords": [
            {
                "text": "Numerous bowling centers",
                "relevance": 0.741645,
                "count": 1
            },
            {
                "text": "La Spina",
                "relevance": 0.611484,
                "count": 2
            },
            {
                "text": "owners of other businesses",
                "relevance": 0.610478,
                "count": 1
            },
            {
                "text": "local levels",
                "relevance": 0.601053,
                "count": 1
            },
            {
                "text": "Maple Family Centers",
                "relevance": 0.581259,
                "count": 1
            },
            {
                "text": "numerous bowling leadership positions",
                "relevance": 0.579541,
                "count": 1
            },
            {
                "text": "New York State",
                "relevance": 0.575282,
                "count": 2
            },
            {
                "text": "local government officials",
                "relevance": 0.572048,
                "count": 1
            },
            {
                "text": "bowlers centers",
                "relevance": 0.553259,
                "count": 1
            },
            {
                "text": "International Bowling Industry Person",
                "relevance": 0.546136,
                "count": 1
            },
            {
                "text": "recreational facilities",
                "relevance": 0.545699,
                "count": 1
            },
            {
                "text": "professional sports",
                "relevance": 0.537109,
                "count": 1
            },
            {
                "text": "separate entrance",
                "relevance": 0.536278,
                "count": 1
            },
            {
                "text": "safe activity",
                "relevance": 0.536034,
                "count": 1
            },
            {
                "text": "events",
                "relevance": 0.535067,
                "count": 1
            },
            {
                "text": "John LaSpina",
                "relevance": 0.531781,
                "count": 1
            },
            {
                "text": "Island proprietor",
                "relevance": 0.529367,
                "count": 1
            },
            {
                "text": "bowlers",
                "relevance": 0.529254,
                "count": 2
            },
            {
                "text": "NYS Bowling Proprietors Association",
                "relevance": 0.527928,
                "count": 1
            },
            {
                "text": "police commissioners",
                "relevance": 0.525544,
                "count": 1
            },
            {
                "text": "grassroots campaign",
                "relevance": 0.525544,
                "count": 1
            },
            {
                "text": "rules of social distancing",
                "relevance": 0.523353,
                "count": 1
            },
            {
                "text": "others",
                "relevance": 0.522454,
                "count": 1
            },
            {
                "text": "centers",
                "relevance": 0.520047,
                "count": 4
            },
            {
                "text": "governor places",
                "relevance": 0.515908,
                "count": 1
            },
            {
                "text": "arenas",
                "relevance": 0.515665,
                "count": 1
            },
            {
                "text": "New York State Hall of Fame",
                "relevance": 0.515454,
                "count": 1
            },
            {
                "text": "plan",
                "relevance": 0.515036,
                "count": 2
            },
            {
                "text": "people",
                "relevance": 0.51388,
                "count": 1
            },
            {
                "text": "honors",
                "relevance": 0.513285,
                "count": 1
            },
            {
                "text": "theater",
                "relevance": 0.512209,
                "count": 1
            },
            {
                "text": "ball return",
                "relevance": 0.511942,
                "count": 1
            },
            {
                "text": "Phase",
                "relevance": 0.511853,
                "count": 4
            },
            {
                "text": "center personnel",
                "relevance": 0.510632,
                "count": 1
            },
            {
                "text": "members of the state Senate",
                "relevance": 0.510371,
                "count": 1
            },
            {
                "text": "request",
                "relevance": 0.510061,
                "count": 1
            },
            {
                "text": "Bowling",
                "relevance": 0.50985,
                "count": 2
            },
            {
                "text": "cashless payment options",
                "relevance": 0.509789,
                "count": 1
            },
            {
                "text": "bowling center",
                "relevance": 0.509658,
                "count": 1
            },
            {
                "text": "sport",
                "relevance": 0.508728,
                "count": 1
            },
            {
                "text": "brink",
                "relevance": 0.508578,
                "count": 2
            },
            {
                "text": "letter",
                "relevance": 0.508485,
                "count": 1
            },
            {
                "text": "state",
                "relevance": 0.507928,
                "count": 2
            },
            {
                "text": "area",
                "relevance": 0.50792,
                "count": 2
            },
            {
                "text": "nation",
                "relevance": 0.507864,
                "count": 1
            },
            {
                "text": "businesses",
                "relevance": 0.507383,
                "count": 1
            },
            {
                "text": "rental ball",
                "relevance": 0.5071,
                "count": 1
            },
            {
                "text": "devastation",
                "relevance": 0.507073,
                "count": 1
            },
            {
                "text": "chain",
                "relevance": 0.506951,
                "count": 1
            },
            {
                "text": "Cuomo",
                "relevance": 0.50671,
                "count": 1
            }
        ]
    },
    "freqeuncy": "Daily",
    "extracted_metadata": {
        "sha1": "49795ae0324d169519ca9318ffd031b112319eae",
        "filename": "202005310000NEWSBANKNEWSPPRS27354BC981EF72A1B27E61371CC25A8.json",
        "file_type": "json"
    },
    "companyRecord": "",
    "publicationTime": "2020-05-31T00:00:00-04:00",
    "title": "'On the brink': L.I. proprietor leads campaign to persuade governor to allow bowling centers to open in Phase Three",
    "html": "<p>Numerous bowling centers around the nation &#150; and especially in <location idsrc=\"xmltag.org\" value=\"LS/us.ny\">New York State</location> &#150; are \"on the brink\" of closing for good, according to a well-known <location idsrc=\"xmltag.org\" value=\"LU/us.ny.lonand\">Long Island</location> proprietor who is spearheading a grassroots campaign to persuade Gov. <person>Andrew Cuomo</person> to allow these recreational facilities to open up sooner than currently planned.</p>\n<p>\"We want to make everyone aware that bowling centers are more like restaurants, and should be permitted to reopen in Phase Three (of the state's COVID-19 reopening plan) instead of Phase Four,\" said <person>John LaSpina</person>, president of Maple Family Centers, a chain of four bowling centers in the <location idsrc=\"xmltag.org\" value=\"LU/us.ny.nyc\">New York City</location> area and another location in <location idsrc=\"xmltag.org\" value=\"LS/us.fl\">Florida</location>.</p>\n\n<p>La Spina has held numerous bowling leadership positions at the national, state, and local levels over a 60-year career. He has received multiple honors, including being selected as the International Bowling Industry Person of the Year in 1994 and to the <org>New York State Hall of Fame</org> in 2016.</p>\n\n<p>He is calling upon <location idsrc=\"xmltag.org\" value=\"LS/us.ny\">New York state</location> bowling association officers, league bowlers, and local government officials to contact their local legislators and request that the governor places bowling into Phase Three, a move that would enable bowlers to enjoy their sport two weeks earlier than currently planned.</p>\n\n<p>Bowling is not the same as professional sports played in huge stadiums, and events staged in arenas and the theater, La Spina said.</p>\n\n<p>\"As bowlers centers have plenty of room and as proprietors understand the challenges we face, there is no reason why we can't open up bowling in Phase Three so we may save some of the centers that are on the brink,\" he said. \"We respect the rules of social distancing and can easily and safely accommodate bowlers in our large facilities with 50 percent occupancy sooner rather than later.\"</p>\n\n<p>LaSpina said he is afraid that more and more businesses, not just bowling centers, will be closing their doors and may not come back as a result of the devastation caused by the coronavirus.</p>\n\n<p>He and others representing the <org>NYS Bowling Proprietors Association</org> have drafted a letter that includes \"talking points\" and a list of protocols that bowling center personnel has put in place to protect the health of customers and staff.</p>\n\n<p>Just a few of the protocols include:</p>\n\n<p>-- Cleaning the seating, ball return, and scoring area using a disinfectant rated for COVID-19 between each lane usage;</p>\n\n<p>-- Disinfecting each bowling center rental ball before and after each use, and each rental shoe before and after each use;</p>\n\n<p>-- Providing social distancing throughout the facility to eliminate shared spaces;</p>\n\n<p>-- Providing cashless payment options where possible;</p>\n\n<p>-- Providing a separate entrance and exit for guests;</p>\n\n<p>-- Installing plexiglass barriers at counters, between employees and customers;</p>\n\n<p>-- Limiting group reservations to six or less.</p>\n\n<p>He also said that people can email him at [email protected] if they need to identify members of the state <org>Senate</org> and Assembly in their area.</p>\n\n<p>\"We're appealing to anyone &#150; local mayors, police commissioners, restaurateurs and owners of other businesses &#150; who can help us make our case, who know that bowling is a safe activity and that those who operate bowling are responsible people with a plan to keep everyone safe and to keep their facilities clean,\" LaSpina said.</p>",
    "geoFocus": [
        [
            "GU/us.ny.batvia",
            "Batavia"
        ]
    ]
}