{
    "id": "223876c4-44fb-4f99-b749-0110fea2ad8f",
    "result_metadata": {
        "score": 1
    },
    "copyright": "\u00a9 \u00a9 1998-2020 WRBL, Nexstar Broadcasting, Inc. All rights reserved.",
    "geoOrigin": "Columbus, Georgia",
    "sourceType": "Broadcast Transcript",
    "source": "CBS - 3 WRBL (Columbus, GA)",
    "corpus_document_id": "36327643669922283619",
    "description": "ALABAMA As of 3:30/ 2:30 p.m. CDT, the Alabama Department of Public Health is reporting 19,073 cases of coronavirus statewide, with 672 confirmed to have died from the virus. Alabama is now also reporting numbers of probable cases and deaths, with now 314 probable COVID-19 cases and four probably deaths from COVID-19. Those numbers have increased since our...",
    "serviceName": "Newspapers",
    "locationCode": [
        {
            "parent": "LR/am",
            "relevance_score": "9",
            "description": "North America",
            "code": "LB/nam#9#49#90",
            "level": 1
        },
        {
            "parent": "LB/nam",
            "relevance_score": "9",
            "description": "United States",
            "code": "LC/us#9#50#90",
            "level": 2
        },
        {
            "parent": null,
            "relevance_score": "9",
            "description": "Americas",
            "code": "LR/am#9#49#90",
            "level": 0
        },
        {
            "code": "LR/nam#9#49#90",
            "description": "",
            "relevance_score": "9"
        }
    ],
    "sourceClass": "General News",
    "subjectCode": [
        {
            "parent": null,
            "relevance_score": "9",
            "description": "Health and Wellness",
            "code": "IS/haw#9#50#99",
            "level": 0
        },
        {
            "parent": "IS/haw.virology",
            "relevance_score": "9",
            "description": "Coronavirus Diseases",
            "code": "IS/haw.coronavi#9#99#99",
            "level": 4
        },
        {
            "parent": "IS/haw.coronavi",
            "relevance_score": "9",
            "description": "COVID-19 Novel Coronavirus",
            "code": "IS/haw.covid19#9#99#50",
            "level": 5
        },
        {
            "parent": "IS/haw",
            "relevance_score": "9",
            "description": "Medical Disorders and Diseases",
            "code": "IS/haw.disease#9#50#99",
            "level": 1
        }
    ],
    "text": "ALABAMA (WRBL) \u0096 As of 3:30/2:30 p.m. CDT, the Alabama Department of Public\nHealth is reporting 19,073 cases of coronavirus statewide, with 672 confirmed\nto have died from the virus.\n\nAlabama is now also reporting numbers of probable cases and deaths, with now\n314 probable COVID-19 cases and four probably deaths from COVID-19. The state\nalso reports that in the last 14 days, 5,310 new cases have been confirmed.\n\nThose numbers have increased since our previous update, as the state of\nAlabama reported 18,776 patients were confirmed to have the coronavirus as of\nlast night.\n\nThe current number of Alabamians who have been hospitalized for treatment of\ncoronavirus, to date, is 1,949.\n\nIn Lee County, there are 563 residents who have tested positive for the virus.\nIn Chambers County there are 363 cases reported by the ADPH. Currently, there\nare 187 cases in Russell County, and 183 positive cases in Barbour County.\n\nThe live tracker managed by the state showing COVID-19 data is currently\nupdating once a day at 10 a.m. due to what the state describes as a \"large\nincrease in volume of COVID-19 laboratory results being processed.\" They hope\nto move to 10 a.m. and 4 p.m. updates going forward.\n\nA statement on the COVID-19 Dashboard for Alabama reads:\n\nDue to the large increase in volume of COVID-19 laboratory results being\nprocessed by laboratories (state public health labs, commercial labs, hospital\nlabs, etc.) and sent to state health departments, the national surveillance\npipeline is becoming overwhelmed and is causing delays. This has impacted the\ndata that is displayed on this dashboard. We are now updating our dashboard\nonce a day at 10 a.m. We hope to update it at 10 a.m. and 4 p.m. once this is\nresolved. Please be patient as the Centers for Disease Control and Prevention\n(CDC), Alabama Department of Public Health (ADPH), and its vendor work to\naddress these growing pains. Thank you!\n\nThe state is reporting 11,395 presumed recoveries on the ADPH tracking site.\nThe presumed recovery numbers will be updated by the ADPH weekly.\n\n**Note, all counties in the WRBL viewing area contribute to the count of local\ncases in Alabama.",
    "industryCode": [],
    "naviga_enrichment": {
        "org": [
            "Alabama Department of Public Health",
            "Centers for Disease Control and Prevention",
            "CDC"
        ],
        "location": [
            "ALABAMA",
            "Alabama",
            "Lee County",
            "Chambers County",
            "Russell County",
            "Barbour County"
        ],
        "person": [],
        "companies": [
            "Centers for Disease Control and Prevention",
            "Alabama Department of Public Health",
            "CDC"
        ]
    },
    "geoOrigin_code": "RU/us.ga.colbus",
    "language": "English",
    "filename": "202006050000NEWSBANKNEWSPPRSF273A93C9653D2D89D12F98A1EEB9C2.XML",
    "providerName": "NewsBank",
    "enriched_text": {
        "entities": [
            {
                "count": 5,
                "sentiment": {
                    "score": -0.366275,
                    "label": "negative"
                },
                "text": "ALABAMA",
                "relevance": 0.870801,
                "type": "Location",
                "disambiguation": {
                    "subtype": [
                        "StateOrCounty"
                    ]
                }
            },
            {
                "count": 2,
                "sentiment": {
                    "score": 0,
                    "label": "neutral"
                },
                "text": "coronavirus",
                "relevance": 0.53348,
                "type": "Person"
            },
            {
                "count": 1,
                "sentiment": {
                    "score": 0,
                    "label": "neutral"
                },
                "text": "Alabama Department of Public",
                "relevance": 0.521426,
                "type": "Organization"
            },
            {
                "count": 2,
                "sentiment": {
                    "score": 0,
                    "label": "neutral"
                },
                "text": "WRBL",
                "relevance": 0.464887,
                "type": "Location",
                "disambiguation": {
                    "subtype": [
                        "City"
                    ]
                }
            },
            {
                "count": 1,
                "sentiment": {
                    "score": 0,
                    "label": "neutral"
                },
                "text": "Alabama Department of Public Health",
                "relevance": 0.40913,
                "type": "Organization",
                "disambiguation": {
                    "subtype": [
                        "GovernmentAgency"
                    ],
                    "name": "Alabama Department of Public Health",
                    "dbpedia_resource": "http://dbpedia.org/resource/Alabama_Department_of_Public_Health"
                }
            },
            {
                "count": 3,
                "sentiment": {
                    "score": -0.489919,
                    "label": "negative"
                },
                "text": "ADPH",
                "relevance": 0.394831,
                "type": "Organization"
            },
            {
                "count": 1,
                "sentiment": {
                    "score": 0,
                    "label": "neutral"
                },
                "text": "Chambers County",
                "relevance": 0.341806,
                "type": "Location",
                "disambiguation": {
                    "subtype": [
                        "AdministrativeDivision",
                        "USCounty",
                        "StateOrCounty"
                    ],
                    "name": "Chambers County, Alabama",
                    "dbpedia_resource": "http://dbpedia.org/resource/Chambers_County,_Alabama"
                }
            },
            {
                "count": 1,
                "sentiment": {
                    "score": 0,
                    "label": "neutral"
                },
                "text": "Lee County",
                "relevance": 0.341302,
                "type": "Location",
                "disambiguation": {
                    "subtype": [
                        "AdministrativeDivision",
                        "USCounty",
                        "StateOrCounty"
                    ],
                    "name": "Lee County, Alabama",
                    "dbpedia_resource": "http://dbpedia.org/resource/Lee_County,_Alabama"
                }
            },
            {
                "count": 1,
                "sentiment": {
                    "score": 0,
                    "label": "neutral"
                },
                "text": "Barbour County",
                "relevance": 0.336113,
                "type": "Location",
                "disambiguation": {
                    "subtype": [
                        "AdministrativeDivision",
                        "USCounty",
                        "StateOrCounty"
                    ],
                    "name": "Barbour County, Alabama",
                    "dbpedia_resource": "http://dbpedia.org/resource/Barbour_County,_Alabama"
                }
            },
            {
                "count": 1,
                "sentiment": {
                    "score": 0,
                    "label": "neutral"
                },
                "text": "Russell County",
                "relevance": 0.335561,
                "type": "Location",
                "disambiguation": {
                    "subtype": [
                        "AdministrativeDivision",
                        "USCounty",
                        "StateOrCounty"
                    ],
                    "name": "Russell County, Alabama",
                    "dbpedia_resource": "http://dbpedia.org/resource/Russell_County,_Alabama"
                }
            },
            {
                "count": 2,
                "sentiment": {
                    "score": -0.84198,
                    "label": "negative"
                },
                "text": "Centers for Disease Control and Prevention",
                "relevance": 0.319429,
                "type": "Organization",
                "disambiguation": {
                    "subtype": [
                        "GovernmentAgency",
                        "GovernmentalBody"
                    ],
                    "name": "Centers for Disease Control and Prevention",
                    "dbpedia_resource": "http://dbpedia.org/resource/Centers_for_Disease_Control_and_Prevention"
                }
            },
            {
                "count": 1,
                "sentiment": {
                    "score": 0,
                    "label": "neutral"
                },
                "text": "14 days",
                "relevance": 0.319429,
                "type": "Quantity"
            }
        ],
        "semantic_roles": [
            {
                "subject": {
                    "text": "Health"
                },
                "sentence": " Health is reporting 19,073 cases of coronavirus statewide, with 672 confirmed",
                "object": {
                    "text": "reporting 19,073 cases of coronavirus statewide"
                },
                "action": {
                    "verb": {
                        "text": "be",
                        "tense": "present"
                    },
                    "text": "is",
                    "normalized": "be"
                }
            },
            {
                "subject": {
                    "text": "Health"
                },
                "sentence": " Health is reporting 19,073 cases of coronavirus statewide, with 672 confirmed",
                "object": {
                    "text": "19,073 cases of coronavirus statewide"
                },
                "action": {
                    "verb": {
                        "text": "report",
                        "tense": "present"
                    },
                    "text": "is reporting",
                    "normalized": "be report"
                }
            },
            {
                "subject": {
                    "text": "Alabama"
                },
                "sentence": " Alabama is now also reporting numbers of probable cases and deaths, with now",
                "object": {
                    "text": "also reporting numbers of probable cases and deaths"
                },
                "action": {
                    "verb": {
                        "text": "be",
                        "tense": "present"
                    },
                    "text": "is",
                    "normalized": "be"
                }
            },
            {
                "subject": {
                    "text": "Alabama"
                },
                "sentence": " Alabama is now also reporting numbers of probable cases and deaths, with now",
                "object": {
                    "text": "numbers of probable cases and deaths"
                },
                "action": {
                    "verb": {
                        "text": "report",
                        "tense": "present"
                    },
                    "text": "reporting",
                    "normalized": "report"
                }
            },
            {
                "subject": {
                    "text": "5,310 new cases"
                },
                "sentence": " also reports that in the last 14 days, 5,310 new cases have been confirmed.",
                "action": {
                    "verb": {
                        "text": "confirm",
                        "tense": "past"
                    },
                    "text": "have been confirmed",
                    "normalized": "have be confirm"
                }
            },
            {
                "subject": {
                    "text": "Those numbers"
                },
                "sentence": " Those numbers have increased since our previous update, as the state of",
                "action": {
                    "verb": {
                        "text": "increase",
                        "tense": "past"
                    },
                    "text": "have increased",
                    "normalized": "have increase"
                }
            },
            {
                "subject": {
                    "text": "Alabama"
                },
                "sentence": " Alabama reported 18,776 patients were confirmed to have the coronavirus as of",
                "object": {
                    "text": "18,776 patients"
                },
                "action": {
                    "verb": {
                        "text": "report",
                        "tense": "past"
                    },
                    "text": "reported",
                    "normalized": "report"
                }
            },
            {
                "subject": {
                    "text": "18,776 patients"
                },
                "sentence": " Alabama reported 18,776 patients were confirmed to have the coronavirus as of",
                "object": {
                    "text": "the coronavirus"
                },
                "action": {
                    "verb": {
                        "text": "have",
                        "tense": "past"
                    },
                    "text": "were confirmed to have",
                    "normalized": "be confirm to have"
                }
            },
            {
                "subject": {
                    "text": "coronavirus, to date,"
                },
                "sentence": " coronavirus, to date, is 1,949.",
                "object": {
                    "text": "1,949"
                },
                "action": {
                    "verb": {
                        "text": "be",
                        "tense": "present"
                    },
                    "text": "is",
                    "normalized": "be"
                }
            },
            {
                "subject": {
                    "text": "563 residents"
                },
                "sentence": " In Lee County, there are 563 residents who have tested positive for the virus.",
                "object": {
                    "text": "tested positive for the virus"
                },
                "action": {
                    "verb": {
                        "text": "have",
                        "tense": "present"
                    },
                    "text": "have",
                    "normalized": "have"
                }
            },
            {
                "subject": {
                    "text": "563 residents"
                },
                "sentence": " In Lee County, there are 563 residents who have tested positive for the virus.",
                "object": {
                    "text": "positive for the virus"
                },
                "action": {
                    "verb": {
                        "text": "test",
                        "tense": "past"
                    },
                    "text": "have tested",
                    "normalized": "have test"
                }
            },
            {
                "subject": {
                    "text": "by the ADPH"
                },
                "sentence": " In Chambers County there are 363 cases reported by the ADPH.",
                "object": {
                    "text": "363 cases"
                },
                "action": {
                    "verb": {
                        "text": "report",
                        "tense": "past"
                    },
                    "text": "reported",
                    "normalized": "report"
                }
            },
            {
                "subject": {
                    "text": "by the state"
                },
                "sentence": " The live tracker managed by the state showing COVID-19 data is currently",
                "object": {
                    "text": "The live tracker"
                },
                "action": {
                    "verb": {
                        "text": "manage",
                        "tense": "past"
                    },
                    "text": "managed",
                    "normalized": "manage"
                }
            },
            {
                "subject": {
                    "text": "the state"
                },
                "sentence": " The live tracker managed by the state showing COVID-19 data is currently",
                "object": {
                    "text": "COVID-19 data"
                },
                "action": {
                    "verb": {
                        "text": "show",
                        "tense": "present"
                    },
                    "text": "showing",
                    "normalized": "show"
                }
            },
            {
                "subject": {
                    "text": "The live tracker managed by the state showing COVID-19 data"
                },
                "sentence": " The live tracker managed by the state showing COVID-19 data is currently",
                "action": {
                    "verb": {
                        "text": "be",
                        "tense": "present"
                    },
                    "text": "is",
                    "normalized": "be"
                }
            },
            {
                "subject": {
                    "text": "increase in volume of COVID-19 laboratory results"
                },
                "sentence": " increase in volume of COVID-19 laboratory results being processed.\"",
                "object": {
                    "text": "processed"
                },
                "action": {
                    "verb": {
                        "text": "be",
                        "tense": "present"
                    },
                    "text": "being",
                    "normalized": "be"
                }
            },
            {
                "subject": {
                    "text": "labs"
                },
                "sentence": " labs, etc.) and sent to state health departments, the national surveillance",
                "object": {
                    "text": "health departments"
                },
                "action": {
                    "verb": {
                        "text": "state",
                        "tense": "future"
                    },
                    "text": "sent to state",
                    "normalized": "send to state"
                }
            },
            {
                "subject": {
                    "text": "pipeline"
                },
                "sentence": " pipeline is becoming overwhelmed and is causing delays.",
                "object": {
                    "text": "becoming overwhelmed"
                },
                "action": {
                    "verb": {
                        "text": "be",
                        "tense": "present"
                    },
                    "text": "is",
                    "normalized": "be"
                }
            },
            {
                "subject": {
                    "text": "pipeline"
                },
                "sentence": " pipeline is becoming overwhelmed and is causing delays.",
                "object": {
                    "text": "overwhelmed"
                },
                "action": {
                    "verb": {
                        "text": "become",
                        "tense": "present"
                    },
                    "text": "is becoming",
                    "normalized": "be become"
                }
            },
            {
                "subject": {
                    "text": "pipeline"
                },
                "sentence": " pipeline is becoming overwhelmed and is causing delays.",
                "object": {
                    "text": "causing delays"
                },
                "action": {
                    "verb": {
                        "text": "be",
                        "tense": "present"
                    },
                    "text": "is",
                    "normalized": "be"
                }
            },
            {
                "subject": {
                    "text": "pipeline"
                },
                "sentence": " pipeline is becoming overwhelmed and is causing delays.",
                "object": {
                    "text": "delays"
                },
                "action": {
                    "verb": {
                        "text": "cause",
                        "tense": "present"
                    },
                    "text": "is causing",
                    "normalized": "be cause"
                }
            },
            {
                "subject": {
                    "text": "This"
                },
                "sentence": " This has impacted the",
                "object": {
                    "text": "the"
                },
                "action": {
                    "verb": {
                        "text": "impact",
                        "tense": "past"
                    },
                    "text": "has impacted",
                    "normalized": "have impact"
                }
            },
            {
                "subject": {
                    "text": "data that"
                },
                "sentence": " data that is displayed on this dashboard.",
                "object": {
                    "text": "displayed on this dashboard"
                },
                "action": {
                    "verb": {
                        "text": "be",
                        "tense": "present"
                    },
                    "text": "is",
                    "normalized": "be"
                }
            },
            {
                "subject": {
                    "text": "data"
                },
                "sentence": " data that is displayed on this dashboard.",
                "object": {
                    "text": "on this dashboard"
                },
                "action": {
                    "verb": {
                        "text": "display",
                        "tense": "past"
                    },
                    "text": "is displayed",
                    "normalized": "be display"
                }
            },
            {
                "subject": {
                    "text": "We"
                },
                "sentence": " We are now updating our dashboard",
                "action": {
                    "verb": {
                        "text": "be",
                        "tense": "present"
                    },
                    "text": "are",
                    "normalized": "be"
                }
            },
            {
                "subject": {
                    "text": "We"
                },
                "sentence": " We are now updating our dashboard",
                "object": {
                    "text": "our dashboard"
                },
                "action": {
                    "verb": {
                        "text": "update",
                        "tense": "present"
                    },
                    "text": "updating",
                    "normalized": "update"
                }
            },
            {
                "subject": {
                    "text": "We"
                },
                "sentence": " We hope to update it at 10 a.m. and 4 p.m. once this is",
                "object": {
                    "text": "to update it"
                },
                "action": {
                    "verb": {
                        "text": "hope",
                        "tense": "present"
                    },
                    "text": "hope",
                    "normalized": "hope"
                }
            },
            {
                "subject": {
                    "text": "We"
                },
                "sentence": " We hope to update it at 10 a.m. and 4 p.m. once this is",
                "object": {
                    "text": "it"
                },
                "action": {
                    "verb": {
                        "text": "update",
                        "tense": "future"
                    },
                    "text": "hope to update",
                    "normalized": "hope to update"
                }
            },
            {
                "subject": {
                    "text": "this"
                },
                "sentence": " We hope to update it at 10 a.m. and 4 p.m. once this is",
                "action": {
                    "verb": {
                        "text": "be",
                        "tense": "present"
                    },
                    "text": "is",
                    "normalized": "be"
                }
            },
            {
                "subject": {
                    "text": "The state"
                },
                "sentence": " The state is reporting 11,395 presumed recoveries on the ADPH tracking site.",
                "object": {
                    "text": "reporting 11,395 presumed recoveries"
                },
                "action": {
                    "verb": {
                        "text": "be",
                        "tense": "present"
                    },
                    "text": "is",
                    "normalized": "be"
                }
            },
            {
                "subject": {
                    "text": "The state"
                },
                "sentence": " The state is reporting 11,395 presumed recoveries on the ADPH tracking site.",
                "object": {
                    "text": "11,395 presumed recoveries on the ADPH"
                },
                "action": {
                    "verb": {
                        "text": "report",
                        "tense": "present"
                    },
                    "text": "is reporting",
                    "normalized": "be report"
                }
            },
            {
                "subject": {
                    "text": "The presumed recovery numbers"
                },
                "sentence": " The presumed recovery numbers will be updated by the ADPH weekly.",
                "object": {
                    "text": "updated by the ADPH weekly"
                },
                "action": {
                    "verb": {
                        "text": "be",
                        "tense": "future"
                    },
                    "text": "be",
                    "normalized": "be"
                }
            },
            {
                "subject": {
                    "text": "by the ADPH weekly"
                },
                "sentence": " The presumed recovery numbers will be updated by the ADPH weekly.",
                "object": {
                    "text": "The presumed recovery numbers"
                },
                "action": {
                    "verb": {
                        "text": "update",
                        "tense": "future"
                    },
                    "text": "will be updated",
                    "normalized": "will be update"
                }
            }
        ],
        "categories": [
            {
                "score": 0.860815,
                "label": "/science/weather/meteorological disaster/tornado"
            },
            {
                "score": 0.854685,
                "label": "/health and fitness/disease/epidemic"
            },
            {
                "score": 0.839318,
                "label": "/health and fitness/disease/cold and flu"
            }
        ],
        "relations": [
            {
                "type": "partOf",
                "sentence": "ALABAMA (WRBL) \u0096 As of 3:30/2:30 p.m. CDT, the Alabama Department of Public Health is reporting 19,073 cases of coronavirus statewide, with 672 confirmed to have died from the virus.",
                "score": 0.992975,
                "arguments": [
                    {
                        "text": "Department of Public\nHealth",
                        "location": [
                            55,
                            82
                        ],
                        "entities": [
                            {
                                "type": "Organization",
                                "text": "Department of Public\nHealth"
                            }
                        ]
                    },
                    {
                        "text": "Alabama",
                        "location": [
                            47,
                            54
                        ],
                        "entities": [
                            {
                                "type": "GeopoliticalEntity",
                                "text": "Alabama"
                            }
                        ]
                    }
                ]
            },
            {
                "type": "partOf",
                "sentence": "Due to the large increase in volume of COVID-19 laboratory results being processed by laboratories (state public health labs, commercial labs, hospital labs, etc.) and sent to state health departments, the national surveillance pipeline is becoming overwhelmed and is causing delays.",
                "score": 0.980085,
                "arguments": [
                    {
                        "text": "departments",
                        "location": [
                            1449,
                            1460
                        ],
                        "entities": [
                            {
                                "type": "Organization",
                                "text": "departments",
                                "disambiguation": {
                                    "subtype": [
                                        "Government"
                                    ]
                                }
                            }
                        ]
                    },
                    {
                        "text": "state",
                        "location": [
                            1436,
                            1441
                        ],
                        "entities": [
                            {
                                "type": "GeopoliticalEntity",
                                "text": "Alabama"
                            }
                        ]
                    }
                ]
            },
            {
                "type": "partOf",
                "sentence": "Please be patient as the Centers for Disease Control and Prevention (CDC), Alabama Department of Public Health (ADPH), and its vendor work to address these growing pains.",
                "score": 0.939746,
                "arguments": [
                    {
                        "text": "Department of Public Health",
                        "location": [
                            1813,
                            1840
                        ],
                        "entities": [
                            {
                                "type": "Organization",
                                "text": "Department of Public Health"
                            }
                        ]
                    },
                    {
                        "text": "Alabama",
                        "location": [
                            1805,
                            1812
                        ],
                        "entities": [
                            {
                                "type": "GeopoliticalEntity",
                                "text": "Alabama"
                            }
                        ]
                    }
                ]
            },
            {
                "type": "agentOf",
                "sentence": "The state is reporting 11,395 presumed recoveries on the ADPH tracking site.",
                "score": 0.806327,
                "arguments": [
                    {
                        "text": "state",
                        "location": [
                            1917,
                            1922
                        ],
                        "entities": [
                            {
                                "type": "GeopoliticalEntity",
                                "text": "Alabama"
                            }
                        ]
                    },
                    {
                        "text": "reporting",
                        "location": [
                            1926,
                            1935
                        ],
                        "entities": [
                            {
                                "type": "EventCommunication",
                                "text": "reporting"
                            }
                        ]
                    }
                ]
            },
            {
                "type": "locatedAt",
                "sentence": "**Note, all counties in the WRBL viewing area contribute to the count of local cases in Alabama.",
                "score": 0.865966,
                "arguments": [
                    {
                        "text": "cases",
                        "location": [
                            2136,
                            2141
                        ],
                        "entities": [
                            {
                                "type": "EventLegal",
                                "text": "cases"
                            }
                        ]
                    },
                    {
                        "text": "Alabama",
                        "location": [
                            2145,
                            2152
                        ],
                        "entities": [
                            {
                                "type": "GeopoliticalEntity",
                                "text": "ALABAMA"
                            }
                        ]
                    }
                ]
            },
            {
                "type": "agentOf",
                "sentence": "ALABAMA (WRBL) \u0096 As of 3:30/2:30 p.m. CDT, the Alabama Department of Public Health is reporting 19,073 cases of coronavirus statewide, with 672 confirmed to have died from the virus.",
                "score": 0.650464,
                "arguments": [
                    {
                        "text": "Department of Public\nHealth",
                        "location": [
                            55,
                            82
                        ],
                        "entities": [
                            {
                                "type": "Organization",
                                "text": "Department of Public\nHealth"
                            }
                        ]
                    },
                    {
                        "text": "reporting",
                        "location": [
                            86,
                            95
                        ],
                        "entities": [
                            {
                                "type": "EventCommunication",
                                "text": "reporting"
                            }
                        ]
                    }
                ]
            },
            {
                "type": "agentOf",
                "sentence": "The state also reports that in the last 14 days, 5,310 new cases have been confirmed.",
                "score": 0.764859,
                "arguments": [
                    {
                        "text": "state",
                        "location": [
                            333,
                            338
                        ],
                        "entities": [
                            {
                                "type": "GeopoliticalEntity",
                                "text": "Alabama"
                            }
                        ]
                    },
                    {
                        "text": "reports",
                        "location": [
                            344,
                            351
                        ],
                        "entities": [
                            {
                                "type": "EventCommunication",
                                "text": "reports"
                            }
                        ]
                    }
                ]
            },
            {
                "type": "agentOf",
                "sentence": "Those numbers have increased since our previous update, as the state of Alabama reported 18,776 patients were confirmed to have the coronavirus as of last night.",
                "score": 0.509172,
                "arguments": [
                    {
                        "text": "state",
                        "location": [
                            479,
                            484
                        ],
                        "entities": [
                            {
                                "type": "GeopoliticalEntity",
                                "text": "Alabama"
                            }
                        ]
                    },
                    {
                        "text": "reported",
                        "location": [
                            496,
                            504
                        ],
                        "entities": [
                            {
                                "type": "EventCommunication",
                                "text": "reported"
                            }
                        ]
                    }
                ]
            },
            {
                "type": "agentOf",
                "sentence": "Those numbers have increased since our previous update, as the state of Alabama reported 18,776 patients were confirmed to have the coronavirus as of last night.",
                "score": 0.823699,
                "arguments": [
                    {
                        "text": "Alabama",
                        "location": [
                            488,
                            495
                        ],
                        "entities": [
                            {
                                "type": "GeopoliticalEntity",
                                "text": "Alabama"
                            }
                        ]
                    },
                    {
                        "text": "reported",
                        "location": [
                            496,
                            504
                        ],
                        "entities": [
                            {
                                "type": "EventCommunication",
                                "text": "reported"
                            }
                        ]
                    }
                ]
            },
            {
                "type": "agentOf",
                "sentence": "Those numbers have increased since our previous update, as the state of Alabama reported 18,776 patients were confirmed to have the coronavirus as of last night.",
                "score": 0.752482,
                "arguments": [
                    {
                        "text": "patients",
                        "location": [
                            512,
                            520
                        ],
                        "entities": [
                            {
                                "type": "Person",
                                "text": "patients"
                            }
                        ]
                    },
                    {
                        "text": "confirmed",
                        "location": [
                            526,
                            535
                        ],
                        "entities": [
                            {
                                "type": "EventCommunication",
                                "text": "confirmed"
                            }
                        ]
                    }
                ]
            },
            {
                "type": "timeOf",
                "sentence": "Those numbers have increased since our previous update, as the state of Alabama reported 18,776 patients were confirmed to have the coronavirus as of last night.",
                "score": 0.861569,
                "arguments": [
                    {
                        "text": "last night",
                        "location": [
                            566,
                            576
                        ],
                        "entities": [
                            {
                                "type": "Time",
                                "text": "last night"
                            }
                        ]
                    },
                    {
                        "text": "confirmed",
                        "location": [
                            526,
                            535
                        ],
                        "entities": [
                            {
                                "type": "EventCommunication",
                                "text": "confirmed"
                            }
                        ]
                    }
                ]
            },
            {
                "type": "populationOf",
                "sentence": "In Lee County, there are 563 residents who have tested positive for the virus.",
                "score": 0.661641,
                "arguments": [
                    {
                        "text": "563",
                        "location": [
                            714,
                            717
                        ],
                        "entities": [
                            {
                                "type": "Cardinal",
                                "text": "563"
                            }
                        ]
                    },
                    {
                        "text": "Lee County",
                        "location": [
                            692,
                            702
                        ],
                        "entities": [
                            {
                                "type": "GeopoliticalEntity",
                                "text": "Lee County"
                            }
                        ]
                    }
                ]
            },
            {
                "type": "populationOf",
                "sentence": "In Chambers County there are 363 cases reported by the ADPH.",
                "score": 0.666131,
                "arguments": [
                    {
                        "text": "363",
                        "location": [
                            797,
                            800
                        ],
                        "entities": [
                            {
                                "type": "Cardinal",
                                "text": "363"
                            }
                        ]
                    },
                    {
                        "text": "Chambers County",
                        "location": [
                            771,
                            786
                        ],
                        "entities": [
                            {
                                "type": "GeopoliticalEntity",
                                "text": "Chambers County"
                            }
                        ]
                    }
                ]
            },
            {
                "type": "locatedAt",
                "sentence": "Due to the large increase in volume of COVID-19 laboratory results being processed by laboratories (state public health labs, commercial labs, hospital labs, etc.) and sent to state health departments, the national surveillance pipeline is becoming overwhelmed and is causing delays.",
                "score": 0.453307,
                "arguments": [
                    {
                        "text": "laboratory",
                        "location": [
                            1308,
                            1318
                        ],
                        "entities": [
                            {
                                "type": "Facility",
                                "text": "laboratory"
                            }
                        ]
                    },
                    {
                        "text": "hospital\nlabs",
                        "location": [
                            1403,
                            1416
                        ],
                        "entities": [
                            {
                                "type": "Organization",
                                "text": "hospital\nlabs",
                                "disambiguation": {
                                    "subtype": [
                                        "Commercial"
                                    ]
                                }
                            }
                        ]
                    }
                ]
            }
        ],
        "keywords": [
            {
                "text": "Lee County",
                "relevance": 0.717069,
                "count": 1
            },
            {
                "text": "cases of coronavirus",
                "relevance": 0.713745,
                "count": 1
            },
            {
                "text": "Alabama Department",
                "relevance": 0.710254,
                "count": 1
            },
            {
                "text": "large increase",
                "relevance": 0.698475,
                "count": 1
            },
            {
                "text": "numbers of probable cases",
                "relevance": 0.691974,
                "count": 1
            },
            {
                "text": "public health labs",
                "relevance": 0.655821,
                "count": 1
            },
            {
                "text": "Chambers County",
                "relevance": 0.62134,
                "count": 1
            },
            {
                "text": "probable COVID-19 cases",
                "relevance": 0.615261,
                "count": 1
            },
            {
                "text": "previous update",
                "relevance": 0.600321,
                "count": 1
            },
            {
                "text": "live tracker",
                "relevance": 0.596761,
                "count": 1
            },
            {
                "text": "ALABAMA",
                "relevance": 0.58478,
                "count": 5
            },
            {
                "text": "presumed recovery numbers",
                "relevance": 0.567028,
                "count": 1
            },
            {
                "text": "volume of COVID-19 laboratory results",
                "relevance": 0.563171,
                "count": 2
            },
            {
                "text": "state",
                "relevance": 0.555487,
                "count": 6
            },
            {
                "text": "Russell County",
                "relevance": 0.554014,
                "count": 1
            },
            {
                "text": "last night",
                "relevance": 0.545727,
                "count": 1
            },
            {
                "text": "current number of Alabamians",
                "relevance": 0.543302,
                "count": 1
            },
            {
                "text": "Disease Control",
                "relevance": 0.54087,
                "count": 1
            },
            {
                "text": "days",
                "relevance": 0.536263,
                "count": 1
            },
            {
                "text": "Alabama Department of Public Health",
                "relevance": 0.531542,
                "count": 1
            },
            {
                "text": "WRBL viewing area",
                "relevance": 0.527507,
                "count": 1
            },
            {
                "text": "numbers",
                "relevance": 0.521889,
                "count": 1
            },
            {
                "text": "patients",
                "relevance": 0.519751,
                "count": 1
            },
            {
                "text": "day",
                "relevance": 0.518155,
                "count": 2
            },
            {
                "text": "CDC",
                "relevance": 0.517465,
                "count": 1
            },
            {
                "text": "statement",
                "relevance": 0.517127,
                "count": 1
            },
            {
                "text": "recoveries",
                "relevance": 0.51697,
                "count": 1
            },
            {
                "text": "Barbour County",
                "relevance": 0.515225,
                "count": 1
            },
            {
                "text": "health departments",
                "relevance": 0.514789,
                "count": 1
            },
            {
                "text": "cases",
                "relevance": 0.511872,
                "count": 2
            },
            {
                "text": "counties",
                "relevance": 0.511621,
                "count": 1
            },
            {
                "text": "new cases",
                "relevance": 0.51075,
                "count": 1
            },
            {
                "text": "Centers",
                "relevance": 0.509207,
                "count": 1
            },
            {
                "text": "commercial labs",
                "relevance": 0.5086,
                "count": 1
            },
            {
                "text": "residents",
                "relevance": 0.508107,
                "count": 1
            },
            {
                "text": "COVID-19 data",
                "relevance": 0.507013,
                "count": 1
            },
            {
                "text": "dashboard",
                "relevance": 0.50656,
                "count": 2
            },
            {
                "text": "laboratories",
                "relevance": 0.506336,
                "count": 1
            },
            {
                "text": "deaths",
                "relevance": 0.505935,
                "count": 2
            },
            {
                "text": "data",
                "relevance": 0.505905,
                "count": 1
            },
            {
                "text": "Prevention",
                "relevance": 0.504153,
                "count": 1
            },
            {
                "text": "site",
                "relevance": 0.504153,
                "count": 1
            },
            {
                "text": "pains",
                "relevance": 0.504153,
                "count": 1
            },
            {
                "text": "virus",
                "relevance": 0.504153,
                "count": 2
            },
            {
                "text": "delays",
                "relevance": 0.504153,
                "count": 1
            },
            {
                "text": "date",
                "relevance": 0.504153,
                "count": 1
            },
            {
                "text": "treatment",
                "relevance": 0.504153,
                "count": 1
            },
            {
                "text": "COVID-19 Dashboard",
                "relevance": 0.5008,
                "count": 1
            },
            {
                "text": "positive cases",
                "relevance": 0.484745,
                "count": 1
            },
            {
                "text": "vendor work",
                "relevance": 0.46076,
                "count": 1
            }
        ]
    },
    "freqeuncy": "Daily",
    "extracted_metadata": {
        "sha1": "ae70f8ebb5302076daa3281a7db45dac25456716",
        "filename": "202006050000NEWSBANKNEWSPPRSF273A93C9653D2D89D12F98A1EEB9C2.json",
        "file_type": "json"
    },
    "companyRecord": "|||Centers for Disease Prevention and Control|extractor|DUNS:927645465;NECOID:1443072899;ACORN:1432072899;UDUNS:161906193;UACORN:2653674111|MENTION||||XXXX|REFERENCE",
    "publicationTime": "2020-06-05T00:00:00-04:00",
    "title": "UPDATE: Alabama reports 19,073 confirmed cases of COVID-19, with 563 in Lee County",
    "html": "<p><location idsrc=\"xmltag.org\" value=\"LS/us.al\">ALABAMA</location> (WRBL) &#150; As of 3:30/2:30 p.m. CDT, the <org idsrc=\"xmltag.org\" value=\"ACORN:1769436459\">Alabama Department of Public Health</org> is reporting 19,073 cases of coronavirus statewide, with 672 confirmed to have died from the virus.</p>\n<p><location idsrc=\"xmltag.org\" value=\"LS/us.al\">Alabama</location> is now also reporting numbers of probable cases and deaths, with now 314 probable COVID-19 cases and four probably deaths from COVID-19. The state also reports that in the last 14 days, 5,310 new cases have been confirmed.</p>\n\n<p>Those numbers have increased since our previous update, as the state of <location idsrc=\"xmltag.org\" value=\"LS/us.al\">Alabama</location> reported 18,776 patients were confirmed to have the coronavirus as of last night.</p>\n\n<p>The current number of Alabamians who have been hospitalized for treatment of coronavirus, to date, is 1,949.</p>\n\n<p>In <location idsrc=\"xmltag.org\" value=\"LU/us.al.lee\">Lee County</location>, there are 563 residents who have tested positive for the virus. In <location idsrc=\"xmltag.org\" value=\"LU/us.al.chaers\">Chambers County</location> there are 363 cases reported by the ADPH. Currently, there are 187 cases in <location idsrc=\"xmltag.org\" value=\"LU/us.al.rusell\">Russell County</location>, and 183 positive cases in <location idsrc=\"xmltag.org\" value=\"LU/us.al.barour\">Barbour County</location>.</p>\n\n<p>The live tracker managed by the state showing COVID-19 data is currently updating once a day at <chron>10 a.m.</chron> due to what the state describes as a \"large increase in volume of COVID-19 laboratory results being processed.\" They hope to move to <chron>10 a.m.</chron> and <chron>4 p.m.</chron> updates going forward.</p>\n\n<p>A statement on the COVID-19 Dashboard for <location idsrc=\"xmltag.org\" value=\"LS/us.al\">Alabama</location> reads:</p>\n\n<p>Due to the large increase in volume of COVID-19 laboratory results being processed by laboratories (state public health labs, commercial labs, hospital labs, etc.) and sent to state health departments, the national surveillance pipeline is becoming overwhelmed and is causing delays. This has impacted the data that is displayed on this dashboard. We are now updating our dashboard once a day at <chron>10 a.m.</chron> We hope to update it at <chron>10 a.m.</chron> and <chron>4 p.m.</chron> once this is resolved. Please be patient as the <org idsrc=\"xmltag.org\" value=\"ACORN:1432072899\">Centers for Disease Control and Prevention</org> (<org idsrc=\"xmltag.org\" value=\"ACORN:1432072899\">CDC</org>), <org idsrc=\"xmltag.org\" value=\"ACORN:1769436459\">Alabama Department of Public Health</org> (ADPH), and its vendor work to address these growing pains. Thank you!</p>\n\n<p>The state is reporting 11,395 presumed recoveries on the ADPH tracking site. The presumed recovery numbers will be updated by the ADPH weekly.</p>\n\n<p>**Note, all counties in the WRBL viewing area contribute to the count of local cases in <location idsrc=\"xmltag.org\" value=\"LS/us.al\">Alabama</location>.</p>",
    "geoFocus": [
        [
            "GU/us.ga.colbus",
            "Columbus"
        ]
    ]
}