{
    "id": "25981d54-6a9b-4a8b-8d87-d23d7f186db4",
    "result_metadata": {
        "score": 1
    },
    "copyright": "\u00a9 Copyright \u00a9 2020 Wiscnews.com, All rights reserved.",
    "geoOrigin": "Baraboo, Wisconsin",
    "sourceType": "Newspaper",
    "source": "Baraboo News-Republic (WI)",
    "corpus_document_id": "52012098045863155804",
    "description": "A Baraboo man charged with allegedly strangling a woman was recently released from jail after signing a $500 signature bond. Norman E. Wilson II, 39, faces more than six years in prison and fines up to $11,000 for a felony count of strangulation and suffocation and a misdemeanor charge of disorderly conduct. According to a criminal complaint filed in Sauk County...",
    "serviceName": "Newspapers",
    "locationCode": [
        {
            "parent": "LR/am",
            "relevance_score": "9",
            "description": "North America",
            "code": "LB/nam#9#49#90",
            "level": 1
        },
        {
            "parent": "LB/nam",
            "relevance_score": "9",
            "description": "United States",
            "code": "LC/us#9#50#90",
            "level": 2
        },
        {
            "parent": null,
            "relevance_score": "9",
            "description": "Americas",
            "code": "LR/am#9#49#90",
            "level": 0
        },
        {
            "code": "LR/nam#9#49#90",
            "description": "",
            "relevance_score": "9"
        }
    ],
    "sourceClass": "General News",
    "subjectCode": [
        {
            "parent": null,
            "relevance_score": "9",
            "description": "Life and Society",
            "code": "IS/lifesoc#9#50#99",
            "level": 0
        },
        {
            "parent": "IS/lifesoc",
            "relevance_score": "9",
            "description": "Crime",
            "code": "IS/lifesoc.crime#9#99#50",
            "level": 1
        }
    ],
    "text": "A Baraboo man charged with allegedly strangling a woman was recently released\nfrom jail after signing a $500 signature bond.\n\nNorman E. Wilson II, 39, faces more than six years in prison and fines up to\n$11,000 for a felony count of strangulation and suffocation and a misdemeanor\ncharge of disorderly conduct.\n\nAccording to a criminal complaint filed in Sauk County Circuit Court, Baraboo\npolice were called to a residence around 10:30 p.m. May 28 in the 900 block of\nMoore Street. Officers arrived to find Wilson had left the building. A woman\nin the home said Wilson had broken two large windows earlier when she was\noutside of the residence.\n\nThe woman told officers Wilson had left for a while, but had returned yelling\nat her. According to the complaint, when she began moving to another room\nWilson jumped on the couch and began strangling her. She told officers it was\npainful and had significantly cut off her ability to breathe.\n\nAfter warning Wilson not to harm a cat that was near the couch, the woman said\nhe again lunged at her and obstructed her airway. There were also notable\nbruises on the woman's arms and throat area that she said Wilson had caused.\n\nWilson was later located and arrested. He is scheduled to return to court July\n31.",
    "industryCode": [],
    "naviga_enrichment": {
        "org": [],
        "location": [
            "Baraboo",
            "Moore Street"
        ],
        "person": [],
        "companies": []
    },
    "geoOrigin_code": "RU/us.wi.barboo",
    "language": "English",
    "filename": "202006050000NEWSBANKNEWSPPRSA9690FA0ED0C543B95C75573DFB8D27.XML",
    "providerName": "NewsBank",
    "enriched_text": {
        "entities": [
            {
                "count": 9,
                "sentiment": {
                    "score": -0.700316,
                    "label": "negative"
                },
                "text": "Norman E. Wilson II",
                "relevance": 0.857853,
                "type": "Person"
            },
            {
                "count": 2,
                "sentiment": {
                    "score": -0.790533,
                    "label": "negative"
                },
                "text": "Baraboo",
                "relevance": 0.257908,
                "type": "Location",
                "disambiguation": {
                    "subtype": [
                        "City"
                    ],
                    "name": "Baraboo, Wisconsin",
                    "dbpedia_resource": "http://dbpedia.org/resource/Baraboo,_Wisconsin"
                }
            },
            {
                "count": 2,
                "sentiment": {
                    "score": -0.314056,
                    "label": "negative"
                },
                "text": "Sauk County Circuit Court",
                "relevance": 0.25113,
                "type": "Organization"
            },
            {
                "count": 1,
                "sentiment": {
                    "score": 0,
                    "label": "neutral"
                },
                "text": "six years",
                "relevance": 0.121082,
                "type": "Quantity"
            },
            {
                "count": 1,
                "sentiment": {
                    "score": 0,
                    "label": "neutral"
                },
                "text": "$11,000",
                "relevance": 0.121082,
                "type": "Quantity"
            },
            {
                "count": 1,
                "sentiment": {
                    "score": 0,
                    "label": "neutral"
                },
                "text": "$500",
                "relevance": 0.121082,
                "type": "Quantity"
            }
        ],
        "semantic_roles": [
            {
                "subject": {
                    "text": "A Baraboo man"
                },
                "sentence": "A Baraboo man charged with allegedly strangling a woman was recently released",
                "object": {
                    "text": "with allegedly strangling a woman"
                },
                "action": {
                    "verb": {
                        "text": "charge",
                        "tense": "past"
                    },
                    "text": "charged",
                    "normalized": "charge"
                }
            },
            {
                "subject": {
                    "text": "A Baraboo man"
                },
                "sentence": "A Baraboo man charged with allegedly strangling a woman was recently released",
                "object": {
                    "text": "a woman"
                },
                "action": {
                    "verb": {
                        "text": "strangle",
                        "tense": "present"
                    },
                    "text": "strangling",
                    "normalized": "strangle"
                }
            },
            {
                "subject": {
                    "text": "a woman"
                },
                "sentence": "A Baraboo man charged with allegedly strangling a woman was recently released",
                "action": {
                    "verb": {
                        "text": "release",
                        "tense": "past"
                    },
                    "text": "released",
                    "normalized": "release"
                }
            },
            {
                "subject": {
                    "text": "Norman E. Wilson II, 39,"
                },
                "sentence": " Norman E. Wilson II, 39, faces more than six years in prison and fines up to",
                "object": {
                    "text": "more than six years in prison and fines up to"
                },
                "action": {
                    "verb": {
                        "text": "face",
                        "tense": "present"
                    },
                    "text": "faces",
                    "normalized": "face"
                }
            },
            {
                "subject": {
                    "text": "a criminal complaint"
                },
                "sentence": " According to a criminal complaint filed in Sauk County Circuit Court, Baraboo",
                "object": {
                    "text": "in Sauk County Circuit Court"
                },
                "action": {
                    "verb": {
                        "text": "file",
                        "tense": "past"
                    },
                    "text": "filed",
                    "normalized": "file"
                }
            },
            {
                "subject": {
                    "text": "police"
                },
                "sentence": " police were called to a residence around 10:30 p.m.",
                "object": {
                    "text": "called to a residence around 10:30 p.m"
                },
                "action": {
                    "verb": {
                        "text": "be",
                        "tense": "past"
                    },
                    "text": "were",
                    "normalized": "be"
                }
            },
            {
                "subject": {
                    "text": "police"
                },
                "sentence": " police were called to a residence around 10:30 p.m.",
                "object": {
                    "text": "to a residence around 10:30 p.m"
                },
                "action": {
                    "verb": {
                        "text": "call",
                        "tense": "past"
                    },
                    "text": "were called",
                    "normalized": "be call"
                }
            },
            {
                "subject": {
                    "text": "Officers"
                },
                "sentence": " Officers arrived to find Wilson had left the building.",
                "object": {
                    "text": "Wilson had left the building"
                },
                "action": {
                    "verb": {
                        "text": "find",
                        "tense": "future"
                    },
                    "text": "arrived to find",
                    "normalized": "arrive to find"
                }
            },
            {
                "subject": {
                    "text": "Wilson had broken two large windows earlier when she was"
                },
                "sentence": " in the home said Wilson had broken two large windows earlier when she was",
                "action": {
                    "verb": {
                        "text": "say",
                        "tense": "past"
                    },
                    "text": "said",
                    "normalized": "say"
                }
            },
            {
                "subject": {
                    "text": "Wilson"
                },
                "sentence": " in the home said Wilson had broken two large windows earlier when she was",
                "object": {
                    "text": "broken two large windows"
                },
                "action": {
                    "verb": {
                        "text": "have",
                        "tense": "past"
                    },
                    "text": "had",
                    "normalized": "have"
                }
            },
            {
                "subject": {
                    "text": "Wilson"
                },
                "sentence": " in the home said Wilson had broken two large windows earlier when she was",
                "object": {
                    "text": "two large windows"
                },
                "action": {
                    "verb": {
                        "text": "break",
                        "tense": "past"
                    },
                    "text": "had broken",
                    "normalized": "have break"
                }
            },
            {
                "subject": {
                    "text": "The woman"
                },
                "sentence": " The woman told officers Wilson had left for a while, but had returned yelling",
                "object": {
                    "text": "Wilson had left for a while"
                },
                "action": {
                    "verb": {
                        "text": "tell",
                        "tense": "past"
                    },
                    "text": "told",
                    "normalized": "tell"
                }
            },
            {
                "subject": {
                    "text": "officers Wilson"
                },
                "sentence": " The woman told officers Wilson had left for a while, but had returned yelling",
                "action": {
                    "verb": {
                        "text": "leave",
                        "tense": "past"
                    },
                    "text": "had left",
                    "normalized": "have leave"
                }
            },
            {
                "subject": {
                    "text": "Wilson"
                },
                "sentence": " Wilson jumped on the couch and began strangling her.",
                "object": {
                    "text": "her"
                },
                "action": {
                    "verb": {
                        "text": "strangle",
                        "tense": "past"
                    },
                    "text": "began strangling",
                    "normalized": "begin strangle"
                }
            },
            {
                "subject": {
                    "text": "She"
                },
                "sentence": " She told officers it was",
                "object": {
                    "text": "it was"
                },
                "action": {
                    "verb": {
                        "text": "tell",
                        "tense": "past"
                    },
                    "text": "told",
                    "normalized": "tell"
                }
            },
            {
                "subject": {
                    "text": "Wilson"
                },
                "sentence": " After warning Wilson not to harm a cat that was near the couch, the woman said",
                "object": {
                    "text": "a cat that was near the couch"
                },
                "action": {
                    "verb": {
                        "text": "harm",
                        "tense": "future",
                        "negated": true
                    },
                    "text": "to harm",
                    "normalized": "to harm"
                }
            },
            {
                "subject": {
                    "text": "a cat"
                },
                "sentence": " After warning Wilson not to harm a cat that was near the couch, the woman said",
                "object": {
                    "text": "near the couch"
                },
                "action": {
                    "verb": {
                        "text": "be",
                        "tense": "past"
                    },
                    "text": "was",
                    "normalized": "be"
                }
            },
            {
                "subject": {
                    "text": "the woman"
                },
                "sentence": " After warning Wilson not to harm a cat that was near the couch, the woman said",
                "object": {
                    "text": "After warning Wilson not to harm a cat that was near the couch"
                },
                "action": {
                    "verb": {
                        "text": "say",
                        "tense": "past"
                    },
                    "text": "said",
                    "normalized": "say"
                }
            },
            {
                "subject": {
                    "text": "he"
                },
                "sentence": " he again lunged at her and obstructed her airway.",
                "object": {
                    "text": "at her"
                },
                "action": {
                    "verb": {
                        "text": "lunge",
                        "tense": "past"
                    },
                    "text": "lunged",
                    "normalized": "lunge"
                }
            },
            {
                "subject": {
                    "text": "he"
                },
                "sentence": " he again lunged at her and obstructed her airway.",
                "object": {
                    "text": "her airway"
                },
                "action": {
                    "verb": {
                        "text": "obstruct",
                        "tense": "past"
                    },
                    "text": "obstructed",
                    "normalized": "obstruct"
                }
            },
            {
                "subject": {
                    "text": "she"
                },
                "sentence": " bruises on the woman's arms and throat area that she said Wilson had caused.",
                "object": {
                    "text": "Wilson had caused"
                },
                "action": {
                    "verb": {
                        "text": "say",
                        "tense": "past"
                    },
                    "text": "said",
                    "normalized": "say"
                }
            },
            {
                "subject": {
                    "text": "Wilson"
                },
                "sentence": " Wilson was later located and arrested.",
                "action": {
                    "verb": {
                        "text": "be",
                        "tense": "past"
                    },
                    "text": "was",
                    "normalized": "be"
                }
            },
            {
                "subject": {
                    "text": "Wilson"
                },
                "sentence": " Wilson was later located and arrested.",
                "action": {
                    "verb": {
                        "text": "locate",
                        "tense": "past"
                    },
                    "text": "located",
                    "normalized": "locate"
                }
            },
            {
                "subject": {
                    "text": "He"
                },
                "sentence": " He is scheduled to return to court July",
                "object": {
                    "text": "scheduled to return to court July"
                },
                "action": {
                    "verb": {
                        "text": "be",
                        "tense": "present"
                    },
                    "text": "is",
                    "normalized": "be"
                }
            },
            {
                "subject": {
                    "text": "He"
                },
                "sentence": " He is scheduled to return to court July",
                "object": {
                    "text": "to return to court July"
                },
                "action": {
                    "verb": {
                        "text": "schedule",
                        "tense": "past"
                    },
                    "text": "scheduled",
                    "normalized": "schedule"
                }
            }
        ],
        "categories": [
            {
                "score": 0.703157,
                "label": "/society/crime/personal offense/homicide"
            },
            {
                "score": 0.674773,
                "label": "/law, govt and politics"
            },
            {
                "score": 0.589638,
                "label": "/society/crime/personal offense/assault"
            }
        ],
        "relations": [
            {
                "type": "residesIn",
                "sentence": "A Baraboo man charged with allegedly strangling a woman was recently released from jail after signing a $500 signature bond.",
                "score": 0.963694,
                "arguments": [
                    {
                        "text": "man",
                        "location": [
                            10,
                            13
                        ],
                        "entities": [
                            {
                                "type": "Person",
                                "text": "Wilson"
                            }
                        ]
                    },
                    {
                        "text": "Baraboo",
                        "location": [
                            2,
                            9
                        ],
                        "entities": [
                            {
                                "type": "GeopoliticalEntity",
                                "text": "Baraboo"
                            }
                        ]
                    }
                ]
            },
            {
                "type": "partOf",
                "sentence": "According to a criminal complaint filed in Sauk County Circuit Court, Baraboo police were called to a residence around 10:30 p.m. May 28 in the 900 block of Moore Street.",
                "score": 0.996288,
                "arguments": [
                    {
                        "text": "police",
                        "location": [
                            390,
                            396
                        ],
                        "entities": [
                            {
                                "type": "Organization",
                                "text": "police",
                                "disambiguation": {
                                    "subtype": [
                                        "Government"
                                    ]
                                }
                            }
                        ]
                    },
                    {
                        "text": "Baraboo",
                        "location": [
                            382,
                            389
                        ],
                        "entities": [
                            {
                                "type": "GeopoliticalEntity",
                                "text": "Baraboo"
                            }
                        ]
                    }
                ]
            },
            {
                "type": "agentOf",
                "sentence": "According to a criminal complaint filed in Sauk County Circuit Court, Baraboo police were called to a residence around 10:30 p.m. May 28 in the 900 block of Moore Street.",
                "score": 0.905717,
                "arguments": [
                    {
                        "text": "police",
                        "location": [
                            390,
                            396
                        ],
                        "entities": [
                            {
                                "type": "Organization",
                                "text": "police",
                                "disambiguation": {
                                    "subtype": [
                                        "Government"
                                    ]
                                }
                            }
                        ]
                    },
                    {
                        "text": "called",
                        "location": [
                            402,
                            408
                        ],
                        "entities": [
                            {
                                "type": "EventCommunication",
                                "text": "called"
                            }
                        ]
                    }
                ]
            },
            {
                "type": "affectedBy",
                "sentence": "According to a criminal complaint filed in Sauk County Circuit Court, Baraboo police were called to a residence around 10:30 p.m. May 28 in the 900 block of Moore Street.",
                "score": 0.521714,
                "arguments": [
                    {
                        "text": "residence",
                        "location": [
                            414,
                            423
                        ],
                        "entities": [
                            {
                                "type": "Facility",
                                "text": "residence"
                            }
                        ]
                    },
                    {
                        "text": "called",
                        "location": [
                            402,
                            408
                        ],
                        "entities": [
                            {
                                "type": "EventCommunication",
                                "text": "called"
                            }
                        ]
                    }
                ]
            },
            {
                "type": "timeOf",
                "sentence": "According to a criminal complaint filed in Sauk County Circuit Court, Baraboo police were called to a residence around 10:30 p.m. May 28 in the 900 block of Moore Street.",
                "score": 0.667413,
                "arguments": [
                    {
                        "text": "around 10:30 p.m. May 28",
                        "location": [
                            424,
                            448
                        ],
                        "entities": [
                            {
                                "type": "Time",
                                "text": "around 10:30 p.m. May 28"
                            }
                        ]
                    },
                    {
                        "text": "called",
                        "location": [
                            402,
                            408
                        ],
                        "entities": [
                            {
                                "type": "EventCommunication",
                                "text": "called"
                            }
                        ]
                    }
                ]
            },
            {
                "type": "locatedAt",
                "sentence": "According to a criminal complaint filed in Sauk County Circuit Court, Baraboo police were called to a residence around 10:30 p.m. May 28 in the 900 block of Moore Street.",
                "score": 0.674913,
                "arguments": [
                    {
                        "text": "residence",
                        "location": [
                            414,
                            423
                        ],
                        "entities": [
                            {
                                "type": "Facility",
                                "text": "residence"
                            }
                        ]
                    },
                    {
                        "text": "block",
                        "location": [
                            460,
                            465
                        ],
                        "entities": [
                            {
                                "type": "Facility",
                                "text": "block"
                            }
                        ]
                    }
                ]
            },
            {
                "type": "locatedAt",
                "sentence": "According to a criminal complaint filed in Sauk County Circuit Court, Baraboo police were called to a residence around 10:30 p.m. May 28 in the 900 block of Moore Street.",
                "score": 0.897936,
                "arguments": [
                    {
                        "text": "block",
                        "location": [
                            460,
                            465
                        ],
                        "entities": [
                            {
                                "type": "Facility",
                                "text": "block"
                            }
                        ]
                    },
                    {
                        "text": "Moore Street",
                        "location": [
                            469,
                            481
                        ],
                        "entities": [
                            {
                                "type": "Facility",
                                "text": "Moore Street"
                            }
                        ]
                    }
                ]
            },
            {
                "type": "partOfMany",
                "sentence": "Officers arrived to find Wilson had left the building.",
                "score": 0.559365,
                "arguments": [
                    {
                        "text": "Wilson",
                        "location": [
                            508,
                            514
                        ],
                        "entities": [
                            {
                                "type": "Person",
                                "text": "Wilson"
                            }
                        ]
                    },
                    {
                        "text": "Officers",
                        "location": [
                            483,
                            491
                        ],
                        "entities": [
                            {
                                "type": "Person",
                                "text": "Officers"
                            }
                        ]
                    }
                ]
            },
            {
                "type": "partOfMany",
                "sentence": "The woman told officers Wilson had left for a while, but had returned yelling at her.",
                "score": 0.795612,
                "arguments": [
                    {
                        "text": "Wilson",
                        "location": [
                            671,
                            677
                        ],
                        "entities": [
                            {
                                "type": "Person",
                                "text": "Wilson"
                            }
                        ]
                    },
                    {
                        "text": "officers",
                        "location": [
                            662,
                            670
                        ],
                        "entities": [
                            {
                                "type": "Person",
                                "text": "Officers"
                            }
                        ]
                    }
                ]
            },
            {
                "type": "locatedAt",
                "sentence": "Officers arrived to find Wilson had left the building.",
                "score": 0.596319,
                "arguments": [
                    {
                        "text": "Officers",
                        "location": [
                            483,
                            491
                        ],
                        "entities": [
                            {
                                "type": "Person",
                                "text": "Officers"
                            }
                        ]
                    },
                    {
                        "text": "building",
                        "location": [
                            528,
                            536
                        ],
                        "entities": [
                            {
                                "type": "Facility",
                                "text": "building"
                            }
                        ]
                    }
                ]
            },
            {
                "type": "locatedAt",
                "sentence": "Officers arrived to find Wilson had left the building.",
                "score": 0.292396,
                "arguments": [
                    {
                        "text": "Wilson",
                        "location": [
                            508,
                            514
                        ],
                        "entities": [
                            {
                                "type": "Person",
                                "text": "Wilson"
                            }
                        ]
                    },
                    {
                        "text": "building",
                        "location": [
                            528,
                            536
                        ],
                        "entities": [
                            {
                                "type": "Facility",
                                "text": "building"
                            }
                        ]
                    }
                ]
            },
            {
                "type": "residesIn",
                "sentence": "A woman in the home said Wilson had broken two large windows earlier when she was outside of the residence.",
                "score": 0.501154,
                "arguments": [
                    {
                        "text": "woman",
                        "location": [
                            540,
                            545
                        ],
                        "entities": [
                            {
                                "type": "Person",
                                "text": "woman"
                            }
                        ]
                    },
                    {
                        "text": "home",
                        "location": [
                            553,
                            557
                        ],
                        "entities": [
                            {
                                "type": "Facility",
                                "text": "Moore Street"
                            }
                        ]
                    }
                ]
            },
            {
                "type": "affectedBy",
                "sentence": "A Baraboo man charged with allegedly strangling a woman was recently released from jail after signing a $500 signature bond.",
                "score": 0.540556,
                "arguments": [
                    {
                        "text": "man",
                        "location": [
                            10,
                            13
                        ],
                        "entities": [
                            {
                                "type": "Person",
                                "text": "Wilson"
                            }
                        ]
                    },
                    {
                        "text": "charged",
                        "location": [
                            14,
                            21
                        ],
                        "entities": [
                            {
                                "type": "EventLegal",
                                "text": "charged"
                            }
                        ]
                    }
                ]
            },
            {
                "type": "agentOf",
                "sentence": "A woman in the home said Wilson had broken two large windows earlier when she was outside of the residence.",
                "score": 0.567686,
                "arguments": [
                    {
                        "text": "woman",
                        "location": [
                            540,
                            545
                        ],
                        "entities": [
                            {
                                "type": "Person",
                                "text": "woman"
                            }
                        ]
                    },
                    {
                        "text": "said",
                        "location": [
                            558,
                            562
                        ],
                        "entities": [
                            {
                                "type": "EventCommunication",
                                "text": "said"
                            }
                        ]
                    }
                ]
            },
            {
                "type": "agentOf",
                "sentence": "The woman told officers Wilson had left for a while, but had returned yelling at her.",
                "score": 0.989702,
                "arguments": [
                    {
                        "text": "woman",
                        "location": [
                            651,
                            656
                        ],
                        "entities": [
                            {
                                "type": "Person",
                                "text": "woman"
                            }
                        ]
                    },
                    {
                        "text": "told",
                        "location": [
                            657,
                            661
                        ],
                        "entities": [
                            {
                                "type": "EventCommunication",
                                "text": "said"
                            }
                        ]
                    }
                ]
            },
            {
                "type": "agentOf",
                "sentence": "She told officers it was painful and had significantly cut off her ability to breathe.",
                "score": 0.99634,
                "arguments": [
                    {
                        "text": "She",
                        "location": [
                            852,
                            855
                        ],
                        "entities": [
                            {
                                "type": "Person",
                                "text": "woman"
                            }
                        ]
                    },
                    {
                        "text": "told",
                        "location": [
                            856,
                            860
                        ],
                        "entities": [
                            {
                                "type": "EventCommunication",
                                "text": "said"
                            }
                        ]
                    }
                ]
            },
            {
                "type": "agentOf",
                "sentence": "After warning Wilson not to harm a cat that was near the couch, the woman said he again lunged at her and obstructed her airway.",
                "score": 0.969819,
                "arguments": [
                    {
                        "text": "woman",
                        "location": [
                            1008,
                            1013
                        ],
                        "entities": [
                            {
                                "type": "Person",
                                "text": "woman"
                            }
                        ]
                    },
                    {
                        "text": "said",
                        "location": [
                            1014,
                            1018
                        ],
                        "entities": [
                            {
                                "type": "EventCommunication",
                                "text": "said"
                            }
                        ]
                    }
                ]
            },
            {
                "type": "agentOf",
                "sentence": "There were also notable bruises on the woman's arms and throat area that she said Wilson had caused.",
                "score": 0.929427,
                "arguments": [
                    {
                        "text": "woman",
                        "location": [
                            1108,
                            1113
                        ],
                        "entities": [
                            {
                                "type": "Person",
                                "text": "woman"
                            }
                        ]
                    },
                    {
                        "text": "said",
                        "location": [
                            1146,
                            1150
                        ],
                        "entities": [
                            {
                                "type": "EventCommunication",
                                "text": "said"
                            }
                        ]
                    }
                ]
            },
            {
                "type": "agentOf",
                "sentence": "There were also notable bruises on the woman's arms and throat area that she said Wilson had caused.",
                "score": 0.982232,
                "arguments": [
                    {
                        "text": "she",
                        "location": [
                            1142,
                            1145
                        ],
                        "entities": [
                            {
                                "type": "Person",
                                "text": "woman"
                            }
                        ]
                    },
                    {
                        "text": "said",
                        "location": [
                            1146,
                            1150
                        ],
                        "entities": [
                            {
                                "type": "EventCommunication",
                                "text": "said"
                            }
                        ]
                    }
                ]
            },
            {
                "type": "locatedAt",
                "sentence": "A woman in the home said Wilson had broken two large windows earlier when she was outside of the residence.",
                "score": 0.452981,
                "arguments": [
                    {
                        "text": "Wilson",
                        "location": [
                            563,
                            569
                        ],
                        "entities": [
                            {
                                "type": "Person",
                                "text": "Wilson"
                            }
                        ]
                    },
                    {
                        "text": "home",
                        "location": [
                            553,
                            557
                        ],
                        "entities": [
                            {
                                "type": "Facility",
                                "text": "Moore Street"
                            }
                        ]
                    }
                ]
            },
            {
                "type": "locatedAt",
                "sentence": "A woman in the home said Wilson had broken two large windows earlier when she was outside of the residence.",
                "score": 0.38952,
                "arguments": [
                    {
                        "text": "home",
                        "location": [
                            553,
                            557
                        ],
                        "entities": [
                            {
                                "type": "Facility",
                                "text": "Moore Street"
                            }
                        ]
                    },
                    {
                        "text": "residence",
                        "location": [
                            635,
                            644
                        ],
                        "entities": [
                            {
                                "type": "Facility",
                                "text": "residence"
                            }
                        ]
                    }
                ]
            },
            {
                "type": "locatedAt",
                "sentence": "A woman in the home said Wilson had broken two large windows earlier when she was outside of the residence.",
                "score": 0.673276,
                "arguments": [
                    {
                        "text": "she",
                        "location": [
                            612,
                            615
                        ],
                        "entities": [
                            {
                                "type": "Person",
                                "text": "woman"
                            }
                        ]
                    },
                    {
                        "text": "residence",
                        "location": [
                            635,
                            644
                        ],
                        "entities": [
                            {
                                "type": "Facility",
                                "text": "residence"
                            }
                        ]
                    }
                ]
            },
            {
                "type": "affectedBy",
                "sentence": "The woman told officers Wilson had left for a while, but had returned yelling at her.",
                "score": 0.977506,
                "arguments": [
                    {
                        "text": "officers",
                        "location": [
                            662,
                            670
                        ],
                        "entities": [
                            {
                                "type": "Person",
                                "text": "Officers"
                            }
                        ]
                    },
                    {
                        "text": "told",
                        "location": [
                            657,
                            661
                        ],
                        "entities": [
                            {
                                "type": "EventCommunication",
                                "text": "said"
                            }
                        ]
                    }
                ]
            },
            {
                "type": "affectedBy",
                "sentence": "She told officers it was painful and had significantly cut off her ability to breathe.",
                "score": 0.983615,
                "arguments": [
                    {
                        "text": "officers",
                        "location": [
                            861,
                            869
                        ],
                        "entities": [
                            {
                                "type": "Person",
                                "text": "Officers"
                            }
                        ]
                    },
                    {
                        "text": "told",
                        "location": [
                            856,
                            860
                        ],
                        "entities": [
                            {
                                "type": "EventCommunication",
                                "text": "said"
                            }
                        ]
                    }
                ]
            },
            {
                "type": "locatedAt",
                "sentence": "According to the complaint, when she began moving to another room Wilson jumped on the couch and began strangling her.",
                "score": 0.912005,
                "arguments": [
                    {
                        "text": "she",
                        "location": [
                            766,
                            769
                        ],
                        "entities": [
                            {
                                "type": "Person",
                                "text": "woman"
                            }
                        ]
                    },
                    {
                        "text": "room",
                        "location": [
                            794,
                            798
                        ],
                        "entities": [
                            {
                                "type": "Facility",
                                "text": "room"
                            }
                        ]
                    }
                ]
            },
            {
                "type": "locatedAt",
                "sentence": "According to the complaint, when she began moving to another room Wilson jumped on the couch and began strangling her.",
                "score": 0.329838,
                "arguments": [
                    {
                        "text": "Wilson",
                        "location": [
                            799,
                            805
                        ],
                        "entities": [
                            {
                                "type": "Person",
                                "text": "Wilson"
                            }
                        ]
                    },
                    {
                        "text": "room",
                        "location": [
                            794,
                            798
                        ],
                        "entities": [
                            {
                                "type": "Facility",
                                "text": "room"
                            }
                        ]
                    }
                ]
            },
            {
                "type": "agentOf",
                "sentence": "After warning Wilson not to harm a cat that was near the couch, the woman said he again lunged at her and obstructed her airway.",
                "score": 0.631651,
                "arguments": [
                    {
                        "text": "Wilson",
                        "location": [
                            954,
                            960
                        ],
                        "entities": [
                            {
                                "type": "Person",
                                "text": "Wilson"
                            }
                        ]
                    },
                    {
                        "text": "warning",
                        "location": [
                            946,
                            953
                        ],
                        "entities": [
                            {
                                "type": "EventCommunication",
                                "text": "warning"
                            }
                        ]
                    }
                ]
            },
            {
                "type": "affectedBy",
                "sentence": "After warning Wilson not to harm a cat that was near the couch, the woman said he again lunged at her and obstructed her airway.",
                "score": 0.470678,
                "arguments": [
                    {
                        "text": "he",
                        "location": [
                            1019,
                            1021
                        ],
                        "entities": [
                            {
                                "type": "Person",
                                "text": "Wilson"
                            }
                        ]
                    },
                    {
                        "text": "said",
                        "location": [
                            1014,
                            1018
                        ],
                        "entities": [
                            {
                                "type": "EventCommunication",
                                "text": "said"
                            }
                        ]
                    }
                ]
            },
            {
                "type": "colleague",
                "sentence": "After warning Wilson not to harm a cat that was near the couch, the woman said he again lunged at her and obstructed her airway.",
                "score": 0.234206,
                "arguments": [
                    {
                        "text": "he",
                        "location": [
                            1019,
                            1021
                        ],
                        "entities": [
                            {
                                "type": "Person",
                                "text": "Wilson"
                            }
                        ]
                    },
                    {
                        "text": "her",
                        "location": [
                            1038,
                            1041
                        ],
                        "entities": [
                            {
                                "type": "Person",
                                "text": "woman"
                            }
                        ]
                    }
                ]
            },
            {
                "type": "agentOf",
                "sentence": "A Baraboo man charged with allegedly strangling a woman was recently released from jail after signing a $500 signature bond.",
                "score": 0.966996,
                "arguments": [
                    {
                        "text": "man",
                        "location": [
                            10,
                            13
                        ],
                        "entities": [
                            {
                                "type": "Person",
                                "text": "Wilson"
                            }
                        ]
                    },
                    {
                        "text": "strangling",
                        "location": [
                            37,
                            47
                        ],
                        "entities": [
                            {
                                "type": "Crime",
                                "text": "strangling"
                            }
                        ]
                    }
                ]
            },
            {
                "type": "affectedBy",
                "sentence": "Wilson was later located and arrested.",
                "score": 0.937608,
                "arguments": [
                    {
                        "text": "Wilson",
                        "location": [
                            1171,
                            1177
                        ],
                        "entities": [
                            {
                                "type": "Person",
                                "text": "Wilson"
                            }
                        ]
                    },
                    {
                        "text": "arrested",
                        "location": [
                            1200,
                            1208
                        ],
                        "entities": [
                            {
                                "type": "EventCustody",
                                "text": "released"
                            }
                        ]
                    }
                ]
            },
            {
                "type": "affectedBy",
                "sentence": "A Baraboo man charged with allegedly strangling a woman was recently released from jail after signing a $500 signature bond.",
                "score": 0.507216,
                "arguments": [
                    {
                        "text": "woman",
                        "location": [
                            50,
                            55
                        ],
                        "entities": [
                            {
                                "type": "Person",
                                "text": "woman"
                            }
                        ]
                    },
                    {
                        "text": "strangling",
                        "location": [
                            37,
                            47
                        ],
                        "entities": [
                            {
                                "type": "Crime",
                                "text": "strangling"
                            }
                        ]
                    }
                ]
            },
            {
                "type": "affectedBy",
                "sentence": "A Baraboo man charged with allegedly strangling a woman was recently released from jail after signing a $500 signature bond.",
                "score": 0.732314,
                "arguments": [
                    {
                        "text": "woman",
                        "location": [
                            50,
                            55
                        ],
                        "entities": [
                            {
                                "type": "Person",
                                "text": "woman"
                            }
                        ]
                    },
                    {
                        "text": "released",
                        "location": [
                            69,
                            77
                        ],
                        "entities": [
                            {
                                "type": "EventCustody",
                                "text": "released"
                            }
                        ]
                    }
                ]
            },
            {
                "type": "hasAttribute",
                "sentence": "A Baraboo man charged with allegedly strangling a woman was recently released from jail after signing a $500 signature bond.",
                "score": 0.400628,
                "arguments": [
                    {
                        "text": "woman",
                        "location": [
                            50,
                            55
                        ],
                        "entities": [
                            {
                                "type": "Person",
                                "text": "woman"
                            }
                        ]
                    },
                    {
                        "text": "$500",
                        "location": [
                            104,
                            108
                        ],
                        "entities": [
                            {
                                "type": "Money",
                                "text": "$500"
                            }
                        ]
                    }
                ]
            },
            {
                "type": "hasAttribute",
                "sentence": "Norman E. Wilson II, 39, faces more than six years in prison and fines up to $11,000 for a felony count of strangulation and suffocation and a misdemeanor charge of disorderly conduct.",
                "score": 0.992406,
                "arguments": [
                    {
                        "text": "Norman E. Wilson II",
                        "location": [
                            126,
                            145
                        ],
                        "entities": [
                            {
                                "type": "Person",
                                "text": "Norman E. Wilson II"
                            }
                        ]
                    },
                    {
                        "text": "39",
                        "location": [
                            147,
                            149
                        ],
                        "entities": [
                            {
                                "type": "Age",
                                "text": "39"
                            }
                        ]
                    }
                ]
            },
            {
                "type": "locatedAt",
                "sentence": "Norman E. Wilson II, 39, faces more than six years in prison and fines up to $11,000 for a felony count of strangulation and suffocation and a misdemeanor charge of disorderly conduct.",
                "score": 0.717185,
                "arguments": [
                    {
                        "text": "Norman E. Wilson II",
                        "location": [
                            126,
                            145
                        ],
                        "entities": [
                            {
                                "type": "Person",
                                "text": "Norman E. Wilson II"
                            }
                        ]
                    },
                    {
                        "text": "prison",
                        "location": [
                            180,
                            186
                        ],
                        "entities": [
                            {
                                "type": "Facility",
                                "text": "prison"
                            }
                        ]
                    }
                ]
            },
            {
                "type": "basedIn",
                "sentence": "According to a criminal complaint filed in Sauk County Circuit Court, Baraboo police were called to a residence around 10:30 p.m. May 28 in the 900 block of Moore Street.",
                "score": 0.770724,
                "arguments": [
                    {
                        "text": "Circuit Court",
                        "location": [
                            367,
                            380
                        ],
                        "entities": [
                            {
                                "type": "Organization",
                                "text": "Circuit Court",
                                "disambiguation": {
                                    "subtype": [
                                        "Government"
                                    ]
                                }
                            }
                        ]
                    },
                    {
                        "text": "Sauk County",
                        "location": [
                            355,
                            366
                        ],
                        "entities": [
                            {
                                "type": "GeopoliticalEntity",
                                "text": "Sauk County"
                            }
                        ]
                    }
                ]
            }
        ],
        "keywords": [
            {
                "text": "Norman E. Wilson II",
                "relevance": 0.848476,
                "count": 1
            },
            {
                "text": "criminal complaint",
                "relevance": 0.729114,
                "count": 1
            },
            {
                "text": "Baraboo man",
                "relevance": 0.716363,
                "count": 1
            },
            {
                "text": "Sauk County Circuit Court",
                "relevance": 0.661481,
                "count": 1
            },
            {
                "text": "officers Wilson",
                "relevance": 0.588486,
                "count": 1
            },
            {
                "text": "woman",
                "relevance": 0.584075,
                "count": 4
            },
            {
                "text": "felony count of strangulation",
                "relevance": 0.582382,
                "count": 1
            },
            {
                "text": "woman's arms",
                "relevance": 0.565739,
                "count": 1
            },
            {
                "text": "disorderly conduct",
                "relevance": 0.555063,
                "count": 1
            },
            {
                "text": "large windows",
                "relevance": 0.549748,
                "count": 1
            },
            {
                "text": "Officers",
                "relevance": 0.546658,
                "count": 2
            },
            {
                "text": "throat area",
                "relevance": 0.545025,
                "count": 1
            },
            {
                "text": "Wilson",
                "relevance": 0.544942,
                "count": 5
            },
            {
                "text": "jail",
                "relevance": 0.521477,
                "count": 1
            },
            {
                "text": "couch",
                "relevance": 0.520493,
                "count": 2
            },
            {
                "text": "cat",
                "relevance": 0.519486,
                "count": 1
            },
            {
                "text": "home",
                "relevance": 0.517958,
                "count": 1
            },
            {
                "text": "complaint",
                "relevance": 0.517487,
                "count": 1
            },
            {
                "text": "residence",
                "relevance": 0.509882,
                "count": 2
            },
            {
                "text": "ability",
                "relevance": 0.508151,
                "count": 1
            },
            {
                "text": "suffocation",
                "relevance": 0.507701,
                "count": 1
            },
            {
                "text": "prison",
                "relevance": 0.507701,
                "count": 1
            },
            {
                "text": "airway",
                "relevance": 0.506351,
                "count": 1
            },
            {
                "text": "block",
                "relevance": 0.506351,
                "count": 1
            },
            {
                "text": "fines",
                "relevance": 0.506351,
                "count": 1
            },
            {
                "text": "Moore Street",
                "relevance": 0.493803,
                "count": 1
            },
            {
                "text": "signature bond",
                "relevance": 0.478697,
                "count": 1
            },
            {
                "text": "faces",
                "relevance": 0.44102,
                "count": 1
            },
            {
                "text": "while",
                "relevance": 0.437135,
                "count": 1
            },
            {
                "text": "years",
                "relevance": 0.436695,
                "count": 1
            },
            {
                "text": "May",
                "relevance": 0.435085,
                "count": 1
            },
            {
                "text": "July",
                "relevance": 0.433759,
                "count": 1
            },
            {
                "text": "yelling",
                "relevance": 0.433759,
                "count": 1
            },
            {
                "text": "building",
                "relevance": 0.433759,
                "count": 1
            }
        ]
    },
    "freqeuncy": "M-Sa",
    "extracted_metadata": {
        "sha1": "9be849f03348fd353e3ca8c460a2f7fc9e2fd614",
        "filename": "202006050000NEWSBANKNEWSPPRSA9690FA0ED0C543B95C75573DFB8D27.json",
        "file_type": "json"
    },
    "companyRecord": "",
    "publicationTime": "2020-06-05T00:00:00-04:00",
    "title": "MAN CHARGED IN STRANGULATION RELEASED ON BAIL",
    "html": "<p>A <location idsrc=\"xmltag.org\" value=\"LU/us.wi.barboo\">Baraboo</location> man charged with allegedly strangling a woman was  recently released from jail after signing a <money>$500</money> signature bond.</p>\n<p>Norman E. Wilson II, 39, faces more than six years in prison and  fines up to <money>$11,000</money> for a felony count of strangulation and  suffocation and a misdemeanor charge of disorderly conduct.</p>\n\n<p>According to a criminal complaint filed in Sauk County Circuit  Court, <location idsrc=\"xmltag.org\" value=\"LU/us.wi.barboo\">Baraboo</location> police were called to a residence around <chron>10:30 p.m.</chron>  <chron>May 28</chron> in the 900 block of <location>Moore Street</location>. Officers arrived to find  Wilson had left the building. A woman in the home said Wilson had  broken two large windows earlier when she was outside of the  residence.</p>\n\n<p>The woman told officers Wilson had left for a while, but had  returned yelling at her. According to the complaint, when she began  moving to another room Wilson jumped on the couch and began  strangling her. She told officers it was painful and had  significantly cut off her ability to breathe.</p>\n\n<p>After warning Wilson not to harm a cat that was near the couch, the  woman said he again lunged at her and obstructed her airway. There  were also notable bruises on the woman's arms and throat area that  she said Wilson had caused.</p>\n\n<p>Wilson was later located and arrested. He is scheduled to return to  court <chron>July 31</chron>.</p>",
    "geoFocus": [
        [
            "GU/us.wi.barboo",
            "Baraboo"
        ]
    ]
}