{
    "id": "26ddebf0-130d-4b91-9691-70ed45b9dfcc",
    "result_metadata": {
        "score": 1
    },
    "copyright": "\u00a9 \u00a9 Copyright 2020, The Messenger, Hartsville, SC",
    "geoOrigin": "Hartsville, South Carolina",
    "sourceType": "Newspaper",
    "source": "Messenger, The (Hartsville, SC)",
    "corpus_document_id": "87257479311290337405",
    "description": "COLUMBIA, S.C. More than 1,000 new cases of coronavirus have been reported in the past three days in South Carolina. Eleven cases were reported Sunday in both Florence and Darlington counties. All seven deaths that were reported Sunday occurred in elderly individuals from Anderson, Chester, Colleton, Darlington, Hampton, Marlboro and York counties.",
    "serviceName": "Newspapers",
    "locationCode": [
        {
            "parent": "LR/am",
            "relevance_score": "9",
            "description": "North America",
            "code": "LB/nam#9#49#90",
            "level": 1
        },
        {
            "parent": "LB/nam",
            "relevance_score": "9",
            "description": "United States",
            "code": "LC/us#9#50#90",
            "level": 2
        },
        {
            "parent": null,
            "relevance_score": "9",
            "description": "Americas",
            "code": "LR/am#9#49#90",
            "level": 0
        },
        {
            "code": "LR/nam#9#49#90",
            "description": "",
            "relevance_score": "9"
        }
    ],
    "sourceClass": "General News",
    "subjectCode": [
        {
            "parent": null,
            "relevance_score": "9",
            "description": "Health and Wellness",
            "code": "IS/haw#9#50#99",
            "level": 0
        },
        {
            "parent": "IS/haw.virology",
            "relevance_score": "9",
            "description": "Coronavirus Diseases",
            "code": "IS/haw.coronavi#9#78#99",
            "level": 4
        },
        {
            "parent": "IS/haw.coronavi",
            "relevance_score": "9",
            "description": "COVID-19 Novel Coronavirus",
            "code": "IS/haw.covid19#9#99#50",
            "level": 5
        },
        {
            "parent": "IS/haw",
            "relevance_score": "9",
            "description": "Medical Disorders and Diseases",
            "code": "IS/haw.disease#9#50#99",
            "level": 1
        }
    ],
    "text": "COLUMBIA, S.C. \u0096 More than 1,000 new cases of coronavirus have been reported\nin the past three days in South Carolina.\n\nOn Sunday, the South Carolina Department of Health and Environmental Control\nannounced 312 additional cases of COVID-19 and seven additional deaths.\n\nThis brings the total number of people confirmed to have COVID-19 in South\nCarolina to 11,861 and those who have died to 494.\n\nEleven cases were reported Sunday in both Florence and Darlington counties. A\ndeath was reported in Darlington County, bringing the total there to 10.\n\nOn Friday, 331 positive tests were reported. At the time, that was a single-\nday high.\n\nInititally on Saturday, 266 cases were reported, but on Sunday that number was\nupdated with 154 more cases, bringing the total to 420.\n\nThat's a three-day total of 1,063 cases.\n\nAll seven deaths that were reported Sunday occurred in elderly individuals\nfrom Anderson (1), Chester (1), Colleton (1), Darlington (1), Hampton (1),\nMarlboro (1) and York (1) counties.\n\nThe number of new cases by county:\n\nAbbeville (2), Aiken (2), Anderson (4), Beaufort (9), Berkeley (2), Calhoun\n(1), Charleston (12), Cherokee (3), Chesterfield (15), Colleton (4),\nDarlington (11), Dillon (3), Dorchester (2), Fairfield (2), Florence (11),\nGeorgetown (1), Greenville (89), Greenwood (7), Hampton (1), Horry (15),\nJasper (1), Kershaw (3), Lancaster (3), Lee (2), Lexington (11), Marion (1),\nMarlboro (10), Newberry (1), Orangeburg (9), Pickens (8), Richland (28),\nSpartanburg (23), Sumter (6), Williamsburg (3) and York (7)\n\nAs of Saturday, a total of 206,247 tests have been conducted in the state (by\nboth DHEC's Public Health Laboratory and private labs). DHEC's Public Health\nLaboratory is operating extended hours and is testing specimens seven days a\nweek. The Public Health Laboratory's current timeframe for providing results\nto health care providers is 24 to 48 hours.\n\nAs of Sunday morning, 3,798 inpatient hospital beds were available and 6,566\nare in use, which is a 63.35% statewide hospital bed utilization rate. Of the\n6,566 inpatient beds currently used, 402 are occupied by patients who have\neither tested positive or are under investigation for COVID-19.",
    "industryCode": [
        {
            "parent": null,
            "relevance_score": "5",
            "description": "Healthcare",
            "code": "II/hcare#5#50#55",
            "level": 0
        },
        {
            "parent": "II/service.hcare",
            "relevance_score": "5",
            "description": "Diagnostic Laboratory Services",
            "code": "II/hcare.diaglab#5#55#50",
            "level": 2
        },
        {
            "parent": "II/hcare",
            "relevance_score": "5",
            "description": "Healthcare Services",
            "code": "II/service.hcare#5#50#55",
            "level": 1
        }
    ],
    "naviga_enrichment": {
        "org": [
            "South Carolina Department of Health and Environmental Control",
            "DHEC's Public Health Laboratory",
            "The Public Health Laboratory's"
        ],
        "location": [
            "COLUMBIA, S.C.",
            "South Carolina",
            "Florence",
            "Darlington",
            "Darlington County",
            "Anderson",
            "Chester",
            "Colleton",
            "Hampton",
            "Marlboro",
            "York",
            "Abbeville",
            "Aiken",
            "Beaufort",
            "Berkeley",
            "Calhoun",
            "Charleston",
            "Cherokee",
            "Chesterfield",
            "Dillon",
            "Dorchester",
            "Fairfield",
            "Georgetown",
            "Greenville",
            "Greenwood",
            "Horry",
            "Jasper",
            "Kershaw",
            "Lancaster",
            "Lee",
            "Lexington",
            "Marion",
            "Newberry",
            "Orangeburg",
            "Pickens",
            "Richland",
            "Spartanburg",
            "Sumter",
            "Williamsburg"
        ],
        "person": [],
        "companies": [
            "The Public Health Laboratory's",
            "South Carolina Department of Health and Environmental Control",
            "DHEC's Public Health Laboratory"
        ]
    },
    "geoOrigin_code": "RU/us.sc.harlle",
    "language": "English",
    "filename": "202005310000NEWSBANKNEWSPPRS20F6D0DE7F96EB40497D57A8447D5CB.XML",
    "providerName": "NewsBank",
    "enriched_text": {
        "entities": [
            {
                "count": 2,
                "sentiment": {
                    "score": -0.364637,
                    "label": "negative"
                },
                "text": "Darlington County",
                "relevance": 0.958409,
                "type": "Location",
                "disambiguation": {
                    "subtype": [
                        "AdministrativeDivision",
                        "USCounty",
                        "StateOrCounty"
                    ],
                    "name": "Darlington County, South Carolina",
                    "dbpedia_resource": "http://dbpedia.org/resource/Darlington_County,_South_Carolina"
                }
            },
            {
                "count": 3,
                "sentiment": {
                    "score": 0.584753,
                    "label": "positive"
                },
                "text": "Public Health Laboratory",
                "relevance": 0.897584,
                "type": "Facility"
            },
            {
                "count": 1,
                "sentiment": {
                    "score": 0,
                    "label": "neutral"
                },
                "text": "South Carolina Department of Health and Environmental Control",
                "relevance": 0.895485,
                "type": "Organization",
                "disambiguation": {
                    "subtype": [],
                    "name": "South Carolina Department of Health and Environmental Control",
                    "dbpedia_resource": "http://dbpedia.org/resource/South_Carolina_Department_of_Health_and_Environmental_Control"
                }
            },
            {
                "count": 2,
                "sentiment": {
                    "score": -0.676374,
                    "label": "negative"
                },
                "text": "South Carolina",
                "relevance": 0.837145,
                "type": "Location",
                "disambiguation": {
                    "subtype": [
                        "PoliticalDistrict",
                        "AdministrativeDivision",
                        "GovernmentalJurisdiction",
                        "USState",
                        "StateOrCounty"
                    ],
                    "name": "South Carolina",
                    "dbpedia_resource": "http://dbpedia.org/resource/South_Carolina"
                }
            },
            {
                "count": 2,
                "sentiment": {
                    "score": 0,
                    "label": "neutral"
                },
                "text": "Darlington",
                "relevance": 0.814785,
                "type": "Location",
                "disambiguation": {
                    "subtype": [
                        "City"
                    ]
                }
            },
            {
                "count": 2,
                "sentiment": {
                    "score": 0.441018,
                    "label": "positive"
                },
                "text": "Florence",
                "relevance": 0.704144,
                "type": "Location",
                "disambiguation": {
                    "subtype": [
                        "City"
                    ],
                    "name": "Florence, South Carolina",
                    "dbpedia_resource": "http://dbpedia.org/resource/Florence,_South_Carolina"
                }
            },
            {
                "count": 2,
                "sentiment": {
                    "score": 0.395879,
                    "label": "positive"
                },
                "text": "Anderson",
                "relevance": 0.637957,
                "type": "Person"
            },
            {
                "count": 2,
                "sentiment": {
                    "score": 0,
                    "label": "neutral"
                },
                "text": "York",
                "relevance": 0.63522,
                "type": "Location",
                "disambiguation": {
                    "subtype": [
                        "City"
                    ],
                    "name": "Haldimand County",
                    "dbpedia_resource": "http://dbpedia.org/resource/Haldimand_County"
                }
            },
            {
                "count": 1,
                "sentiment": {
                    "score": 0,
                    "label": "neutral"
                },
                "text": "Darlington",
                "relevance": 0.629383,
                "type": "Location",
                "disambiguation": {
                    "subtype": [
                        "StateOrCounty"
                    ]
                }
            },
            {
                "count": 1,
                "sentiment": {
                    "score": 0,
                    "label": "neutral"
                },
                "text": "COLUMBIA",
                "relevance": 0.546748,
                "type": "Location",
                "disambiguation": {
                    "subtype": [
                        "MilitaryPost",
                        "PlaceWithNeighborhoods",
                        "City"
                    ],
                    "name": "Columbia, South Carolina",
                    "dbpedia_resource": "http://dbpedia.org/resource/Columbia,_South_Carolina"
                }
            },
            {
                "count": 1,
                "sentiment": {
                    "score": 0,
                    "label": "neutral"
                },
                "text": "Colleton",
                "relevance": 0.51979,
                "type": "Person"
            },
            {
                "count": 1,
                "sentiment": {
                    "score": -0.239094,
                    "label": "negative"
                },
                "text": "S.C.",
                "relevance": 0.476534,
                "type": "Location",
                "disambiguation": {
                    "subtype": [
                        "StateOrCounty"
                    ]
                }
            },
            {
                "count": 1,
                "sentiment": {
                    "score": 0,
                    "label": "neutral"
                },
                "text": "Chesterfield",
                "relevance": 0.46999,
                "type": "Location",
                "disambiguation": {
                    "subtype": [
                        "City"
                    ]
                }
            },
            {
                "count": 1,
                "sentiment": {
                    "score": 0,
                    "label": "neutral"
                },
                "text": "Aiken",
                "relevance": 0.454069,
                "type": "Person"
            },
            {
                "count": 1,
                "sentiment": {
                    "score": 0,
                    "label": "neutral"
                },
                "text": "Newberry",
                "relevance": 0.450363,
                "type": "Person"
            },
            {
                "count": 1,
                "sentiment": {
                    "score": 0,
                    "label": "neutral"
                },
                "text": "Spartanburg",
                "relevance": 0.443222,
                "type": "Location",
                "disambiguation": {
                    "subtype": [
                        "City"
                    ]
                }
            },
            {
                "count": 1,
                "sentiment": {
                    "score": 0,
                    "label": "neutral"
                },
                "text": "Horry",
                "relevance": 0.439329,
                "type": "Person"
            },
            {
                "count": 1,
                "sentiment": {
                    "score": 0,
                    "label": "neutral"
                },
                "text": "Georgetown",
                "relevance": 0.438698,
                "type": "Location",
                "disambiguation": {
                    "subtype": [
                        "City"
                    ]
                }
            },
            {
                "count": 1,
                "sentiment": {
                    "score": 0,
                    "label": "neutral"
                },
                "text": "Dillon",
                "relevance": 0.437037,
                "type": "Person"
            },
            {
                "count": 1,
                "sentiment": {
                    "score": 0.391593,
                    "label": "positive"
                },
                "text": "Jasper",
                "relevance": 0.436531,
                "type": "Person"
            },
            {
                "count": 1,
                "sentiment": {
                    "score": 0,
                    "label": "neutral"
                },
                "text": "Calhoun",
                "relevance": 0.435159,
                "type": "Person"
            },
            {
                "count": 1,
                "sentiment": {
                    "score": 0,
                    "label": "neutral"
                },
                "text": "Pickens",
                "relevance": 0.434823,
                "type": "Person"
            },
            {
                "count": 1,
                "sentiment": {
                    "score": 0.368212,
                    "label": "positive"
                },
                "text": "Chester",
                "relevance": 0.432092,
                "type": "Person"
            },
            {
                "count": 1,
                "sentiment": {
                    "score": 0,
                    "label": "neutral"
                },
                "text": "Kershaw",
                "relevance": 0.430251,
                "type": "Person"
            },
            {
                "count": 1,
                "sentiment": {
                    "score": 0,
                    "label": "neutral"
                },
                "text": "Richland",
                "relevance": 0.425787,
                "type": "Location",
                "disambiguation": {
                    "subtype": [
                        "StateOrCounty"
                    ]
                }
            },
            {
                "count": 1,
                "sentiment": {
                    "score": 0.456177,
                    "label": "positive"
                },
                "text": "Greenwood",
                "relevance": 0.422573,
                "type": "Person"
            },
            {
                "count": 1,
                "sentiment": {
                    "score": 0.373362,
                    "label": "positive"
                },
                "text": "Williamsburg",
                "relevance": 0.422113,
                "type": "Location",
                "disambiguation": {
                    "subtype": [
                        "City"
                    ]
                }
            },
            {
                "count": 1,
                "sentiment": {
                    "score": 0.31324,
                    "label": "positive"
                },
                "text": "Berkeley",
                "relevance": 0.421543,
                "type": "Location",
                "disambiguation": {
                    "subtype": [
                        "City"
                    ]
                }
            },
            {
                "count": 1,
                "sentiment": {
                    "score": 0,
                    "label": "neutral"
                },
                "text": "Greenville",
                "relevance": 0.419106,
                "type": "Location",
                "disambiguation": {
                    "subtype": [
                        "City"
                    ]
                }
            },
            {
                "count": 1,
                "sentiment": {
                    "score": 0,
                    "label": "neutral"
                },
                "text": "Marion",
                "relevance": 0.412513,
                "type": "Person"
            },
            {
                "count": 1,
                "sentiment": {
                    "score": 0.349845,
                    "label": "positive"
                },
                "text": "Lancaster",
                "relevance": 0.410484,
                "type": "Location",
                "disambiguation": {
                    "subtype": [
                        "City"
                    ]
                }
            },
            {
                "count": 1,
                "sentiment": {
                    "score": 0,
                    "label": "neutral"
                },
                "text": "Lee",
                "relevance": 0.40392,
                "type": "Person"
            },
            {
                "count": 1,
                "sentiment": {
                    "score": 0,
                    "label": "neutral"
                },
                "text": "seven days",
                "relevance": 0.40392,
                "type": "Quantity"
            },
            {
                "count": 1,
                "sentiment": {
                    "score": 0,
                    "label": "neutral"
                },
                "text": "three days",
                "relevance": 0.40392,
                "type": "Quantity"
            },
            {
                "count": 1,
                "sentiment": {
                    "score": 0,
                    "label": "neutral"
                },
                "text": "three-day",
                "relevance": 0.40392,
                "type": "Quantity"
            },
            {
                "count": 1,
                "sentiment": {
                    "score": 0,
                    "label": "neutral"
                },
                "text": "48 hours",
                "relevance": 0.40392,
                "type": "Quantity"
            },
            {
                "count": 1,
                "sentiment": {
                    "score": 0,
                    "label": "neutral"
                },
                "text": "63.35%",
                "relevance": 0.40392,
                "type": "Quantity"
            }
        ],
        "semantic_roles": [
            {
                "subject": {
                    "text": "This"
                },
                "sentence": " This brings the total number of people confirmed to have COVID-19 in South",
                "object": {
                    "text": "the total number of people"
                },
                "action": {
                    "verb": {
                        "text": "bring",
                        "tense": "present"
                    },
                    "text": "brings",
                    "normalized": "bring"
                }
            },
            {
                "subject": {
                    "text": "people"
                },
                "sentence": " This brings the total number of people confirmed to have COVID-19 in South",
                "object": {
                    "text": "COVID-19 in South"
                },
                "action": {
                    "verb": {
                        "text": "have",
                        "tense": "future"
                    },
                    "text": "confirmed to have",
                    "normalized": "confirm to have"
                }
            },
            {
                "subject": {
                    "text": "those"
                },
                "sentence": " Carolina to 11,861 and those who have died to 494.",
                "object": {
                    "text": "to 494"
                },
                "action": {
                    "verb": {
                        "text": "die",
                        "tense": "past"
                    },
                    "text": "have died",
                    "normalized": "have die"
                }
            },
            {
                "subject": {
                    "text": "Eleven cases"
                },
                "sentence": " Eleven cases were reported Sunday in both Florence and Darlington counties.",
                "object": {
                    "text": "reported Sunday in both Florence and Darlington counties"
                },
                "action": {
                    "verb": {
                        "text": "be",
                        "tense": "past"
                    },
                    "text": "were",
                    "normalized": "be"
                }
            },
            {
                "subject": {
                    "text": "Eleven cases"
                },
                "sentence": " Eleven cases were reported Sunday in both Florence and Darlington counties.",
                "action": {
                    "verb": {
                        "text": "report",
                        "tense": "past"
                    },
                    "text": "were reported",
                    "normalized": "be report"
                }
            },
            {
                "subject": {
                    "text": "death"
                },
                "sentence": " death was reported in Darlington County, bringing the total there to 10.",
                "action": {
                    "verb": {
                        "text": "report",
                        "tense": "past"
                    },
                    "text": "was reported",
                    "normalized": "be report"
                }
            },
            {
                "subject": {
                    "text": "the total"
                },
                "sentence": " death was reported in Darlington County, bringing the total there to 10.",
                "action": {
                    "verb": {
                        "text": "bring",
                        "tense": "present"
                    },
                    "text": "bringing",
                    "normalized": "bring"
                }
            },
            {
                "subject": {
                    "text": "331 positive tests"
                },
                "sentence": " On Friday, 331 positive tests were reported.",
                "action": {
                    "verb": {
                        "text": "report",
                        "tense": "past"
                    },
                    "text": "were reported",
                    "normalized": "be report"
                }
            },
            {
                "subject": {
                    "text": "that"
                },
                "sentence": " At the time, that was a single-",
                "object": {
                    "text": "a single-"
                },
                "action": {
                    "verb": {
                        "text": "be",
                        "tense": "past"
                    },
                    "text": "was",
                    "normalized": "be"
                }
            },
            {
                "subject": {
                    "text": "the total"
                },
                "sentence": " updated with 154 more cases, bringing the total to 420.",
                "object": {
                    "text": "to 420"
                },
                "action": {
                    "verb": {
                        "text": "bring",
                        "tense": "present"
                    },
                    "text": "bringing",
                    "normalized": "bring"
                }
            },
            {
                "subject": {
                    "text": "That"
                },
                "sentence": " That's a three-day total of 1,063 cases.",
                "object": {
                    "text": "a three-day total of 1,063 cases"
                },
                "action": {
                    "verb": {
                        "text": "has",
                        "tense": "present"
                    },
                    "text": "has",
                    "normalized": "has"
                }
            },
            {
                "subject": {
                    "text": "All seven deaths"
                },
                "sentence": " All seven deaths that were reported Sunday occurred in elderly individuals",
                "object": {
                    "text": "reported Sunday occurred in elderly individuals"
                },
                "action": {
                    "verb": {
                        "text": "be",
                        "tense": "past"
                    },
                    "text": "were",
                    "normalized": "be"
                }
            },
            {
                "subject": {
                    "text": "All seven deaths"
                },
                "sentence": " All seven deaths that were reported Sunday occurred in elderly individuals",
                "action": {
                    "verb": {
                        "text": "report",
                        "tense": "past"
                    },
                    "text": "were reported",
                    "normalized": "be report"
                }
            },
            {
                "subject": {
                    "text": "All seven deaths that were reported Sunday"
                },
                "sentence": " All seven deaths that were reported Sunday occurred in elderly individuals",
                "action": {
                    "verb": {
                        "text": "occur",
                        "tense": "past"
                    },
                    "text": "occurred",
                    "normalized": "occur"
                }
            },
            {
                "subject": {
                    "text": "a total of 206,247 tests"
                },
                "sentence": " As of Saturday, a total of 206,247 tests have been conducted in the state (by",
                "object": {
                    "text": "conducted in the state"
                },
                "action": {
                    "verb": {
                        "text": "be",
                        "tense": "past"
                    },
                    "text": "been",
                    "normalized": "be"
                }
            },
            {
                "subject": {
                    "text": "a total of 206,247 tests"
                },
                "sentence": " As of Saturday, a total of 206,247 tests have been conducted in the state (by",
                "action": {
                    "verb": {
                        "text": "conduct",
                        "tense": "past"
                    },
                    "text": "have been conducted",
                    "normalized": "have be conduct"
                }
            },
            {
                "subject": {
                    "text": "Laboratory"
                },
                "sentence": " Laboratory is operating extended hours and is testing specimens seven days a",
                "object": {
                    "text": "operating extended hours"
                },
                "action": {
                    "verb": {
                        "text": "be",
                        "tense": "present"
                    },
                    "text": "is",
                    "normalized": "be"
                }
            },
            {
                "subject": {
                    "text": "Laboratory"
                },
                "sentence": " Laboratory is operating extended hours and is testing specimens seven days a",
                "object": {
                    "text": "testing specimens"
                },
                "action": {
                    "verb": {
                        "text": "be",
                        "tense": "present"
                    },
                    "text": "is",
                    "normalized": "be"
                }
            },
            {
                "subject": {
                    "text": "specimens"
                },
                "sentence": " Laboratory is operating extended hours and is testing specimens seven days a",
                "action": {
                    "verb": {
                        "text": "test",
                        "tense": "present"
                    },
                    "text": "is testing",
                    "normalized": "be test"
                }
            },
            {
                "subject": {
                    "text": "week. The Public Health Laboratory"
                },
                "sentence": " week. The Public Health Laboratory's current timeframe for providing results",
                "object": {
                    "text": "results"
                },
                "action": {
                    "verb": {
                        "text": "provide",
                        "tense": "present"
                    },
                    "text": "providing",
                    "normalized": "provide"
                }
            },
            {
                "subject": {
                    "text": "health care providers"
                },
                "sentence": " to health care providers is 24 to 48 hours.",
                "object": {
                    "text": "24 to 48 hours"
                },
                "action": {
                    "verb": {
                        "text": "be",
                        "tense": "present"
                    },
                    "text": "is",
                    "normalized": "be"
                }
            },
            {
                "subject": {
                    "text": "3,798 inpatient hospital beds"
                },
                "sentence": " As of Sunday morning, 3,798 inpatient hospital beds were available and 6,566",
                "object": {
                    "text": "available and 6,566"
                },
                "action": {
                    "verb": {
                        "text": "be",
                        "tense": "past"
                    },
                    "text": "were",
                    "normalized": "be"
                }
            },
            {
                "subject": {
                    "text": "6,566 inpatient beds"
                },
                "sentence": " 6,566 inpatient beds currently used, 402 are occupied by patients who have",
                "action": {
                    "verb": {
                        "text": "use",
                        "tense": "past"
                    },
                    "text": "used",
                    "normalized": "use"
                }
            },
            {
                "subject": {
                    "text": "by patients who have"
                },
                "sentence": " 6,566 inpatient beds currently used, 402 are occupied by patients who have",
                "object": {
                    "text": "6,566 inpatient beds currently used, 402"
                },
                "action": {
                    "verb": {
                        "text": "occupy",
                        "tense": "past"
                    },
                    "text": "are occupied",
                    "normalized": "be occupy"
                }
            },
            {
                "subject": {
                    "text": "either"
                },
                "sentence": " either tested positive or are under investigation for COVID-19.",
                "object": {
                    "text": "positive"
                },
                "action": {
                    "verb": {
                        "text": "test",
                        "tense": "past"
                    },
                    "text": "tested",
                    "normalized": "test"
                }
            }
        ],
        "categories": [
            {
                "score": 0.843864,
                "label": "/health and fitness/disease/epidemic"
            },
            {
                "score": 0.775552,
                "label": "/health and fitness/disease/cold and flu"
            },
            {
                "score": 0.734437,
                "label": "/health and fitness/men's health"
            }
        ],
        "relations": [
            {
                "type": "locatedAt",
                "sentence": "COLUMBIA, S.C. \u0096 More than 1,000 new cases of coronavirus have been reported in the past three days in South Carolina.",
                "score": 0.890362,
                "arguments": [
                    {
                        "text": "COLUMBIA",
                        "location": [
                            0,
                            8
                        ],
                        "entities": [
                            {
                                "type": "GeopoliticalEntity",
                                "text": "COLUMBIA"
                            }
                        ]
                    },
                    {
                        "text": "S.C.",
                        "location": [
                            10,
                            14
                        ],
                        "entities": [
                            {
                                "type": "GeopoliticalEntity",
                                "text": "South Carolina"
                            }
                        ]
                    }
                ]
            },
            {
                "type": "locatedAt",
                "sentence": "A death was reported in Darlington County, bringing the total there to 10.",
                "score": 0.752526,
                "arguments": [
                    {
                        "text": "reported",
                        "location": [
                            485,
                            493
                        ],
                        "entities": [
                            {
                                "type": "EventCommunication",
                                "text": "reported"
                            }
                        ]
                    },
                    {
                        "text": "Darlington County",
                        "location": [
                            497,
                            514
                        ],
                        "entities": [
                            {
                                "type": "GeopoliticalEntity",
                                "text": "Darlington County"
                            }
                        ]
                    }
                ]
            },
            {
                "type": "timeOf",
                "sentence": "Inititally on Saturday, 266 cases were reported, but on Sunday that number was updated with 154 more cases, bringing the total to 420.",
                "score": 0.493209,
                "arguments": [
                    {
                        "text": "Saturday",
                        "location": [
                            651,
                            659
                        ],
                        "entities": [
                            {
                                "type": "Date",
                                "text": "Saturday"
                            }
                        ]
                    },
                    {
                        "text": "cases",
                        "location": [
                            665,
                            670
                        ],
                        "entities": [
                            {
                                "type": "EventLegal",
                                "text": "cases"
                            }
                        ]
                    }
                ]
            },
            {
                "type": "timeOf",
                "sentence": "Inititally on Saturday, 266 cases were reported, but on Sunday that number was updated with 154 more cases, bringing the total to 420.",
                "score": 0.745261,
                "arguments": [
                    {
                        "text": "Sunday",
                        "location": [
                            693,
                            699
                        ],
                        "entities": [
                            {
                                "type": "Date",
                                "text": "Sunday"
                            }
                        ]
                    },
                    {
                        "text": "cases",
                        "location": [
                            665,
                            670
                        ],
                        "entities": [
                            {
                                "type": "EventLegal",
                                "text": "cases"
                            }
                        ]
                    }
                ]
            },
            {
                "type": "timeOf",
                "sentence": "Inititally on Saturday, 266 cases were reported, but on Sunday that number was updated with 154 more cases, bringing the total to 420.",
                "score": 0.932024,
                "arguments": [
                    {
                        "text": "Sunday",
                        "location": [
                            693,
                            699
                        ],
                        "entities": [
                            {
                                "type": "Date",
                                "text": "Sunday"
                            }
                        ]
                    },
                    {
                        "text": "reported",
                        "location": [
                            676,
                            684
                        ],
                        "entities": [
                            {
                                "type": "EventCommunication",
                                "text": "reported"
                            }
                        ]
                    }
                ]
            },
            {
                "type": "timeOf",
                "sentence": "All seven deaths that were reported Sunday occurred in elderly individuals from Anderson (1), Chester (1), Colleton (1), Darlington (1), Hampton (1), Marlboro (1) and York (1) counties.",
                "score": 0.992452,
                "arguments": [
                    {
                        "text": "Sunday",
                        "location": [
                            851,
                            857
                        ],
                        "entities": [
                            {
                                "type": "Date",
                                "text": "Sunday"
                            }
                        ]
                    },
                    {
                        "text": "reported",
                        "location": [
                            842,
                            850
                        ],
                        "entities": [
                            {
                                "type": "EventCommunication",
                                "text": "reported"
                            }
                        ]
                    }
                ]
            },
            {
                "type": "residesIn",
                "sentence": "All seven deaths that were reported Sunday occurred in elderly individuals from Anderson (1), Chester (1), Colleton (1), Darlington (1), Hampton (1), Marlboro (1) and York (1) counties.",
                "score": 0.559162,
                "arguments": [
                    {
                        "text": "individuals",
                        "location": [
                            878,
                            889
                        ],
                        "entities": [
                            {
                                "type": "Person",
                                "text": "individuals"
                            }
                        ]
                    },
                    {
                        "text": "Anderson",
                        "location": [
                            895,
                            903
                        ],
                        "entities": [
                            {
                                "type": "GeopoliticalEntity",
                                "text": "Anderson"
                            }
                        ]
                    }
                ]
            },
            {
                "type": "populationOf",
                "sentence": "All seven deaths that were reported Sunday occurred in elderly individuals from Anderson (1), Chester (1), Colleton (1), Darlington (1), Hampton (1), Marlboro (1) and York (1) counties.",
                "score": 0.463154,
                "arguments": [
                    {
                        "text": "1",
                        "location": [
                            918,
                            919
                        ],
                        "entities": [
                            {
                                "type": "Cardinal",
                                "text": "1"
                            }
                        ]
                    },
                    {
                        "text": "Chester",
                        "location": [
                            909,
                            916
                        ],
                        "entities": [
                            {
                                "type": "GeopoliticalEntity",
                                "text": "Chesterfield"
                            }
                        ]
                    }
                ]
            },
            {
                "type": "residesIn",
                "sentence": "All seven deaths that were reported Sunday occurred in elderly individuals from Anderson (1), Chester (1), Colleton (1), Darlington (1), Hampton (1), Marlboro (1) and York (1) counties.",
                "score": 0.741437,
                "arguments": [
                    {
                        "text": "Colleton",
                        "location": [
                            922,
                            930
                        ],
                        "entities": [
                            {
                                "type": "Person",
                                "text": "Colleton"
                            }
                        ]
                    },
                    {
                        "text": "Darlington",
                        "location": [
                            936,
                            946
                        ],
                        "entities": [
                            {
                                "type": "GeopoliticalEntity",
                                "text": "Darlington County"
                            }
                        ]
                    }
                ]
            },
            {
                "type": "residesIn",
                "sentence": "Abbeville (2), Aiken (2), Anderson (4), Beaufort (9), Berkeley (2), Calhoun (1), Charleston (12), Cherokee (3), Chesterfield (15), Colleton (4), Darlington (11), Dillon (3), Dorchester (2), Fairfield (2), Florence (11), Georgetown (1), Greenville (89), Greenwood (7), Hampton (1), Horry (15), Jasper (1), Kershaw (3), Lancaster (3), Lee (2), Lexington (11), Marion (1), Marlboro (10), Newberry (1), Orangeburg (9), Pickens (8),",
                "score": 0.590204,
                "arguments": [
                    {
                        "text": "Colleton",
                        "location": [
                            1169,
                            1177
                        ],
                        "entities": [
                            {
                                "type": "Person",
                                "text": "Colleton"
                            }
                        ]
                    },
                    {
                        "text": "Darlington",
                        "location": [
                            1183,
                            1193
                        ],
                        "entities": [
                            {
                                "type": "GeopoliticalEntity",
                                "text": "Darlington County"
                            }
                        ]
                    }
                ]
            },
            {
                "type": "populationOf",
                "sentence": "All seven deaths that were reported Sunday occurred in elderly individuals from Anderson (1), Chester (1), Colleton (1), Darlington (1), Hampton (1), Marlboro (1) and York (1) counties.",
                "score": 0.455786,
                "arguments": [
                    {
                        "text": "1",
                        "location": [
                            948,
                            949
                        ],
                        "entities": [
                            {
                                "type": "Cardinal",
                                "text": "1"
                            }
                        ]
                    },
                    {
                        "text": "Darlington",
                        "location": [
                            936,
                            946
                        ],
                        "entities": [
                            {
                                "type": "GeopoliticalEntity",
                                "text": "Darlington County"
                            }
                        ]
                    }
                ]
            },
            {
                "type": "populationOf",
                "sentence": "All seven deaths that were reported Sunday occurred in elderly individuals from Anderson (1), Chester (1), Colleton (1), Darlington (1), Hampton (1), Marlboro (1) and York (1) counties.",
                "score": 0.455786,
                "arguments": [
                    {
                        "text": "1",
                        "location": [
                            961,
                            962
                        ],
                        "entities": [
                            {
                                "type": "Cardinal",
                                "text": "1"
                            }
                        ]
                    },
                    {
                        "text": "Hampton",
                        "location": [
                            952,
                            959
                        ],
                        "entities": [
                            {
                                "type": "GeopoliticalEntity",
                                "text": "Hampton"
                            }
                        ]
                    }
                ]
            },
            {
                "type": "basedIn",
                "sentence": "On Sunday, the South Carolina Department of Health and Environmental Control announced 312 additional cases of COVID-19 and seven additional deaths.",
                "score": 0.794833,
                "arguments": [
                    {
                        "text": "Department of Health and Environmental Control",
                        "location": [
                            150,
                            196
                        ],
                        "entities": [
                            {
                                "type": "Organization",
                                "text": "Department of Health and Environmental Control"
                            }
                        ]
                    },
                    {
                        "text": "South Carolina",
                        "location": [
                            135,
                            149
                        ],
                        "entities": [
                            {
                                "type": "GeopoliticalEntity",
                                "text": "South Carolina"
                            }
                        ]
                    }
                ]
            },
            {
                "type": "locatedAt",
                "sentence": "All seven deaths that were reported Sunday occurred in elderly individuals from Anderson (1), Chester (1), Colleton (1), Darlington (1), Hampton (1), Marlboro (1) and York (1) counties.",
                "score": 0.368408,
                "arguments": [
                    {
                        "text": "York",
                        "location": [
                            982,
                            986
                        ],
                        "entities": [
                            {
                                "type": "GeopoliticalEntity",
                                "text": "York"
                            }
                        ]
                    },
                    {
                        "text": "counties",
                        "location": [
                            991,
                            999
                        ],
                        "entities": [
                            {
                                "type": "GeopoliticalEntity",
                                "text": "counties"
                            }
                        ]
                    }
                ]
            },
            {
                "type": "populationOf",
                "sentence": "Abbeville (2), Aiken (2), Anderson (4), Beaufort (9), Berkeley (2), Calhoun (1), Charleston (12), Cherokee (3), Chesterfield (15), Colleton (4), Darlington (11), Dillon (3), Dorchester (2), Fairfield (2), Florence (11), Georgetown (1), Greenville (89), Greenwood (7), Hampton (1), Horry (15), Jasper (1), Kershaw (3), Lancaster (3), Lee (2), Lexington (11), Marion (1), Marlboro (10), Newberry (1), Orangeburg (9), Pickens (8),",
                "score": 0.481254,
                "arguments": [
                    {
                        "text": "2",
                        "location": [
                            1049,
                            1050
                        ],
                        "entities": [
                            {
                                "type": "Cardinal",
                                "text": "2"
                            }
                        ]
                    },
                    {
                        "text": "Abbeville",
                        "location": [
                            1038,
                            1047
                        ],
                        "entities": [
                            {
                                "type": "GeopoliticalEntity",
                                "text": "Abbeville"
                            }
                        ]
                    }
                ]
            },
            {
                "type": "locatedAt",
                "sentence": "Abbeville (2), Aiken (2), Anderson (4), Beaufort (9), Berkeley (2), Calhoun (1), Charleston (12), Cherokee (3), Chesterfield (15), Colleton (4), Darlington (11), Dillon (3), Dorchester (2), Fairfield (2), Florence (11), Georgetown (1), Greenville (89), Greenwood (7), Hampton (1), Horry (15), Jasper (1), Kershaw (3), Lancaster (3), Lee (2), Lexington (11), Marion (1), Marlboro (10), Newberry (1), Orangeburg (9), Pickens (8),",
                "score": 0.45157,
                "arguments": [
                    {
                        "text": "Abbeville",
                        "location": [
                            1038,
                            1047
                        ],
                        "entities": [
                            {
                                "type": "GeopoliticalEntity",
                                "text": "Abbeville"
                            }
                        ]
                    },
                    {
                        "text": "Aiken",
                        "location": [
                            1053,
                            1058
                        ],
                        "entities": [
                            {
                                "type": "GeopoliticalEntity",
                                "text": "Aiken"
                            }
                        ]
                    }
                ]
            },
            {
                "type": "locatedAt",
                "sentence": "Abbeville (2), Aiken (2), Anderson (4), Beaufort (9), Berkeley (2), Calhoun (1), Charleston (12), Cherokee (3), Chesterfield (15), Colleton (4), Darlington (11), Dillon (3), Dorchester (2), Fairfield (2), Florence (11), Georgetown (1), Greenville (89), Greenwood (7), Hampton (1), Horry (15), Jasper (1), Kershaw (3), Lancaster (3), Lee (2), Lexington (11), Marion (1), Marlboro (10), Newberry (1), Orangeburg (9), Pickens (8),",
                "score": 0.597701,
                "arguments": [
                    {
                        "text": "Greenwood",
                        "location": [
                            1291,
                            1300
                        ],
                        "entities": [
                            {
                                "type": "GeopoliticalEntity",
                                "text": "Greenwood"
                            }
                        ]
                    },
                    {
                        "text": "Hampton",
                        "location": [
                            1306,
                            1313
                        ],
                        "entities": [
                            {
                                "type": "GeopoliticalEntity",
                                "text": "Hampton"
                            }
                        ]
                    }
                ]
            },
            {
                "type": "hasAttribute",
                "sentence": "Abbeville (2), Aiken (2), Anderson (4), Beaufort (9), Berkeley (2), Calhoun (1), Charleston (12), Cherokee (3), Chesterfield (15), Colleton (4), Darlington (11), Dillon (3), Dorchester (2), Fairfield (2), Florence (11), Georgetown (1), Greenville (89), Greenwood (7), Hampton (1), Horry (15), Jasper (1), Kershaw (3), Lancaster (3), Lee (2), Lexington (11), Marion (1), Marlboro (10), Newberry (1), Orangeburg (9), Pickens (8),",
                "score": 0.988787,
                "arguments": [
                    {
                        "text": "Horry",
                        "location": [
                            1319,
                            1324
                        ],
                        "entities": [
                            {
                                "type": "Person",
                                "text": "Horry"
                            }
                        ]
                    },
                    {
                        "text": "15",
                        "location": [
                            1326,
                            1328
                        ],
                        "entities": [
                            {
                                "type": "Age",
                                "text": "15"
                            }
                        ]
                    }
                ]
            },
            {
                "type": "residesIn",
                "sentence": "Abbeville (2), Aiken (2), Anderson (4), Beaufort (9), Berkeley (2), Calhoun (1), Charleston (12), Cherokee (3), Chesterfield (15), Colleton (4), Darlington (11), Dillon (3), Dorchester (2), Fairfield (2), Florence (11), Georgetown (1), Greenville (89), Greenwood (7), Hampton (1), Horry (15), Jasper (1), Kershaw (3), Lancaster (3), Lee (2), Lexington (11), Marion (1), Marlboro (10), Newberry (1), Orangeburg (9), Pickens (8),",
                "score": 0.673639,
                "arguments": [
                    {
                        "text": "Horry",
                        "location": [
                            1319,
                            1324
                        ],
                        "entities": [
                            {
                                "type": "Person",
                                "text": "Horry"
                            }
                        ]
                    },
                    {
                        "text": "Jasper",
                        "location": [
                            1331,
                            1337
                        ],
                        "entities": [
                            {
                                "type": "GeopoliticalEntity",
                                "text": "Jasper"
                            }
                        ]
                    }
                ]
            },
            {
                "type": "residesIn",
                "sentence": "Abbeville (2), Aiken (2), Anderson (4), Beaufort (9), Berkeley (2), Calhoun (1), Charleston (12), Cherokee (3), Chesterfield (15), Colleton (4), Darlington (11), Dillon (3), Dorchester (2), Fairfield (2), Florence (11), Georgetown (1), Greenville (89), Greenwood (7), Hampton (1), Horry (15), Jasper (1), Kershaw (3), Lancaster (3), Lee (2), Lexington (11), Marion (1), Marlboro (10), Newberry (1), Orangeburg (9), Pickens (8),",
                "score": 0.70659,
                "arguments": [
                    {
                        "text": "Kershaw",
                        "location": [
                            1343,
                            1350
                        ],
                        "entities": [
                            {
                                "type": "Person",
                                "text": "Kershaw"
                            }
                        ]
                    },
                    {
                        "text": "Lancaster",
                        "location": [
                            1356,
                            1365
                        ],
                        "entities": [
                            {
                                "type": "GeopoliticalEntity",
                                "text": "Lancaster"
                            }
                        ]
                    }
                ]
            },
            {
                "type": "residesIn",
                "sentence": "Abbeville (2), Aiken (2), Anderson (4), Beaufort (9), Berkeley (2), Calhoun (1), Charleston (12), Cherokee (3), Chesterfield (15), Colleton (4), Darlington (11), Dillon (3), Dorchester (2), Fairfield (2), Florence (11), Georgetown (1), Greenville (89), Greenwood (7), Hampton (1), Horry (15), Jasper (1), Kershaw (3), Lancaster (3), Lee (2), Lexington (11), Marion (1), Marlboro (10), Newberry (1), Orangeburg (9), Pickens (8),",
                "score": 0.540405,
                "arguments": [
                    {
                        "text": "Lee",
                        "location": [
                            1371,
                            1374
                        ],
                        "entities": [
                            {
                                "type": "Person",
                                "text": "Lee"
                            }
                        ]
                    },
                    {
                        "text": "Lexington",
                        "location": [
                            1380,
                            1389
                        ],
                        "entities": [
                            {
                                "type": "GeopoliticalEntity",
                                "text": "Lexington"
                            }
                        ]
                    }
                ]
            },
            {
                "type": "populationOf",
                "sentence": "Abbeville (2), Aiken (2), Anderson (4), Beaufort (9), Berkeley (2), Calhoun (1), Charleston (12), Cherokee (3), Chesterfield (15), Colleton (4), Darlington (11), Dillon (3), Dorchester (2), Fairfield (2), Florence (11), Georgetown (1), Greenville (89), Greenwood (7), Hampton (1), Horry (15), Jasper (1), Kershaw (3), Lancaster (3), Lee (2), Lexington (11), Marion (1), Marlboro (10), Newberry (1), Orangeburg (9), Pickens (8),",
                "score": 0.458077,
                "arguments": [
                    {
                        "text": "8",
                        "location": [
                            1462,
                            1463
                        ],
                        "entities": [
                            {
                                "type": "Cardinal",
                                "text": "8"
                            }
                        ]
                    },
                    {
                        "text": "Pickens",
                        "location": [
                            1453,
                            1460
                        ],
                        "entities": [
                            {
                                "type": "GeopoliticalEntity",
                                "text": "Pickens"
                            }
                        ]
                    }
                ]
            },
            {
                "type": "locatedAt",
                "sentence": "Richland (28), Spartanburg (23), Sumter (6), Williamsburg (3) and York (7)",
                "score": 0.460235,
                "arguments": [
                    {
                        "text": "Richland",
                        "location": [
                            1466,
                            1474
                        ],
                        "entities": [
                            {
                                "type": "GeopoliticalEntity",
                                "text": "Richland"
                            }
                        ]
                    },
                    {
                        "text": "Spartanburg",
                        "location": [
                            1481,
                            1492
                        ],
                        "entities": [
                            {
                                "type": "GeopoliticalEntity",
                                "text": "Spartanburg"
                            }
                        ]
                    }
                ]
            },
            {
                "type": "agentOf",
                "sentence": "On Sunday, the South Carolina Department of Health and Environmental Control announced 312 additional cases of COVID-19 and seven additional deaths.",
                "score": 0.981535,
                "arguments": [
                    {
                        "text": "Department of Health and Environmental Control",
                        "location": [
                            150,
                            196
                        ],
                        "entities": [
                            {
                                "type": "Organization",
                                "text": "Department of Health and Environmental Control"
                            }
                        ]
                    },
                    {
                        "text": "announced",
                        "location": [
                            197,
                            206
                        ],
                        "entities": [
                            {
                                "type": "EventCommunication",
                                "text": "announced"
                            }
                        ]
                    }
                ]
            },
            {
                "type": "basedIn",
                "sentence": "As of Saturday, a total of 206,247 tests have been conducted in the state (by both DHEC's Public Health Laboratory and private labs).",
                "score": 0.482009,
                "arguments": [
                    {
                        "text": "DHEC's Public Health Laboratory",
                        "location": [
                            1625,
                            1656
                        ],
                        "entities": [
                            {
                                "type": "Organization",
                                "text": "DHEC's Public Health Laboratory"
                            }
                        ]
                    },
                    {
                        "text": "state",
                        "location": [
                            1610,
                            1615
                        ],
                        "entities": [
                            {
                                "type": "GeopoliticalEntity",
                                "text": "state"
                            }
                        ]
                    }
                ]
            },
            {
                "type": "timeOf",
                "sentence": "Of the 6,566 inpatient beds currently used, 402 are occupied by patients who have either tested positive or are under investigation for COVID-19.",
                "score": 0.970807,
                "arguments": [
                    {
                        "text": "COVID-19",
                        "location": [
                            2180,
                            2188
                        ],
                        "entities": [
                            {
                                "type": "Date",
                                "text": "COVID-19"
                            }
                        ]
                    },
                    {
                        "text": "investigation",
                        "location": [
                            2162,
                            2175
                        ],
                        "entities": [
                            {
                                "type": "EventLegal",
                                "text": "investigation"
                            }
                        ]
                    }
                ]
            },
            {
                "type": "timeOf",
                "sentence": "On Sunday, the South Carolina Department of Health and Environmental Control announced 312 additional cases of COVID-19 and seven additional deaths.",
                "score": 0.712594,
                "arguments": [
                    {
                        "text": "COVID-19",
                        "location": [
                            231,
                            239
                        ],
                        "entities": [
                            {
                                "type": "Date",
                                "text": "COVID-19"
                            }
                        ]
                    },
                    {
                        "text": "announced",
                        "location": [
                            197,
                            206
                        ],
                        "entities": [
                            {
                                "type": "EventCommunication",
                                "text": "announced"
                            }
                        ]
                    }
                ]
            },
            {
                "type": "agentOf",
                "sentence": "Eleven cases were reported Sunday in both Florence and Darlington counties.",
                "score": 0.901447,
                "arguments": [
                    {
                        "text": "Eleven",
                        "location": [
                            397,
                            403
                        ],
                        "entities": [
                            {
                                "type": "GeopoliticalEntity",
                                "text": "Eleven"
                            }
                        ]
                    },
                    {
                        "text": "cases",
                        "location": [
                            404,
                            409
                        ],
                        "entities": [
                            {
                                "type": "EventLegal",
                                "text": "cases"
                            }
                        ]
                    }
                ]
            },
            {
                "type": "timeOf",
                "sentence": "Eleven cases were reported Sunday in both Florence and Darlington counties.",
                "score": 0.682851,
                "arguments": [
                    {
                        "text": "Sunday",
                        "location": [
                            424,
                            430
                        ],
                        "entities": [
                            {
                                "type": "Date",
                                "text": "Sunday"
                            }
                        ]
                    },
                    {
                        "text": "cases",
                        "location": [
                            404,
                            409
                        ],
                        "entities": [
                            {
                                "type": "EventLegal",
                                "text": "cases"
                            }
                        ]
                    }
                ]
            },
            {
                "type": "timeOf",
                "sentence": "Eleven cases were reported Sunday in both Florence and Darlington counties.",
                "score": 0.982622,
                "arguments": [
                    {
                        "text": "Sunday",
                        "location": [
                            424,
                            430
                        ],
                        "entities": [
                            {
                                "type": "Date",
                                "text": "Sunday"
                            }
                        ]
                    },
                    {
                        "text": "reported",
                        "location": [
                            415,
                            423
                        ],
                        "entities": [
                            {
                                "type": "EventCommunication",
                                "text": "reported"
                            }
                        ]
                    }
                ]
            },
            {
                "type": "partOfMany",
                "sentence": "Eleven cases were reported Sunday in both Florence and Darlington counties.",
                "score": 0.826712,
                "arguments": [
                    {
                        "text": "Florence",
                        "location": [
                            439,
                            447
                        ],
                        "entities": [
                            {
                                "type": "GeopoliticalEntity",
                                "text": "Florence"
                            }
                        ]
                    },
                    {
                        "text": "counties",
                        "location": [
                            463,
                            471
                        ],
                        "entities": [
                            {
                                "type": "GeopoliticalEntity",
                                "text": "counties"
                            }
                        ]
                    }
                ]
            },
            {
                "type": "partOfMany",
                "sentence": "Eleven cases were reported Sunday in both Florence and Darlington counties.",
                "score": 0.654483,
                "arguments": [
                    {
                        "text": "Darlington",
                        "location": [
                            452,
                            462
                        ],
                        "entities": [
                            {
                                "type": "GeopoliticalEntity",
                                "text": "Darlington County"
                            }
                        ]
                    },
                    {
                        "text": "counties",
                        "location": [
                            463,
                            471
                        ],
                        "entities": [
                            {
                                "type": "GeopoliticalEntity",
                                "text": "counties"
                            }
                        ]
                    }
                ]
            }
        ],
        "keywords": [
            {
                "text": "DHEC's Public Health Laboratory",
                "relevance": 0.775041,
                "count": 1
            },
            {
                "text": "new cases of coronavirus",
                "relevance": 0.717986,
                "count": 1
            },
            {
                "text": "South Carolina Department of Health",
                "relevance": 0.657856,
                "count": 1
            },
            {
                "text": "additional cases of COVID-19",
                "relevance": 0.651013,
                "count": 1
            },
            {
                "text": "inpatient hospital beds",
                "relevance": 0.633181,
                "count": 1
            },
            {
                "text": "South Carolina",
                "relevance": 0.623042,
                "count": 1
            },
            {
                "text": "Sunday morning",
                "relevance": 0.618343,
                "count": 1
            },
            {
                "text": "total number of people",
                "relevance": 0.616707,
                "count": 1
            },
            {
                "text": "Public Health Laboratory's current timeframe",
                "relevance": 0.602664,
                "count": 1
            },
            {
                "text": "additional deaths",
                "relevance": 0.601854,
                "count": 1
            },
            {
                "text": "positive tests",
                "relevance": 0.590035,
                "count": 1
            },
            {
                "text": "Darlington counties",
                "relevance": 0.587258,
                "count": 1
            },
            {
                "text": "inpatient beds",
                "relevance": 0.573027,
                "count": 1
            },
            {
                "text": "health care providers",
                "relevance": 0.571802,
                "count": 1
            },
            {
                "text": "statewide hospital bed utilization rate",
                "relevance": 0.548938,
                "count": 1
            },
            {
                "text": "COLUMBIA",
                "relevance": 0.539515,
                "count": 1
            },
            {
                "text": "Environmental Control",
                "relevance": 0.536381,
                "count": 1
            },
            {
                "text": "Abbeville",
                "relevance": 0.531418,
                "count": 1
            },
            {
                "text": "use",
                "relevance": 0.523767,
                "count": 1
            },
            {
                "text": "Darlington County",
                "relevance": 0.522649,
                "count": 1
            },
            {
                "text": "Jasper",
                "relevance": 0.522067,
                "count": 1
            },
            {
                "text": "number of new cases",
                "relevance": 0.52157,
                "count": 1
            },
            {
                "text": "Marlboro",
                "relevance": 0.520741,
                "count": 2
            },
            {
                "text": "Anderson",
                "relevance": 0.520671,
                "count": 2
            },
            {
                "text": "days",
                "relevance": 0.518967,
                "count": 2
            },
            {
                "text": "testing specimens",
                "relevance": 0.518953,
                "count": 1
            },
            {
                "text": "Aiken",
                "relevance": 0.517532,
                "count": 1
            },
            {
                "text": "cases",
                "relevance": 0.517356,
                "count": 4
            },
            {
                "text": "Sunday",
                "relevance": 0.517219,
                "count": 4
            },
            {
                "text": "Georgetown",
                "relevance": 0.516618,
                "count": 1
            },
            {
                "text": "Charleston",
                "relevance": 0.515652,
                "count": 1
            },
            {
                "text": "Spartanburg",
                "relevance": 0.515163,
                "count": 1
            },
            {
                "text": "death",
                "relevance": 0.513213,
                "count": 1
            },
            {
                "text": "Kershaw",
                "relevance": 0.512466,
                "count": 1
            },
            {
                "text": "hours",
                "relevance": 0.511559,
                "count": 2
            },
            {
                "text": "tests",
                "relevance": 0.510626,
                "count": 1
            },
            {
                "text": "Newberry",
                "relevance": 0.510282,
                "count": 1
            },
            {
                "text": "Dillon",
                "relevance": 0.510164,
                "count": 1
            },
            {
                "text": "day high",
                "relevance": 0.50997,
                "count": 1
            },
            {
                "text": "number",
                "relevance": 0.509452,
                "count": 1
            },
            {
                "text": "Greenville",
                "relevance": 0.508985,
                "count": 1
            },
            {
                "text": "Chester",
                "relevance": 0.508956,
                "count": 1
            },
            {
                "text": "deaths",
                "relevance": 0.50881,
                "count": 1
            },
            {
                "text": "Lancaster",
                "relevance": 0.508749,
                "count": 1
            },
            {
                "text": "Cherokee",
                "relevance": 0.508462,
                "count": 1
            },
            {
                "text": "Darlington",
                "relevance": 0.508242,
                "count": 2
            },
            {
                "text": "Sumter",
                "relevance": 0.508198,
                "count": 1
            },
            {
                "text": "three-day total",
                "relevance": 0.507879,
                "count": 1
            },
            {
                "text": "Florence",
                "relevance": 0.507585,
                "count": 2
            },
            {
                "text": "Orangeburg",
                "relevance": 0.507216,
                "count": 1
            }
        ]
    },
    "freqeuncy": "Semi-weekly",
    "extracted_metadata": {
        "sha1": "f114ce78aaac9b745d71806d4be53fea44ecef4d",
        "filename": "202005310000NEWSBANKNEWSPPRS20F6D0DE7F96EB40497D57A8447D5CB.json",
        "file_type": "json"
    },
    "companyRecord": "|||South Carolina Department of Health and Environmental Control|extractor|DUNS:808385892;NECOID:384152793;ACORN:2509636424;UDUNS:067006072;UACORN:3627950423|SIGNIFICANT||||XXXX|REFERENCE",
    "publicationTime": "2020-05-31T00:00:00-04:00",
    "title": "More than 1,000 coronavirus cases reported in past three days in SC",
    "html": "<p><location idsrc=\"xmltag.org\" value=\"LU/us.sc.columb\">COLUMBIA, S.C.</location> &#150; More than 1,000 new cases of coronavirus have been reported in the past three days in <location idsrc=\"xmltag.org\" value=\"LS/us.sc\">South Carolina</location>.</p>\n<p>On Sunday, the <org idsrc=\"xmltag.org\" value=\"ACORN:2509636424\">South Carolina Department of Health and Environmental Control</org> announced 312 additional cases of COVID-19 and seven additional deaths.</p>\n\n<p>This brings the total number of people confirmed to have COVID-19 in <location idsrc=\"xmltag.org\" value=\"LS/us.sc\">South Carolina</location> to 11,861 and those who have died to 494.</p>\n\n<p>Eleven cases were reported Sunday in both <location idsrc=\"xmltag.org\" value=\"LU/us.sc.flonce\">Florence</location> and <location idsrc=\"xmltag.org\" value=\"LU/us.sc.darlin\">Darlington</location> counties. A death was reported in <location idsrc=\"xmltag.org\" value=\"LU/us.sc.darlin\">Darlington County</location>, bringing the total there to 10.</p>\n\n<p>On Friday, 331 positive tests were reported. At the time, that was a single-day high.</p>\n\n<p>Inititally on Saturday, 266 cases were reported, but on Sunday that number was updated with 154 more cases, bringing the total to 420.</p>\n\n<p>That's a three-day total of 1,063 cases.</p>\n\n<p>All seven deaths that were reported Sunday occurred in elderly individuals from <location idsrc=\"xmltag.org\" value=\"LU/us.sc.andson\">Anderson</location> (1), <location idsrc=\"xmltag.org\" value=\"LU/us.sc.cheste\">Chester</location> (1), <location idsrc=\"xmltag.org\" value=\"LU/us.sc.colton\">Colleton</location> (1), <location idsrc=\"xmltag.org\" value=\"LU/us.sc.darlin\">Darlington</location> (1), <location idsrc=\"xmltag.org\" value=\"LU/us.sc.hamton\">Hampton</location> (1), <location idsrc=\"xmltag.org\" value=\"LU/us.sc.maroro\">Marlboro</location> (1) and <location idsrc=\"xmltag.org\" value=\"LU/us.sc.york\">York</location> (1) counties.</p>\n\n<p>The number of new cases by county:</p>\n\n<p><location idsrc=\"xmltag.org\" value=\"LU/us.sc.abblle\">Abbeville</location> (2), <location idsrc=\"xmltag.org\" value=\"LU/us.sc.aiken\">Aiken</location> (2), <location idsrc=\"xmltag.org\" value=\"LU/us.sc.andson\">Anderson</location> (4), <location idsrc=\"xmltag.org\" value=\"LU/us.sc.beaort\">Beaufort</location> (9), <location idsrc=\"xmltag.org\" value=\"LU/us.sc.berley\">Berkeley</location> (2), <location idsrc=\"xmltag.org\" value=\"LU/us.sc.caloun\">Calhoun</location> (1), <location idsrc=\"xmltag.org\" value=\"LU/us.sc.chlstn\">Charleston</location> (12), <location idsrc=\"xmltag.org\" value=\"LU/us.sc.chekee\">Cherokee</location> (3), <location idsrc=\"xmltag.org\" value=\"LU/us.sc.cheeld\">Chesterfield</location> (15), <location idsrc=\"xmltag.org\" value=\"LU/us.sc.colton\">Colleton</location> (4), <location idsrc=\"xmltag.org\" value=\"LU/us.sc.darlin\">Darlington</location> (11), <location idsrc=\"xmltag.org\" value=\"LU/us.sc.dillon\">Dillon</location> (3), <location idsrc=\"xmltag.org\" value=\"LU/us.sc.dorche\">Dorchester</location> (2), <location idsrc=\"xmltag.org\" value=\"LU/us.sc.faield\">Fairfield</location> (2), <location idsrc=\"xmltag.org\" value=\"LU/us.sc.flonce\">Florence</location> (11), <location idsrc=\"xmltag.org\" value=\"LU/us.sc.geotwn\">Georgetown</location> (1), <location idsrc=\"xmltag.org\" value=\"LU/us.sc.grelle\">Greenville</location> (89), <location idsrc=\"xmltag.org\" value=\"LU/us.sc.greood\">Greenwood</location> (7), <location idsrc=\"xmltag.org\" value=\"LU/us.sc.hamton\">Hampton</location> (1), <location idsrc=\"xmltag.org\" value=\"LU/us.sc.horry\">Horry</location> (15), <location idsrc=\"xmltag.org\" value=\"LU/us.sc.jasper\">Jasper</location> (1), <location idsrc=\"xmltag.org\" value=\"LU/us.sc.kerhaw\">Kershaw</location> (3), <location idsrc=\"xmltag.org\" value=\"LU/us.sc.lancas\">Lancaster</location> (3), <location idsrc=\"xmltag.org\" value=\"LU/us.sc.lee\">Lee</location> (2), <location idsrc=\"xmltag.org\" value=\"LU/us.sc.lexton\">Lexington</location> (11), <location idsrc=\"xmltag.org\" value=\"LU/us.sc.marion\">Marion</location> (1), <location idsrc=\"xmltag.org\" value=\"LU/us.sc.maroro\">Marlboro</location> (10), <location idsrc=\"xmltag.org\" value=\"LU/us.sc.newrry\">Newberry</location> (1), <location idsrc=\"xmltag.org\" value=\"LU/us.sc.oraurg\">Orangeburg</location> (9), <location idsrc=\"xmltag.org\" value=\"LU/us.sc.picens\">Pickens</location> (8), <location idsrc=\"xmltag.org\" value=\"LU/us.sc.ricand\">Richland</location> (28), <location idsrc=\"xmltag.org\" value=\"LU/us.sc.spaurg\">Spartanburg</location> (23), <location idsrc=\"xmltag.org\" value=\"LU/us.sc.sumter\">Sumter</location> (6), <location idsrc=\"xmltag.org\" value=\"LU/us.sc.wmsbrg\">Williamsburg</location> (3) and <location idsrc=\"xmltag.org\" value=\"LU/us.sc.york\">York</location> (7)</p>\n\n<p>As of Saturday, a total of 206,247 tests have been conducted in the state (by both <org>DHEC's Public Health Laboratory</org> and private labs). <org>DHEC's Public Health Laboratory</org> is operating extended hours and is testing specimens seven days a week. <org>The Public Health Laboratory's</org> current timeframe for providing results to health care providers is 24 to 48 hours.</p>\n\n<p>As of Sunday morning, 3,798 inpatient hospital beds were available and 6,566 are in use, which is a 63.35% statewide hospital bed utilization rate. Of the 6,566 inpatient beds currently used, 402 are occupied by patients who have either tested positive or are under investigation for COVID-19.</p>",
    "geoFocus": [
        [
            "GU/us.sc.harlle",
            "Hartsville"
        ]
    ]
}