{
    "id": "273be0b9-92f3-4bce-8211-2cdb35a75a3e",
    "result_metadata": {
        "score": 1
    },
    "copyright": "",
    "geoOrigin": "United Kingdom",
    "sourceType": "Business & Financial Newswire",
    "source": "Business Financial UK Newswire",
    "corpus_document_id": "106089828615202654",
    "description": "09/06/2020 Speedy Hire PLC 09/06/2020 Mckay Securities PLC 09/06/2020 Big Yellow Group PLC 09/06/2020 Aveva Group PLC 10/06/2020 Castings PLC 11/06/2020 Syncona Limited 11/06/2020 Onthemarket PLC 11/06/2020 Johnson Matthey PLC 11/06/2020 Jlen Environmental Assets Group Limited 11/06/2020 Mind Gym PLC. 08/06/2020 Sound Energy PLC 08/06/2020...",
    "serviceName": "Newswire",
    "locationCode": [],
    "sourceClass": "Business and Commerce, Finance",
    "subjectCode": [
        {
            "parent": "IS/biz.spec",
            "relevance_score": "7",
            "description": "Earnings Calendar",
            "code": "IS/biz.earncal#7#75#50",
            "level": 2
        },
        {
            "parent": "IS/spec",
            "relevance_score": "7",
            "description": "Structured Business and Commerce Content",
            "code": "IS/biz.spec#7#50#75",
            "level": 1
        },
        {
            "parent": null,
            "relevance_score": "7",
            "description": "Structured Content",
            "code": "IS/spec#7#50#75",
            "level": 0
        },
        {
            "parent": "IS/spec",
            "relevance_score": "7",
            "description": "Calendars",
            "code": "IS/spec.calendar#7#50#75",
            "level": 1
        }
    ],
    "text": "#### Interim Result\n\n10/06/2020 Shaftesbury PLC (SHB)  \n\n  \n\n#### Final Result\n\n09/06/2020 Speedy Hire PLC (SDY)  \n09/06/2020 Mckay Securities PLC (MCKS)  \n09/06/2020 Big Yellow Group PLC (BYG)  \n09/06/2020 Aveva Group PLC (AVV)  \n10/06/2020 Castings PLC (CGS)  \n11/06/2020 Syncona Limited (SYNC)  \n11/06/2020 Onthemarket PLC (OTMP)  \n11/06/2020 Johnson Matthey PLC (JMAT)  \n11/06/2020 Jlen Environmental Assets Group Limited (JLEN)  \n11/06/2020 Mind Gym PLC (MIND)  \n\n  \n\n#### AGM / EGM\n\n08/06/2020 Sound Energy PLC (SOU)  \n08/06/2020 Vietnam Enterprise Investments Limited (VEIL)  \n08/06/2020 Starwood European Real Estate Finance Limited (SWEF)  \n09/06/2020 Nostrum Oil & Gas PLC (NOG)  \n09/06/2020 Silence Therapeutics PLC (SLN)  \n10/06/2020 Flowtech Fluidpower PLC (FLO)  \n10/06/2020 Tbc Bank Group PLC (TBCG)  \n11/06/2020 Parity Group PLC (PTY)  \n11/06/2020 Xeros Technology Group PLC (XSG)  \n11/06/2020 Nb Global Floating Rate Income Fund Limited (NBLS)  \n11/06/2020 Corero Network Security PLC (CNS)  \n11/06/2020 Bacanora Lithium PLC (BCN)  \n11/06/2020 Coats Group PLC (COA)  \n11/06/2020 Fair Oaks Income Fund Ltd (FAIR)  \n11/06/2020 Alfa Financial Software Holdings PLC (ALFA)  \n12/06/2020 Katoro Gold PLC (KAT)  \n12/06/2020 Informa PLC (INF)  \n\n  \n\n#### Ex-Dividend\n\n08/06/2020 Novolipetsk Iron and Steel Corp (NLMA)  \n08/06/2020 Acron Jsc (34NF)  \n08/06/2020 PJSC Acron (AKRN)  \n08/06/2020 Novolipetsk Steel (NLMK)  \n10/06/2020 Calgary & Edmonton Railway Co (05GM)  \n10/06/2020 Canadian Pacific Railways (BC87)  \n10/06/2020 Aeci (87FZ)  \n10/06/2020 New Brunswick Railway Co (98HT)  \n11/06/2020 Orchard Funding Group PLC (ORCH)  \n11/06/2020 Persimmon PLC (PSN)  \n11/06/2020 Phoenix Spree Deutschland Limited (PSDL)  \n11/06/2020 Severn Trent PLC (SVT)  \n11/06/2020 Wpp PLC (WPP)  \n11/06/2020 Witan Pacific Investment Trust PLC (WPC)  \n11/06/2020 Triple Point Vct 2011 Plc B (TPOB)  \n11/06/2020 Triple Point Vct 2011 Plc A (TPOA)  \n11/06/2020 Sopheon PLC (SPE)  \n11/06/2020 Boot (Henry) PLC (BOOT)  \n11/06/2020 Assura PLC (AGR)  \n11/06/2020 Afh Financial Group PLC (AFHP)  \n11/06/2020 Netease Inc Netease Adr Representing 25 Ord Shs (0K6G)  \n11/06/2020 London Security PLC (LSC)  \n11/06/2020 Acorn Income Fund Ltd (AIF)  \n11/06/2020 Arrow Global Group PLC (ARW)  \n11/06/2020 Frenkel Topping Group PLC (FEN)  \n11/06/2020 3I Group PLC (III)  \n12/06/2020 Coca-cola Co Coca-cola Ord Shs (0QZK)  \n12/06/2020 Merck Co Inc Merck Co Ord Shs (0QAH)  \n\nStory provided by [StockMarketWire.com](http://StockMarketWire.com)",
    "industryCode": [],
    "naviga_enrichment": {
        "org": [
            "Shaftesbury PLC",
            "Speedy Hire PLC",
            "Mckay Securities PLC",
            "Big Yellow Group PLC",
            "Aveva Group PLC",
            "Castings PLC",
            "Syncona Limited",
            "Onthemarket PLC",
            "Johnson Matthey PLC",
            "Jlen Environmental Assets Group Limited",
            "Mind Gym PLC",
            "Sound Energy PLC",
            "Vietnam Enterprise Investments Limited",
            "Starwood European Real Estate Finance Limited",
            "Nostrum Oil &amp; Gas PLC",
            "Silence Therapeutics PLC",
            "Flowtech Fluidpower PLC",
            "Tbc Bank Group PLC",
            "Parity Group PLC",
            "Xeros Technology Group PLC",
            "Nb Global Floating Rate Income Fund Limited",
            "Corero Network Security PLC",
            "Bacanora Lithium PLC",
            "Coats Group PLC",
            "Fair Oaks Income Fund Ltd",
            "Alfa Financial Software Holdings PLC",
            "Katoro Gold PLC",
            "Informa PLC",
            "Novolipetsk Iron and Steel Corp",
            "Canadian Pacific Railways",
            "New Brunswick Railway Co",
            "Orchard Funding Group PLC",
            "Persimmon PLC",
            "Phoenix Spree Deutschland Limited",
            "Severn Trent PLC",
            "Wpp PLC",
            "Witan Pacific Investment Trust PLC",
            "Sopheon PLC",
            "Boot (Henry) PLC",
            "Assura PLC",
            "Afh Financial Group PLC",
            "London Security PLC",
            "Acorn Income Fund Ltd",
            "Arrow Global Group PLC",
            "Frenkel Topping Group PLC",
            "3I Group PLC"
        ],
        "location": [],
        "person": [],
        "companies": [
            "Nb Global Floating Rate Income Fund Limited",
            "Canadian Pacific Railways",
            "Mind Gym PLC",
            "Frenkel Topping Group PLC",
            "Speedy Hire PLC",
            "Big Yellow Group PLC",
            "Katoro Gold PLC",
            "Severn Trent PLC",
            "Silence Therapeutics PLC",
            "Orchard Funding Group PLC",
            "Boot (Henry) PLC",
            "Corero Network Security PLC",
            "Johnson Matthey PLC",
            "3I Group PLC",
            "Arrow Global Group PLC",
            "Alfa Financial Software Holdings PLC",
            "London Security PLC",
            "Sound Energy PLC",
            "Parity Group PLC",
            "Novolipetsk Iron and Steel Corp",
            "Acorn Income Fund Ltd",
            "Syncona Limited",
            "Onthemarket PLC",
            "Informa PLC",
            "Witan Pacific Investment Trust PLC",
            "Coats Group PLC",
            "New Brunswick Railway Co",
            "Afh Financial Group PLC",
            "Xeros Technology Group PLC",
            "Assura PLC",
            "Jlen Environmental Assets Group Limited",
            "Persimmon PLC",
            "Starwood European Real Estate Finance Limited",
            "Shaftesbury PLC",
            "Sopheon PLC",
            "Wpp PLC",
            "Tbc Bank Group PLC",
            "Vietnam Enterprise Investments Limited",
            "Flowtech Fluidpower PLC",
            "Bacanora Lithium PLC",
            "Aveva Group PLC",
            "Castings PLC",
            "Mckay Securities PLC",
            "Phoenix Spree Deutschland Limited",
            "Fair Oaks Income Fund Ltd",
            "Nostrum Oil &amp; Gas PLC"
        ]
    },
    "geoOrigin_code": "RC/gb",
    "language": "English",
    "filename": "202006050200BIZFINNWNEWS__DL_6948803.XML",
    "providerName": "Stock Market Wire",
    "enriched_text": {
        "entities": [
            {
                "count": 2,
                "sentiment": {
                    "score": 0.203562,
                    "label": "positive"
                },
                "text": "Sopheon PLC",
                "relevance": 0.975924,
                "type": "Company",
                "disambiguation": {
                    "subtype": [],
                    "name": "Sopheon",
                    "dbpedia_resource": "http://dbpedia.org/resource/Sopheon"
                }
            },
            {
                "count": 2,
                "sentiment": {
                    "score": 0.348911,
                    "label": "positive"
                },
                "text": "Wpp PLC",
                "relevance": 0.954498,
                "type": "Company",
                "disambiguation": {
                    "subtype": [],
                    "name": "WPP plc",
                    "dbpedia_resource": "http://dbpedia.org/resource/WPP_plc"
                }
            },
            {
                "count": 1,
                "sentiment": {
                    "score": 0,
                    "label": "neutral"
                },
                "text": "Big Yellow Group PLC",
                "relevance": 0.947857,
                "type": "Company",
                "disambiguation": {
                    "subtype": [],
                    "name": "Big Yellow Group",
                    "dbpedia_resource": "http://dbpedia.org/resource/Big_Yellow_Group"
                }
            },
            {
                "count": 1,
                "sentiment": {
                    "score": 0,
                    "label": "neutral"
                },
                "text": "Aveva Group PLC",
                "relevance": 0.896051,
                "type": "Company",
                "disambiguation": {
                    "subtype": [],
                    "name": "Aveva",
                    "dbpedia_resource": "http://dbpedia.org/resource/Aveva"
                }
            },
            {
                "count": 1,
                "sentiment": {
                    "score": 0.347677,
                    "label": "positive"
                },
                "text": "Speedy Hire PLC",
                "relevance": 0.884739,
                "type": "Company",
                "disambiguation": {
                    "subtype": [],
                    "name": "Speedy Hire",
                    "dbpedia_resource": "http://dbpedia.org/resource/Speedy_Hire"
                }
            },
            {
                "count": 1,
                "sentiment": {
                    "score": 0,
                    "label": "neutral"
                },
                "text": "Shaftesbury PLC",
                "relevance": 0.881505,
                "type": "Company",
                "disambiguation": {
                    "subtype": [],
                    "name": "Shaftesbury plc",
                    "dbpedia_resource": "http://dbpedia.org/resource/Shaftesbury_plc"
                }
            },
            {
                "count": 1,
                "sentiment": {
                    "score": 0.398385,
                    "label": "positive"
                },
                "text": "Frenkel Topping Group PLC",
                "relevance": 0.854786,
                "type": "Company"
            },
            {
                "count": 1,
                "sentiment": {
                    "score": 0,
                    "label": "neutral"
                },
                "text": "10/06/2020 Castings PLC",
                "relevance": 0.847992,
                "type": "Company"
            },
            {
                "count": 1,
                "sentiment": {
                    "score": 0,
                    "label": "neutral"
                },
                "text": "Coats Group PLC",
                "relevance": 0.830019,
                "type": "Company"
            },
            {
                "count": 1,
                "sentiment": {
                    "score": 0,
                    "label": "neutral"
                },
                "text": "Mckay Securities PLC",
                "relevance": 0.829064,
                "type": "Company"
            },
            {
                "count": 1,
                "sentiment": {
                    "score": 0,
                    "label": "neutral"
                },
                "text": "Johnson Matthey PLC",
                "relevance": 0.823345,
                "type": "Company",
                "disambiguation": {
                    "subtype": [
                        "AwardWinner",
                        "ProjectParticipant"
                    ],
                    "name": "Johnson Matthey",
                    "dbpedia_resource": "http://dbpedia.org/resource/Johnson_Matthey"
                }
            },
            {
                "count": 1,
                "sentiment": {
                    "score": 0,
                    "label": "neutral"
                },
                "text": "Informa PLC",
                "relevance": 0.815611,
                "type": "Company",
                "disambiguation": {
                    "subtype": [],
                    "name": "Informa",
                    "dbpedia_resource": "http://dbpedia.org/resource/Informa"
                }
            },
            {
                "count": 1,
                "sentiment": {
                    "score": 0,
                    "label": "neutral"
                },
                "text": "Tbc Bank Group PLC",
                "relevance": 0.811722,
                "type": "Company"
            },
            {
                "count": 1,
                "sentiment": {
                    "score": 0,
                    "label": "neutral"
                },
                "text": "Silence Therapeutics PLC",
                "relevance": 0.806965,
                "type": "Company",
                "disambiguation": {
                    "subtype": [],
                    "name": "Silence Therapeutics",
                    "dbpedia_resource": "http://dbpedia.org/resource/Silence_Therapeutics"
                }
            },
            {
                "count": 1,
                "sentiment": {
                    "score": 0,
                    "label": "neutral"
                },
                "text": "Flowtech Fluidpower PLC",
                "relevance": 0.803884,
                "type": "Company"
            },
            {
                "count": 1,
                "sentiment": {
                    "score": 0,
                    "label": "neutral"
                },
                "text": "Arrow Global Group PLC",
                "relevance": 0.802312,
                "type": "Company"
            },
            {
                "count": 1,
                "sentiment": {
                    "score": -0.248091,
                    "label": "negative"
                },
                "text": "Nostrum Oil & Gas PLC",
                "relevance": 0.797642,
                "type": "Company"
            },
            {
                "count": 1,
                "sentiment": {
                    "score": 0,
                    "label": "neutral"
                },
                "text": "Persimmon PLC",
                "relevance": 0.79522,
                "type": "Company",
                "disambiguation": {
                    "subtype": [],
                    "name": "Persimmon plc",
                    "dbpedia_resource": "http://dbpedia.org/resource/Persimmon_plc"
                }
            },
            {
                "count": 1,
                "sentiment": {
                    "score": 0,
                    "label": "neutral"
                },
                "text": "Alfa Financial Software Holdings PLC",
                "relevance": 0.794815,
                "type": "Company"
            },
            {
                "count": 1,
                "sentiment": {
                    "score": 0,
                    "label": "neutral"
                },
                "text": "Bacanora Lithium PLC",
                "relevance": 0.787865,
                "type": "Company"
            },
            {
                "count": 1,
                "sentiment": {
                    "score": 0,
                    "label": "neutral"
                },
                "text": "Sound Energy PLC",
                "relevance": 0.782573,
                "type": "Company"
            },
            {
                "count": 1,
                "sentiment": {
                    "score": 0,
                    "label": "neutral"
                },
                "text": "Corero Network Security PLC",
                "relevance": 0.780064,
                "type": "Company"
            },
            {
                "count": 1,
                "sentiment": {
                    "score": 0,
                    "label": "neutral"
                },
                "text": "Katoro Gold PLC",
                "relevance": 0.763995,
                "type": "Company"
            },
            {
                "count": 1,
                "sentiment": {
                    "score": 0,
                    "label": "neutral"
                },
                "text": "Severn Trent PLC",
                "relevance": 0.763238,
                "type": "Company",
                "disambiguation": {
                    "subtype": [],
                    "name": "Severn Trent",
                    "dbpedia_resource": "http://dbpedia.org/resource/Severn_Trent"
                }
            },
            {
                "count": 1,
                "sentiment": {
                    "score": 0,
                    "label": "neutral"
                },
                "text": "Onthemarket PLC",
                "relevance": 0.756456,
                "type": "Company"
            },
            {
                "count": 1,
                "sentiment": {
                    "score": 0,
                    "label": "neutral"
                },
                "text": "Assura PLC",
                "relevance": 0.730424,
                "type": "Company"
            },
            {
                "count": 1,
                "sentiment": {
                    "score": 0.368516,
                    "label": "positive"
                },
                "text": "Witan Pacific Investment Trust PLC",
                "relevance": 0.725232,
                "type": "Company"
            },
            {
                "count": 1,
                "sentiment": {
                    "score": 0,
                    "label": "neutral"
                },
                "text": "London Security PLC",
                "relevance": 0.709304,
                "type": "Company"
            },
            {
                "count": 2,
                "sentiment": {
                    "score": -0.258964,
                    "label": "negative"
                },
                "text": "Starwood European Real Estate Finance Limited",
                "relevance": 0.373797,
                "type": "Company"
            },
            {
                "count": 1,
                "sentiment": {
                    "score": 0,
                    "label": "neutral"
                },
                "text": "Jlen Environmental Assets Group Limited",
                "relevance": 0.338571,
                "type": "Company"
            },
            {
                "count": 2,
                "sentiment": {
                    "score": 0,
                    "label": "neutral"
                },
                "text": "Triple Point Vct",
                "relevance": 0.283635,
                "type": "Company"
            },
            {
                "count": 1,
                "sentiment": {
                    "score": -0.510444,
                    "label": "negative"
                },
                "text": "Ord Shs",
                "relevance": 0.279197,
                "type": "Organization"
            },
            {
                "count": 1,
                "sentiment": {
                    "score": 0,
                    "label": "neutral"
                },
                "text": "Fair Oaks Income Fund Ltd",
                "relevance": 0.273468,
                "type": "Company"
            },
            {
                "count": 1,
                "sentiment": {
                    "score": 0,
                    "label": "neutral"
                },
                "text": "Parity Group",
                "relevance": 0.264472,
                "type": "Company"
            },
            {
                "count": 1,
                "sentiment": {
                    "score": 0,
                    "label": "neutral"
                },
                "text": "Vietnam Enterprise Investments Limited",
                "relevance": 0.259058,
                "type": "Company"
            },
            {
                "count": 1,
                "sentiment": {
                    "score": -0.260882,
                    "label": "negative"
                },
                "text": "Acorn Income Fund Ltd",
                "relevance": 0.258539,
                "type": "Company"
            },
            {
                "count": 1,
                "sentiment": {
                    "score": 0,
                    "label": "neutral"
                },
                "text": "Xeros Technology Group",
                "relevance": 0.257656,
                "type": "Company"
            },
            {
                "count": 1,
                "sentiment": {
                    "score": 0,
                    "label": "neutral"
                },
                "text": "Afh Financial Group",
                "relevance": 0.245894,
                "type": "Company"
            },
            {
                "count": 1,
                "sentiment": {
                    "score": 0,
                    "label": "neutral"
                },
                "text": "Orchard Funding Group",
                "relevance": 0.243263,
                "type": "Company"
            },
            {
                "count": 1,
                "sentiment": {
                    "score": -0.510444,
                    "label": "negative"
                },
                "text": "Merck Co",
                "relevance": 0.235248,
                "type": "Company"
            },
            {
                "count": 1,
                "sentiment": {
                    "score": 0,
                    "label": "neutral"
                },
                "text": "New Brunswick Railway Co",
                "relevance": 0.232394,
                "type": "Facility"
            },
            {
                "count": 1,
                "sentiment": {
                    "score": 0,
                    "label": "neutral"
                },
                "text": "Edmonton Railway Co",
                "relevance": 0.221951,
                "type": "Facility"
            },
            {
                "count": 1,
                "sentiment": {
                    "score": 0,
                    "label": "neutral"
                },
                "text": "Novolipetsk Steel",
                "relevance": 0.220637,
                "type": "Company",
                "disambiguation": {
                    "subtype": [],
                    "name": "Novolipetsk Steel",
                    "dbpedia_resource": "http://dbpedia.org/resource/Novolipetsk_Steel"
                }
            },
            {
                "count": 1,
                "sentiment": {
                    "score": 0,
                    "label": "neutral"
                },
                "text": "Netease Inc",
                "relevance": 0.215228,
                "type": "Company"
            },
            {
                "count": 1,
                "sentiment": {
                    "score": 0,
                    "label": "neutral"
                },
                "text": "Mind Gym",
                "relevance": 0.213606,
                "type": "Company"
            },
            {
                "count": 1,
                "sentiment": {
                    "score": 0,
                    "label": "neutral"
                },
                "text": "Acron Jsc",
                "relevance": 0.208003,
                "type": "Company"
            },
            {
                "count": 1,
                "sentiment": {
                    "score": 0,
                    "label": "neutral"
                },
                "text": "Canadian Pacific Railways",
                "relevance": 0.202759,
                "type": "Company"
            },
            {
                "count": 1,
                "sentiment": {
                    "score": 0,
                    "label": "neutral"
                },
                "text": "SHB",
                "relevance": 0.202509,
                "type": "Company"
            },
            {
                "count": 1,
                "sentiment": {
                    "score": 0,
                    "label": "neutral"
                },
                "text": "MCKS",
                "relevance": 0.201208,
                "type": "Company"
            },
            {
                "count": 1,
                "sentiment": {
                    "score": 0,
                    "label": "neutral"
                },
                "text": "Calgary",
                "relevance": 0.200147,
                "type": "Location",
                "disambiguation": {
                    "subtype": [
                        "School",
                        "City"
                    ],
                    "name": "Calgary",
                    "dbpedia_resource": "http://dbpedia.org/resource/Calgary"
                }
            }
        ],
        "semantic_roles": [
            {
                "subject": {
                    "text": "by [StockMarketWire.com](http://StockMarketWire.com)"
                },
                "sentence": " Story provided by [StockMarketWire.com](http://StockMarketWire.com)",
                "object": {
                    "text": "Story"
                },
                "action": {
                    "verb": {
                        "text": "provide",
                        "tense": "past"
                    },
                    "text": "provided",
                    "normalized": "provide"
                }
            }
        ],
        "categories": [
            {
                "score": 0.675138,
                "label": "/finance/financial news"
            },
            {
                "score": 0.65586,
                "label": "/finance/investing"
            },
            {
                "score": 0.65586,
                "label": "/finance/investing/beginning investing"
            }
        ],
        "relations": [
            {
                "type": "hasAttribute",
                "sentence": "09/06/2020 Speedy Hire PLC (SDY)   09/06/2020 Mckay Securities PLC (MCKS)   09/06/2020 Big Yellow Group PLC (BYG)   09/06/2020 Aveva Group PLC (AVV)   10/06/2020 Castings PLC (CGS)   11/06/2020 Syncona Limited (SYNC)   11/06/2020 Onthemarket PLC (OTMP)   11/06/2020 Johnson Matthey PLC (JMAT)   11/06/2020 Jlen Environmental Assets Group Limited (JLEN)   11/06/2020 Mind Gym PLC (MIND)",
                "score": 0.926114,
                "arguments": [
                    {
                        "text": "Speedy Hire PLC",
                        "location": [
                            91,
                            106
                        ],
                        "entities": [
                            {
                                "type": "Organization",
                                "text": "Speedy Hire PLC"
                            }
                        ]
                    },
                    {
                        "text": "SDY",
                        "location": [
                            108,
                            111
                        ],
                        "entities": [
                            {
                                "type": "Ticker",
                                "text": "SDY"
                            }
                        ]
                    }
                ]
            },
            {
                "type": "employedBy",
                "sentence": "08/06/2020 Sound Energy PLC (SOU)   08/06/2020 Vietnam Enterprise Investments Limited (VEIL)   08/06/2020 Starwood European Real Estate Finance Limited (SWEF)   09/06/2020 Nostrum Oil & Gas PLC (NOG)   09/06/2020 Silence Therapeutics PLC (SLN)   10/06/2020 Flowtech Fluidpower PLC (FLO)   10/06/2020 Tbc Bank Group PLC (TBCG)   11/06/2020 Parity Group PLC (PTY)   11/06/2020 Xeros Technology Group PLC (XSG)   11/06/2020 Nb Global Floating Rate Income Fund Limited (NBLS)   11/06/2020 Corero Network Security PLC (CNS)   11/06/2020 Bacanora Lithium PLC (BCN)   11/06/2020 Coats Group PLC (COA)   11/06/2020 Fair Oaks Income Fund Ltd (FAIR)   11/06/2020 Alfa Financial Software Holdings PLC (ALFA)   12/06/2020 Katoro Gold PLC (KAT)   12/06/2020 Informa PLC (INF)",
                "score": 0.603603,
                "arguments": [
                    {
                        "text": "Coats",
                        "location": [
                            1061,
                            1066
                        ],
                        "entities": [
                            {
                                "type": "Person",
                                "text": "Coats"
                            }
                        ]
                    },
                    {
                        "text": "Group PLC",
                        "location": [
                            1067,
                            1076
                        ],
                        "entities": [
                            {
                                "type": "Organization",
                                "text": "Orchard Funding Group PLC",
                                "disambiguation": {
                                    "subtype": [
                                        "Commercial"
                                    ]
                                }
                            }
                        ]
                    }
                ]
            },
            {
                "type": "hasAttribute",
                "sentence": "08/06/2020 Novolipetsk Iron and Steel Corp (NLMA)   08/06/2020 Acron Jsc (34NF)   08/06/2020 PJSC Acron (AKRN)   08/06/2020 Novolipetsk Steel (NLMK)   10/06/2020 Calgary & Edmonton Railway Co (05GM)   10/06/2020 Canadian Pacific Railways (BC87)   10/06/2020 Aeci (87FZ)   10/06/2020 New Brunswick Railway Co (98HT)   11/06/2020 Orchard Funding Group PLC (ORCH)   11/06/2020 Persimmon PLC (PSN)   11/06/2020 Phoenix Spree Deutschland Limited (PSDL)   11/06/2020 Severn Trent PLC (SVT)   11/06/2020 Wpp PLC (WPP)   11/06/2020 Witan Pacific Investment Trust PLC (WPC)   11/06/2020 Triple Point Vct 2011 Plc B (TPOB)   11/06/2020 Triple Point Vct 2011 Plc A (TPOA)   11/06/2020 Sopheon PLC (SPE)   11/06/2020 Boot (Henry) PLC (BOOT)   11/06/2020 Assura PLC (AGR)   11/06/2020 Afh Financial Group PLC (AFHP)",
                "score": 0.364382,
                "arguments": [
                    {
                        "text": "Acron Jsc",
                        "location": [
                            1340,
                            1349
                        ],
                        "entities": [
                            {
                                "type": "Person",
                                "text": "Acron Jsc"
                            }
                        ]
                    },
                    {
                        "text": "34NF",
                        "location": [
                            1351,
                            1355
                        ],
                        "entities": [
                            {
                                "type": "Measure",
                                "text": "34NF"
                            }
                        ]
                    }
                ]
            },
            {
                "type": "partOf",
                "sentence": "08/06/2020 Novolipetsk Iron and Steel Corp (NLMA)   08/06/2020 Acron Jsc (34NF)   08/06/2020 PJSC Acron (AKRN)   08/06/2020 Novolipetsk Steel (NLMK)   10/06/2020 Calgary & Edmonton Railway Co (05GM)   10/06/2020 Canadian Pacific Railways (BC87)   10/06/2020 Aeci (87FZ)   10/06/2020 New Brunswick Railway Co (98HT)   11/06/2020 Orchard Funding Group PLC (ORCH)   11/06/2020 Persimmon PLC (PSN)   11/06/2020 Phoenix Spree Deutschland Limited (PSDL)   11/06/2020 Severn Trent PLC (SVT)   11/06/2020 Wpp PLC (WPP)   11/06/2020 Witan Pacific Investment Trust PLC (WPC)   11/06/2020 Triple Point Vct 2011 Plc B (TPOB)   11/06/2020 Triple Point Vct 2011 Plc A (TPOA)   11/06/2020 Sopheon PLC (SPE)   11/06/2020 Boot (Henry) PLC (BOOT)   11/06/2020 Assura PLC (AGR)   11/06/2020 Afh Financial Group PLC (AFHP)",
                "score": 0.51453,
                "arguments": [
                    {
                        "text": "Pacific Railways",
                        "location": [
                            1498,
                            1514
                        ],
                        "entities": [
                            {
                                "type": "Organization",
                                "text": "Pacific Railways"
                            }
                        ]
                    },
                    {
                        "text": "Canadian",
                        "location": [
                            1489,
                            1497
                        ],
                        "entities": [
                            {
                                "type": "GeopoliticalEntity",
                                "text": "Canadian",
                                "disambiguation": {
                                    "subtype": [
                                        "Country"
                                    ]
                                }
                            }
                        ]
                    }
                ]
            },
            {
                "type": "hasAttribute",
                "sentence": "08/06/2020 Novolipetsk Iron and Steel Corp (NLMA)   08/06/2020 Acron Jsc (34NF)   08/06/2020 PJSC Acron (AKRN)   08/06/2020 Novolipetsk Steel (NLMK)   10/06/2020 Calgary & Edmonton Railway Co (05GM)   10/06/2020 Canadian Pacific Railways (BC87)   10/06/2020 Aeci (87FZ)   10/06/2020 New Brunswick Railway Co (98HT)   11/06/2020 Orchard Funding Group PLC (ORCH)   11/06/2020 Persimmon PLC (PSN)   11/06/2020 Phoenix Spree Deutschland Limited (PSDL)   11/06/2020 Severn Trent PLC (SVT)   11/06/2020 Wpp PLC (WPP)   11/06/2020 Witan Pacific Investment Trust PLC (WPC)   11/06/2020 Triple Point Vct 2011 Plc B (TPOB)   11/06/2020 Triple Point Vct 2011 Plc A (TPOA)   11/06/2020 Sopheon PLC (SPE)   11/06/2020 Boot (Henry) PLC (BOOT)   11/06/2020 Assura PLC (AGR)   11/06/2020 Afh Financial Group PLC (AFHP)",
                "score": 0.556117,
                "arguments": [
                    {
                        "text": "New Brunswick Railway Co",
                        "location": [
                            1560,
                            1584
                        ],
                        "entities": [
                            {
                                "type": "Organization",
                                "text": "New Brunswick Railway Co"
                            }
                        ]
                    },
                    {
                        "text": "ORCH",
                        "location": [
                            1632,
                            1636
                        ],
                        "entities": [
                            {
                                "type": "Ticker",
                                "text": "ORCH"
                            }
                        ]
                    }
                ]
            },
            {
                "type": "hasAttribute",
                "sentence": "08/06/2020 Novolipetsk Iron and Steel Corp (NLMA)   08/06/2020 Acron Jsc (34NF)   08/06/2020 PJSC Acron (AKRN)   08/06/2020 Novolipetsk Steel (NLMK)   10/06/2020 Calgary & Edmonton Railway Co (05GM)   10/06/2020 Canadian Pacific Railways (BC87)   10/06/2020 Aeci (87FZ)   10/06/2020 New Brunswick Railway Co (98HT)   11/06/2020 Orchard Funding Group PLC (ORCH)   11/06/2020 Persimmon PLC (PSN)   11/06/2020 Phoenix Spree Deutschland Limited (PSDL)   11/06/2020 Severn Trent PLC (SVT)   11/06/2020 Wpp PLC (WPP)   11/06/2020 Witan Pacific Investment Trust PLC (WPC)   11/06/2020 Triple Point Vct 2011 Plc B (TPOB)   11/06/2020 Triple Point Vct 2011 Plc A (TPOA)   11/06/2020 Sopheon PLC (SPE)   11/06/2020 Boot (Henry) PLC (BOOT)   11/06/2020 Assura PLC (AGR)   11/06/2020 Afh Financial Group PLC (AFHP)",
                "score": 0.974801,
                "arguments": [
                    {
                        "text": "Orchard Funding Group PLC",
                        "location": [
                            1605,
                            1630
                        ],
                        "entities": [
                            {
                                "type": "Organization",
                                "text": "Orchard Funding Group PLC",
                                "disambiguation": {
                                    "subtype": [
                                        "Commercial"
                                    ]
                                }
                            }
                        ]
                    },
                    {
                        "text": "ORCH",
                        "location": [
                            1632,
                            1636
                        ],
                        "entities": [
                            {
                                "type": "Ticker",
                                "text": "ORCH"
                            }
                        ]
                    }
                ]
            },
            {
                "type": "hasAttribute",
                "sentence": "08/06/2020 Novolipetsk Iron and Steel Corp (NLMA)   08/06/2020 Acron Jsc (34NF)   08/06/2020 PJSC Acron (AKRN)   08/06/2020 Novolipetsk Steel (NLMK)   10/06/2020 Calgary & Edmonton Railway Co (05GM)   10/06/2020 Canadian Pacific Railways (BC87)   10/06/2020 Aeci (87FZ)   10/06/2020 New Brunswick Railway Co (98HT)   11/06/2020 Orchard Funding Group PLC (ORCH)   11/06/2020 Persimmon PLC (PSN)   11/06/2020 Phoenix Spree Deutschland Limited (PSDL)   11/06/2020 Severn Trent PLC (SVT)   11/06/2020 Wpp PLC (WPP)   11/06/2020 Witan Pacific Investment Trust PLC (WPC)   11/06/2020 Triple Point Vct 2011 Plc B (TPOB)   11/06/2020 Triple Point Vct 2011 Plc A (TPOA)   11/06/2020 Sopheon PLC (SPE)   11/06/2020 Boot (Henry) PLC (BOOT)   11/06/2020 Assura PLC (AGR)   11/06/2020 Afh Financial Group PLC (AFHP)",
                "score": 0.975871,
                "arguments": [
                    {
                        "text": "Phoenix Spree Deutschland Limited",
                        "location": [
                            1684,
                            1717
                        ],
                        "entities": [
                            {
                                "type": "Organization",
                                "text": "Phoenix Spree Deutschland Limited",
                                "disambiguation": {
                                    "subtype": [
                                        "Commercial"
                                    ]
                                }
                            }
                        ]
                    },
                    {
                        "text": "PSDL",
                        "location": [
                            1719,
                            1723
                        ],
                        "entities": [
                            {
                                "type": "Ticker",
                                "text": "PSDL"
                            }
                        ]
                    }
                ]
            },
            {
                "type": "locatedAt",
                "sentence": "08/06/2020 Novolipetsk Iron and Steel Corp (NLMA)   08/06/2020 Acron Jsc (34NF)   08/06/2020 PJSC Acron (AKRN)   08/06/2020 Novolipetsk Steel (NLMK)   10/06/2020 Calgary & Edmonton Railway Co (05GM)   10/06/2020 Canadian Pacific Railways (BC87)   10/06/2020 Aeci (87FZ)   10/06/2020 New Brunswick Railway Co (98HT)   11/06/2020 Orchard Funding Group PLC (ORCH)   11/06/2020 Persimmon PLC (PSN)   11/06/2020 Phoenix Spree Deutschland Limited (PSDL)   11/06/2020 Severn Trent PLC (SVT)   11/06/2020 Wpp PLC (WPP)   11/06/2020 Witan Pacific Investment Trust PLC (WPC)   11/06/2020 Triple Point Vct 2011 Plc B (TPOB)   11/06/2020 Triple Point Vct 2011 Plc A (TPOA)   11/06/2020 Sopheon PLC (SPE)   11/06/2020 Boot (Henry) PLC (BOOT)   11/06/2020 Assura PLC (AGR)   11/06/2020 Afh Financial Group PLC (AFHP)",
                "score": 0.39315,
                "arguments": [
                    {
                        "text": "Trent PLC",
                        "location": [
                            1745,
                            1754
                        ],
                        "entities": [
                            {
                                "type": "Person",
                                "text": "Trent PLC"
                            }
                        ]
                    },
                    {
                        "text": "Severn",
                        "location": [
                            1738,
                            1744
                        ],
                        "entities": [
                            {
                                "type": "Facility",
                                "text": "Severn"
                            }
                        ]
                    }
                ]
            },
            {
                "type": "employedBy",
                "sentence": "08/06/2020 Novolipetsk Iron and Steel Corp (NLMA)   08/06/2020 Acron Jsc (34NF)   08/06/2020 PJSC Acron (AKRN)   08/06/2020 Novolipetsk Steel (NLMK)   10/06/2020 Calgary & Edmonton Railway Co (05GM)   10/06/2020 Canadian Pacific Railways (BC87)   10/06/2020 Aeci (87FZ)   10/06/2020 New Brunswick Railway Co (98HT)   11/06/2020 Orchard Funding Group PLC (ORCH)   11/06/2020 Persimmon PLC (PSN)   11/06/2020 Phoenix Spree Deutschland Limited (PSDL)   11/06/2020 Severn Trent PLC (SVT)   11/06/2020 Wpp PLC (WPP)   11/06/2020 Witan Pacific Investment Trust PLC (WPC)   11/06/2020 Triple Point Vct 2011 Plc B (TPOB)   11/06/2020 Triple Point Vct 2011 Plc A (TPOA)   11/06/2020 Sopheon PLC (SPE)   11/06/2020 Boot (Henry) PLC (BOOT)   11/06/2020 Assura PLC (AGR)   11/06/2020 Afh Financial Group PLC (AFHP)",
                "score": 0.683801,
                "arguments": [
                    {
                        "text": "Trent PLC",
                        "location": [
                            1745,
                            1754
                        ],
                        "entities": [
                            {
                                "type": "Person",
                                "text": "Trent PLC"
                            }
                        ]
                    },
                    {
                        "text": "SVT",
                        "location": [
                            1756,
                            1759
                        ],
                        "entities": [
                            {
                                "type": "Organization",
                                "text": "SVT",
                                "disambiguation": {
                                    "subtype": [
                                        "Commercial"
                                    ]
                                }
                            }
                        ]
                    }
                ]
            },
            {
                "type": "productOf",
                "sentence": "08/06/2020 Novolipetsk Iron and Steel Corp (NLMA)   08/06/2020 Acron Jsc (34NF)   08/06/2020 PJSC Acron (AKRN)   08/06/2020 Novolipetsk Steel (NLMK)   10/06/2020 Calgary & Edmonton Railway Co (05GM)   10/06/2020 Canadian Pacific Railways (BC87)   10/06/2020 Aeci (87FZ)   10/06/2020 New Brunswick Railway Co (98HT)   11/06/2020 Orchard Funding Group PLC (ORCH)   11/06/2020 Persimmon PLC (PSN)   11/06/2020 Phoenix Spree Deutschland Limited (PSDL)   11/06/2020 Severn Trent PLC (SVT)   11/06/2020 Wpp PLC (WPP)   11/06/2020 Witan Pacific Investment Trust PLC (WPC)   11/06/2020 Triple Point Vct 2011 Plc B (TPOB)   11/06/2020 Triple Point Vct 2011 Plc A (TPOA)   11/06/2020 Sopheon PLC (SPE)   11/06/2020 Boot (Henry) PLC (BOOT)   11/06/2020 Assura PLC (AGR)   11/06/2020 Afh Financial Group PLC (AFHP)",
                "score": 0.608109,
                "arguments": [
                    {
                        "text": "Wpp PLC",
                        "location": [
                            1774,
                            1781
                        ],
                        "entities": [
                            {
                                "type": "Product",
                                "text": "Wpp PLC"
                            }
                        ]
                    },
                    {
                        "text": "SVT",
                        "location": [
                            1756,
                            1759
                        ],
                        "entities": [
                            {
                                "type": "Organization",
                                "text": "SVT",
                                "disambiguation": {
                                    "subtype": [
                                        "Commercial"
                                    ]
                                }
                            }
                        ]
                    }
                ]
            },
            {
                "type": "employedBy",
                "sentence": "08/06/2020 Novolipetsk Iron and Steel Corp (NLMA)   08/06/2020 Acron Jsc (34NF)   08/06/2020 PJSC Acron (AKRN)   08/06/2020 Novolipetsk Steel (NLMK)   10/06/2020 Calgary & Edmonton Railway Co (05GM)   10/06/2020 Canadian Pacific Railways (BC87)   10/06/2020 Aeci (87FZ)   10/06/2020 New Brunswick Railway Co (98HT)   11/06/2020 Orchard Funding Group PLC (ORCH)   11/06/2020 Persimmon PLC (PSN)   11/06/2020 Phoenix Spree Deutschland Limited (PSDL)   11/06/2020 Severn Trent PLC (SVT)   11/06/2020 Wpp PLC (WPP)   11/06/2020 Witan Pacific Investment Trust PLC (WPC)   11/06/2020 Triple Point Vct 2011 Plc B (TPOB)   11/06/2020 Triple Point Vct 2011 Plc A (TPOA)   11/06/2020 Sopheon PLC (SPE)   11/06/2020 Boot (Henry) PLC (BOOT)   11/06/2020 Assura PLC (AGR)   11/06/2020 Afh Financial Group PLC (AFHP)",
                "score": 0.520286,
                "arguments": [
                    {
                        "text": "Henry",
                        "location": [
                            1988,
                            1993
                        ],
                        "entities": [
                            {
                                "type": "Person",
                                "text": "Henry"
                            }
                        ]
                    },
                    {
                        "text": "PLC",
                        "location": [
                            1995,
                            1998
                        ],
                        "entities": [
                            {
                                "type": "Organization",
                                "text": "Arrow Global Group PLC",
                                "disambiguation": {
                                    "subtype": [
                                        "Commercial"
                                    ]
                                }
                            }
                        ]
                    }
                ]
            },
            {
                "type": "hasAttribute",
                "sentence": "09/06/2020 Speedy Hire PLC (SDY)   09/06/2020 Mckay Securities PLC (MCKS)   09/06/2020 Big Yellow Group PLC (BYG)   09/06/2020 Aveva Group PLC (AVV)   10/06/2020 Castings PLC (CGS)   11/06/2020 Syncona Limited (SYNC)   11/06/2020 Onthemarket PLC (OTMP)   11/06/2020 Johnson Matthey PLC (JMAT)   11/06/2020 Jlen Environmental Assets Group Limited (JLEN)   11/06/2020 Mind Gym PLC (MIND)",
                "score": 0.963147,
                "arguments": [
                    {
                        "text": "Mckay Securities PLC",
                        "location": [
                            126,
                            146
                        ],
                        "entities": [
                            {
                                "type": "Organization",
                                "text": "Arrow Global Group PLC",
                                "disambiguation": {
                                    "subtype": [
                                        "Commercial"
                                    ]
                                }
                            }
                        ]
                    },
                    {
                        "text": "MCKS",
                        "location": [
                            148,
                            152
                        ],
                        "entities": [
                            {
                                "type": "Ticker",
                                "text": "MCKS"
                            }
                        ]
                    }
                ]
            },
            {
                "type": "hasAttribute",
                "sentence": "08/06/2020 Novolipetsk Iron and Steel Corp (NLMA)   08/06/2020 Acron Jsc (34NF)   08/06/2020 PJSC Acron (AKRN)   08/06/2020 Novolipetsk Steel (NLMK)   10/06/2020 Calgary & Edmonton Railway Co (05GM)   10/06/2020 Canadian Pacific Railways (BC87)   10/06/2020 Aeci (87FZ)   10/06/2020 New Brunswick Railway Co (98HT)   11/06/2020 Orchard Funding Group PLC (ORCH)   11/06/2020 Persimmon PLC (PSN)   11/06/2020 Phoenix Spree Deutschland Limited (PSDL)   11/06/2020 Severn Trent PLC (SVT)   11/06/2020 Wpp PLC (WPP)   11/06/2020 Witan Pacific Investment Trust PLC (WPC)   11/06/2020 Triple Point Vct 2011 Plc B (TPOB)   11/06/2020 Triple Point Vct 2011 Plc A (TPOA)   11/06/2020 Sopheon PLC (SPE)   11/06/2020 Boot (Henry) PLC (BOOT)   11/06/2020 Assura PLC (AGR)   11/06/2020 Afh Financial Group PLC (AFHP)",
                "score": 0.967984,
                "arguments": [
                    {
                        "text": "PLC",
                        "location": [
                            1995,
                            1998
                        ],
                        "entities": [
                            {
                                "type": "Organization",
                                "text": "Arrow Global Group PLC",
                                "disambiguation": {
                                    "subtype": [
                                        "Commercial"
                                    ]
                                }
                            }
                        ]
                    },
                    {
                        "text": "BOOT",
                        "location": [
                            2000,
                            2004
                        ],
                        "entities": [
                            {
                                "type": "Ticker",
                                "text": "BOOT"
                            }
                        ]
                    }
                ]
            },
            {
                "type": "productOf",
                "sentence": "08/06/2020 Novolipetsk Iron and Steel Corp (NLMA)   08/06/2020 Acron Jsc (34NF)   08/06/2020 PJSC Acron (AKRN)   08/06/2020 Novolipetsk Steel (NLMK)   10/06/2020 Calgary & Edmonton Railway Co (05GM)   10/06/2020 Canadian Pacific Railways (BC87)   10/06/2020 Aeci (87FZ)   10/06/2020 New Brunswick Railway Co (98HT)   11/06/2020 Orchard Funding Group PLC (ORCH)   11/06/2020 Persimmon PLC (PSN)   11/06/2020 Phoenix Spree Deutschland Limited (PSDL)   11/06/2020 Severn Trent PLC (SVT)   11/06/2020 Wpp PLC (WPP)   11/06/2020 Witan Pacific Investment Trust PLC (WPC)   11/06/2020 Triple Point Vct 2011 Plc B (TPOB)   11/06/2020 Triple Point Vct 2011 Plc A (TPOA)   11/06/2020 Sopheon PLC (SPE)   11/06/2020 Boot (Henry) PLC (BOOT)   11/06/2020 Assura PLC (AGR)   11/06/2020 Afh Financial Group PLC (AFHP)",
                "score": 0.661771,
                "arguments": [
                    {
                        "text": "Assura PLC",
                        "location": [
                            2019,
                            2029
                        ],
                        "entities": [
                            {
                                "type": "Product",
                                "text": "Assura PLC"
                            }
                        ]
                    },
                    {
                        "text": "PLC",
                        "location": [
                            1995,
                            1998
                        ],
                        "entities": [
                            {
                                "type": "Organization",
                                "text": "Arrow Global Group PLC",
                                "disambiguation": {
                                    "subtype": [
                                        "Commercial"
                                    ]
                                }
                            }
                        ]
                    }
                ]
            },
            {
                "type": "locatedAt",
                "sentence": "11/06/2020 Netease Inc Netease Adr Representing 25 Ord Shs (0K6G)   11/06/2020 London Security PLC (LSC)   11/06/2020 Acorn Income Fund Ltd (AIF)   11/06/2020 Arrow Global Group PLC (ARW)   11/06/2020 Frenkel Topping Group PLC (FEN)   11/06/2020 3I Group PLC (III)   12/06/2020 Coca-cola Co Coca-cola Ord Shs (0QZK)   12/06/2020 Merck Co Inc Merck Co Ord Shs (0QAH)",
                "score": 0.389334,
                "arguments": [
                    {
                        "text": "Netease Inc Netease Adr",
                        "location": [
                            2093,
                            2116
                        ],
                        "entities": [
                            {
                                "type": "Organization",
                                "text": "Netease Inc Netease Adr",
                                "disambiguation": {
                                    "subtype": [
                                        "Commercial"
                                    ]
                                }
                            }
                        ]
                    },
                    {
                        "text": "Ord Shs",
                        "location": [
                            2133,
                            2140
                        ],
                        "entities": [
                            {
                                "type": "Facility",
                                "text": "Ord Shs"
                            }
                        ]
                    }
                ]
            },
            {
                "type": "locatedAt",
                "sentence": "11/06/2020 Netease Inc Netease Adr Representing 25 Ord Shs (0K6G)   11/06/2020 London Security PLC (LSC)   11/06/2020 Acorn Income Fund Ltd (AIF)   11/06/2020 Arrow Global Group PLC (ARW)   11/06/2020 Frenkel Topping Group PLC (FEN)   11/06/2020 3I Group PLC (III)   12/06/2020 Coca-cola Co Coca-cola Ord Shs (0QZK)   12/06/2020 Merck Co Inc Merck Co Ord Shs (0QAH)",
                "score": 0.917825,
                "arguments": [
                    {
                        "text": "Ord Shs",
                        "location": [
                            2133,
                            2140
                        ],
                        "entities": [
                            {
                                "type": "Facility",
                                "text": "Ord Shs"
                            }
                        ]
                    },
                    {
                        "text": "London",
                        "location": [
                            2161,
                            2167
                        ],
                        "entities": [
                            {
                                "type": "GeopoliticalEntity",
                                "text": "London"
                            }
                        ]
                    }
                ]
            },
            {
                "type": "basedIn",
                "sentence": "11/06/2020 Netease Inc Netease Adr Representing 25 Ord Shs (0K6G)   11/06/2020 London Security PLC (LSC)   11/06/2020 Acorn Income Fund Ltd (AIF)   11/06/2020 Arrow Global Group PLC (ARW)   11/06/2020 Frenkel Topping Group PLC (FEN)   11/06/2020 3I Group PLC (III)   12/06/2020 Coca-cola Co Coca-cola Ord Shs (0QZK)   12/06/2020 Merck Co Inc Merck Co Ord Shs (0QAH)",
                "score": 0.949538,
                "arguments": [
                    {
                        "text": "Security PLC",
                        "location": [
                            2168,
                            2180
                        ],
                        "entities": [
                            {
                                "type": "Organization",
                                "text": "Corero Network Security PLC",
                                "disambiguation": {
                                    "subtype": [
                                        "Commercial"
                                    ]
                                }
                            }
                        ]
                    },
                    {
                        "text": "London",
                        "location": [
                            2161,
                            2167
                        ],
                        "entities": [
                            {
                                "type": "GeopoliticalEntity",
                                "text": "London"
                            }
                        ]
                    }
                ]
            },
            {
                "type": "employedBy",
                "sentence": "11/06/2020 Netease Inc Netease Adr Representing 25 Ord Shs (0K6G)   11/06/2020 London Security PLC (LSC)   11/06/2020 Acorn Income Fund Ltd (AIF)   11/06/2020 Arrow Global Group PLC (ARW)   11/06/2020 Frenkel Topping Group PLC (FEN)   11/06/2020 3I Group PLC (III)   12/06/2020 Coca-cola Co Coca-cola Ord Shs (0QZK)   12/06/2020 Merck Co Inc Merck Co Ord Shs (0QAH)",
                "score": 0.527658,
                "arguments": [
                    {
                        "text": "Frenkel Topping",
                        "location": [
                            2283,
                            2298
                        ],
                        "entities": [
                            {
                                "type": "Person",
                                "text": "Frenkel Topping"
                            }
                        ]
                    },
                    {
                        "text": "Group PLC",
                        "location": [
                            2299,
                            2308
                        ],
                        "entities": [
                            {
                                "type": "Organization",
                                "text": "Orchard Funding Group PLC",
                                "disambiguation": {
                                    "subtype": [
                                        "Commercial"
                                    ]
                                }
                            }
                        ]
                    }
                ]
            },
            {
                "type": "hasAttribute",
                "sentence": "09/06/2020 Speedy Hire PLC (SDY)   09/06/2020 Mckay Securities PLC (MCKS)   09/06/2020 Big Yellow Group PLC (BYG)   09/06/2020 Aveva Group PLC (AVV)   10/06/2020 Castings PLC (CGS)   11/06/2020 Syncona Limited (SYNC)   11/06/2020 Onthemarket PLC (OTMP)   11/06/2020 Johnson Matthey PLC (JMAT)   11/06/2020 Jlen Environmental Assets Group Limited (JLEN)   11/06/2020 Mind Gym PLC (MIND)",
                "score": 0.943381,
                "arguments": [
                    {
                        "text": "Aveva Group PLC",
                        "location": [
                            207,
                            222
                        ],
                        "entities": [
                            {
                                "type": "Organization",
                                "text": "Aveva Group PLC"
                            }
                        ]
                    },
                    {
                        "text": "AVV",
                        "location": [
                            224,
                            227
                        ],
                        "entities": [
                            {
                                "type": "Ticker",
                                "text": "AVV"
                            }
                        ]
                    }
                ]
            },
            {
                "type": "productOf",
                "sentence": "09/06/2020 Speedy Hire PLC (SDY)   09/06/2020 Mckay Securities PLC (MCKS)   09/06/2020 Big Yellow Group PLC (BYG)   09/06/2020 Aveva Group PLC (AVV)   10/06/2020 Castings PLC (CGS)   11/06/2020 Syncona Limited (SYNC)   11/06/2020 Onthemarket PLC (OTMP)   11/06/2020 Johnson Matthey PLC (JMAT)   11/06/2020 Jlen Environmental Assets Group Limited (JLEN)   11/06/2020 Mind Gym PLC (MIND)",
                "score": 0.632026,
                "arguments": [
                    {
                        "text": "Castings PLC",
                        "location": [
                            242,
                            254
                        ],
                        "entities": [
                            {
                                "type": "Product",
                                "text": "Castings PLC"
                            }
                        ]
                    },
                    {
                        "text": "Aveva Group PLC",
                        "location": [
                            207,
                            222
                        ],
                        "entities": [
                            {
                                "type": "Organization",
                                "text": "Aveva Group PLC"
                            }
                        ]
                    }
                ]
            },
            {
                "type": "partOf",
                "sentence": "08/06/2020 Sound Energy PLC (SOU)   08/06/2020 Vietnam Enterprise Investments Limited (VEIL)   08/06/2020 Starwood European Real Estate Finance Limited (SWEF)   09/06/2020 Nostrum Oil & Gas PLC (NOG)   09/06/2020 Silence Therapeutics PLC (SLN)   10/06/2020 Flowtech Fluidpower PLC (FLO)   10/06/2020 Tbc Bank Group PLC (TBCG)   11/06/2020 Parity Group PLC (PTY)   11/06/2020 Xeros Technology Group PLC (XSG)   11/06/2020 Nb Global Floating Rate Income Fund Limited (NBLS)   11/06/2020 Corero Network Security PLC (CNS)   11/06/2020 Bacanora Lithium PLC (BCN)   11/06/2020 Coats Group PLC (COA)   11/06/2020 Fair Oaks Income Fund Ltd (FAIR)   11/06/2020 Alfa Financial Software Holdings PLC (ALFA)   12/06/2020 Katoro Gold PLC (KAT)   12/06/2020 Informa PLC (INF)",
                "score": 0.481247,
                "arguments": [
                    {
                        "text": "Enterprise Investments Limited",
                        "location": [
                            544,
                            574
                        ],
                        "entities": [
                            {
                                "type": "Organization",
                                "text": "Enterprise Investments Limited"
                            }
                        ]
                    },
                    {
                        "text": "Vietnam",
                        "location": [
                            536,
                            543
                        ],
                        "entities": [
                            {
                                "type": "GeopoliticalEntity",
                                "text": "Vietnam",
                                "disambiguation": {
                                    "subtype": [
                                        "Country"
                                    ]
                                }
                            }
                        ]
                    }
                ]
            },
            {
                "type": "hasAttribute",
                "sentence": "08/06/2020 Sound Energy PLC (SOU)   08/06/2020 Vietnam Enterprise Investments Limited (VEIL)   08/06/2020 Starwood European Real Estate Finance Limited (SWEF)   09/06/2020 Nostrum Oil & Gas PLC (NOG)   09/06/2020 Silence Therapeutics PLC (SLN)   10/06/2020 Flowtech Fluidpower PLC (FLO)   10/06/2020 Tbc Bank Group PLC (TBCG)   11/06/2020 Parity Group PLC (PTY)   11/06/2020 Xeros Technology Group PLC (XSG)   11/06/2020 Nb Global Floating Rate Income Fund Limited (NBLS)   11/06/2020 Corero Network Security PLC (CNS)   11/06/2020 Bacanora Lithium PLC (BCN)   11/06/2020 Coats Group PLC (COA)   11/06/2020 Fair Oaks Income Fund Ltd (FAIR)   11/06/2020 Alfa Financial Software Holdings PLC (ALFA)   12/06/2020 Katoro Gold PLC (KAT)   12/06/2020 Informa PLC (INF)",
                "score": 0.449351,
                "arguments": [
                    {
                        "text": "Enterprise Investments Limited",
                        "location": [
                            544,
                            574
                        ],
                        "entities": [
                            {
                                "type": "Organization",
                                "text": "Enterprise Investments Limited"
                            }
                        ]
                    },
                    {
                        "text": "SWEF",
                        "location": [
                            642,
                            646
                        ],
                        "entities": [
                            {
                                "type": "Ticker",
                                "text": "SWEF"
                            }
                        ]
                    }
                ]
            },
            {
                "type": "hasAttribute",
                "sentence": "08/06/2020 Sound Energy PLC (SOU)   08/06/2020 Vietnam Enterprise Investments Limited (VEIL)   08/06/2020 Starwood European Real Estate Finance Limited (SWEF)   09/06/2020 Nostrum Oil & Gas PLC (NOG)   09/06/2020 Silence Therapeutics PLC (SLN)   10/06/2020 Flowtech Fluidpower PLC (FLO)   10/06/2020 Tbc Bank Group PLC (TBCG)   11/06/2020 Parity Group PLC (PTY)   11/06/2020 Xeros Technology Group PLC (XSG)   11/06/2020 Nb Global Floating Rate Income Fund Limited (NBLS)   11/06/2020 Corero Network Security PLC (CNS)   11/06/2020 Bacanora Lithium PLC (BCN)   11/06/2020 Coats Group PLC (COA)   11/06/2020 Fair Oaks Income Fund Ltd (FAIR)   11/06/2020 Alfa Financial Software Holdings PLC (ALFA)   12/06/2020 Katoro Gold PLC (KAT)   12/06/2020 Informa PLC (INF)",
                "score": 0.855627,
                "arguments": [
                    {
                        "text": "Starwood European Real Estate Finance Limited",
                        "location": [
                            595,
                            640
                        ],
                        "entities": [
                            {
                                "type": "Organization",
                                "text": "Starwood European Real Estate Finance Limited",
                                "disambiguation": {
                                    "subtype": [
                                        "Commercial"
                                    ]
                                }
                            }
                        ]
                    },
                    {
                        "text": "SWEF",
                        "location": [
                            642,
                            646
                        ],
                        "entities": [
                            {
                                "type": "Ticker",
                                "text": "SWEF"
                            }
                        ]
                    }
                ]
            },
            {
                "type": "hasAttribute",
                "sentence": "08/06/2020 Sound Energy PLC (SOU)   08/06/2020 Vietnam Enterprise Investments Limited (VEIL)   08/06/2020 Starwood European Real Estate Finance Limited (SWEF)   09/06/2020 Nostrum Oil & Gas PLC (NOG)   09/06/2020 Silence Therapeutics PLC (SLN)   10/06/2020 Flowtech Fluidpower PLC (FLO)   10/06/2020 Tbc Bank Group PLC (TBCG)   11/06/2020 Parity Group PLC (PTY)   11/06/2020 Xeros Technology Group PLC (XSG)   11/06/2020 Nb Global Floating Rate Income Fund Limited (NBLS)   11/06/2020 Corero Network Security PLC (CNS)   11/06/2020 Bacanora Lithium PLC (BCN)   11/06/2020 Coats Group PLC (COA)   11/06/2020 Fair Oaks Income Fund Ltd (FAIR)   11/06/2020 Alfa Financial Software Holdings PLC (ALFA)   12/06/2020 Katoro Gold PLC (KAT)   12/06/2020 Informa PLC (INF)",
                "score": 0.925468,
                "arguments": [
                    {
                        "text": "Tbc Bank Group PLC",
                        "location": [
                            789,
                            807
                        ],
                        "entities": [
                            {
                                "type": "Organization",
                                "text": "Tbc Bank Group PLC",
                                "disambiguation": {
                                    "subtype": [
                                        "Commercial"
                                    ]
                                }
                            }
                        ]
                    },
                    {
                        "text": "TBCG",
                        "location": [
                            809,
                            813
                        ],
                        "entities": [
                            {
                                "type": "Ticker",
                                "text": "TBCG"
                            }
                        ]
                    }
                ]
            },
            {
                "type": "hasAttribute",
                "sentence": "08/06/2020 Sound Energy PLC (SOU)   08/06/2020 Vietnam Enterprise Investments Limited (VEIL)   08/06/2020 Starwood European Real Estate Finance Limited (SWEF)   09/06/2020 Nostrum Oil & Gas PLC (NOG)   09/06/2020 Silence Therapeutics PLC (SLN)   10/06/2020 Flowtech Fluidpower PLC (FLO)   10/06/2020 Tbc Bank Group PLC (TBCG)   11/06/2020 Parity Group PLC (PTY)   11/06/2020 Xeros Technology Group PLC (XSG)   11/06/2020 Nb Global Floating Rate Income Fund Limited (NBLS)   11/06/2020 Corero Network Security PLC (CNS)   11/06/2020 Bacanora Lithium PLC (BCN)   11/06/2020 Coats Group PLC (COA)   11/06/2020 Fair Oaks Income Fund Ltd (FAIR)   11/06/2020 Alfa Financial Software Holdings PLC (ALFA)   12/06/2020 Katoro Gold PLC (KAT)   12/06/2020 Informa PLC (INF)",
                "score": 0.837161,
                "arguments": [
                    {
                        "text": "Xeros Technology Group PLC",
                        "location": [
                            864,
                            890
                        ],
                        "entities": [
                            {
                                "type": "Organization",
                                "text": "Xeros Technology Group PLC"
                            }
                        ]
                    },
                    {
                        "text": "XSG",
                        "location": [
                            892,
                            895
                        ],
                        "entities": [
                            {
                                "type": "Ticker",
                                "text": "XSG"
                            }
                        ]
                    }
                ]
            }
        ],
        "keywords": [
            {
                "text": "Shaftesbury PLC",
                "relevance": 0.727788,
                "count": 1
            },
            {
                "text": "Netease Inc Netease Adr",
                "relevance": 0.711087,
                "count": 1
            },
            {
                "text": "Edmonton Railway Co",
                "relevance": 0.665004,
                "count": 1
            },
            {
                "text": "Big Yellow Group PLC",
                "relevance": 0.616606,
                "count": 1
            },
            {
                "text": "Speedy Hire PLC",
                "relevance": 0.610378,
                "count": 1
            },
            {
                "text": "Jlen Environmental Assets Group Limited",
                "relevance": 0.604877,
                "count": 1
            },
            {
                "text": "Alfa Financial Software Holdings PLC",
                "relevance": 0.601441,
                "count": 1
            },
            {
                "text": "New Brunswick Railway Co",
                "relevance": 0.594451,
                "count": 1
            },
            {
                "text": "Triple Point Vct",
                "relevance": 0.582855,
                "count": 2
            },
            {
                "text": "Fair Oaks Income Fund Ltd",
                "relevance": 0.575956,
                "count": 1
            },
            {
                "text": "Nb Global",
                "relevance": 0.575845,
                "count": 1
            },
            {
                "text": "Mckay Securities PLC",
                "relevance": 0.568313,
                "count": 1
            },
            {
                "text": "Rate Income Fund Limited",
                "relevance": 0.559429,
                "count": 1
            },
            {
                "text": "Mind Gym PLC",
                "relevance": 0.558062,
                "count": 1
            },
            {
                "text": "Novolipetsk Iron",
                "relevance": 0.556255,
                "count": 1
            },
            {
                "text": "Aveva Group PLC",
                "relevance": 0.550306,
                "count": 1
            },
            {
                "text": "Vietnam Enterprise Investments Limited",
                "relevance": 0.541956,
                "count": 1
            },
            {
                "text": "Afh Financial Group PLC",
                "relevance": 0.541089,
                "count": 1
            },
            {
                "text": "Canadian Pacific Railways",
                "relevance": 0.540741,
                "count": 1
            },
            {
                "text": "Phoenix Spree Deutschland Limited",
                "relevance": 0.538699,
                "count": 1
            },
            {
                "text": "Wpp PLC",
                "relevance": 0.53847,
                "count": 1
            },
            {
                "text": "PJSC Acron",
                "relevance": 0.537608,
                "count": 1
            },
            {
                "text": "Corero Network Security PLC",
                "relevance": 0.535334,
                "count": 1
            },
            {
                "text": "Nostrum Oil",
                "relevance": 0.534416,
                "count": 1
            },
            {
                "text": "Arrow Global Group PLC",
                "relevance": 0.533753,
                "count": 1
            },
            {
                "text": "Tbc Bank Group PLC",
                "relevance": 0.533683,
                "count": 1
            },
            {
                "text": "Witan Pacific Investment Trust PLC",
                "relevance": 0.532542,
                "count": 1
            },
            {
                "text": "Syncona Limited",
                "relevance": 0.529557,
                "count": 1
            },
            {
                "text": "Xeros Technology Group PLC",
                "relevance": 0.52912,
                "count": 1
            },
            {
                "text": "Final Result",
                "relevance": 0.527482,
                "count": 1
            },
            {
                "text": "Orchard Funding Group PLC",
                "relevance": 0.526494,
                "count": 1
            },
            {
                "text": "Johnson Matthey PLC",
                "relevance": 0.525168,
                "count": 1
            },
            {
                "text": "Frenkel Topping Group PLC",
                "relevance": 0.524915,
                "count": 1
            },
            {
                "text": "Sound Energy PLC",
                "relevance": 0.521614,
                "count": 1
            },
            {
                "text": "Acron Jsc",
                "relevance": 0.520696,
                "count": 1
            },
            {
                "text": "Silence Therapeutics PLC",
                "relevance": 0.519594,
                "count": 1
            },
            {
                "text": "Flowtech Fluidpower PLC",
                "relevance": 0.5189,
                "count": 1
            },
            {
                "text": "Bacanora Lithium PLC",
                "relevance": 0.516942,
                "count": 1
            },
            {
                "text": "Boot",
                "relevance": 0.51652,
                "count": 2
            },
            {
                "text": "Katoro Gold PLC",
                "relevance": 0.516363,
                "count": 1
            },
            {
                "text": "Severn Trent PLC",
                "relevance": 0.515887,
                "count": 1
            },
            {
                "text": "Castings PLC",
                "relevance": 0.514866,
                "count": 1
            },
            {
                "text": "Acorn Income Fund Ltd",
                "relevance": 0.51413,
                "count": 1
            },
            {
                "text": "ALFA",
                "relevance": 0.509202,
                "count": 1
            },
            {
                "text": "Onthemarket PLC",
                "relevance": 0.509197,
                "count": 1
            },
            {
                "text": "Henry",
                "relevance": 0.508932,
                "count": 1
            },
            {
                "text": "MIND",
                "relevance": 0.508262,
                "count": 1
            },
            {
                "text": "Novolipetsk Steel",
                "relevance": 0.507366,
                "count": 1
            },
            {
                "text": "Story",
                "relevance": 0.50674,
                "count": 1
            },
            {
                "text": "AGM",
                "relevance": 0.50674,
                "count": 1
            }
        ]
    },
    "freqeuncy": "Continuous feed",
    "extracted_metadata": {
        "sha1": "e19b2746348d0c26f7a7bfb9b013a7cc1a39a5e6",
        "filename": "202006050200BIZFINNWNEWS__DL_6948803.json",
        "file_type": "json"
    },
    "companyRecord": "|||Computershare Investments (Uk) (NO.3) Limited|extractor|DUNS:736348082;NECOID:1445667617;ACORN:1434667617|MENTION||PARENT||XXXX|REFERENCE",
    "publicationTime": "2020-06-05T02:00:00-04:00",
    "title": "Company Events - 7 Days Ahead Events",
    "html": "<br /><h4>Interim Result</h4><p><chron>10/06/2020</chron> <org idsrc=\"xmltag.org\" value=\"LSE:SHB\">Shaftesbury PLC</org> (SHB)<br /></p><br /><h4>Final Result</h4><p><chron>09/06/2020</chron> <org idsrc=\"xmltag.org\" value=\"LSE:SDY\">Speedy Hire PLC</org> (SDY)<br /><chron>09/06/2020</chron> <org idsrc=\"xmltag.org\" value=\"ACORN:0653819911\">Mckay Securities PLC</org> (MCKS)<br /><chron>09/06/2020</chron> <org idsrc=\"xmltag.org\" value=\"LSE:BYG\">Big Yellow Group PLC</org> (BYG)<br /><chron>09/06/2020</chron> <org idsrc=\"xmltag.org\" value=\"LSE:AVV\">Aveva Group PLC</org> (AVV)<br /><chron>10/06/2020</chron> <org idsrc=\"xmltag.org\" value=\"LSE:CGS\">Castings PLC</org> (CGS)<br /><chron>11/06/2020</chron> <org idsrc=\"xmltag.org\" value=\"LSE:SYNC\">Syncona Limited</org> (SYNC)<br /><chron>11/06/2020</chron> <org idsrc=\"xmltag.org\" value=\"LSE:OTMP\">Onthemarket PLC</org> (OTMP)<br /><chron>11/06/2020</chron> <org idsrc=\"xmltag.org\" value=\"LSE:JMAT\">Johnson Matthey PLC</org> (JMAT)<br /><chron>11/06/2020</chron> <org idsrc=\"xmltag.org\" value=\"LSE:JLEN\">Jlen Environmental Assets Group Limited</org> (JLEN)<br /><chron>11/06/2020</chron> <org idsrc=\"xmltag.org\" value=\"LSE:MIND\">Mind Gym PLC</org> (MIND)<br /></p><br /><h4>AGM / EGM</h4><p><chron>08/06/2020</chron> <org idsrc=\"xmltag.org\" value=\"LSE:SOU\">Sound Energy PLC</org> (SOU)<br /><chron>08/06/2020</chron> <org idsrc=\"xmltag.org\" value=\"LSE:VEIL\">Vietnam Enterprise Investments Limited</org> (VEIL)<br /><chron>08/06/2020</chron> <org idsrc=\"xmltag.org\" value=\"LSE:SWEF\">Starwood European Real Estate Finance Limited</org> (SWEF)<br /><chron>09/06/2020</chron> <org idsrc=\"xmltag.org\" value=\"OTC-PINK:NSTRY\">Nostrum Oil &amp; Gas PLC</org> (NOG)<br /><chron>09/06/2020</chron> <org idsrc=\"xmltag.org\" value=\"LSE:SLN\">Silence Therapeutics PLC</org> (SLN)<br /><chron>10/06/2020</chron> <org idsrc=\"xmltag.org\" value=\"LSE:FLO\">Flowtech Fluidpower PLC</org> (FLO)<br /><chron>10/06/2020</chron> <org idsrc=\"xmltag.org\" value=\"LSE:TBCG\">Tbc Bank Group PLC</org> (TBCG)<br /><chron>11/06/2020</chron> <org idsrc=\"xmltag.org\" value=\"LSE:PTY\">Parity Group PLC</org> (PTY)<br /><chron>11/06/2020</chron> <org idsrc=\"xmltag.org\" value=\"LSE:XSG\">Xeros Technology Group PLC</org> (XSG)<br /><chron>11/06/2020</chron> <org idsrc=\"xmltag.org\" value=\"LSE:NBLS\">Nb Global Floating Rate Income Fund Limited</org> (NBLS)<br /><chron>11/06/2020</chron> <org idsrc=\"xmltag.org\" value=\"LSE:CNS\">Corero Network Security PLC</org> (CNS)<br /><chron>11/06/2020</chron> <org idsrc=\"xmltag.org\" value=\"LSE:BCN\">Bacanora Lithium PLC</org> (BCN)<br /><chron>11/06/2020</chron> <org idsrc=\"xmltag.org\" value=\"LSE:COA\">Coats Group PLC</org> (COA)<br /><chron>11/06/2020</chron> <org idsrc=\"xmltag.org\" value=\"LSE:FAIR\">Fair Oaks Income Fund Ltd</org> (FAIR)<br /><chron>11/06/2020</chron> <org idsrc=\"xmltag.org\" value=\"LSE:ALFA\">Alfa Financial Software Holdings PLC</org> (ALFA)<br /><chron>12/06/2020</chron> <org idsrc=\"xmltag.org\" value=\"LSE:KAT\">Katoro Gold PLC</org> (KAT)<br /><chron>12/06/2020</chron> <org idsrc=\"xmltag.org\" value=\"LSE:INF\">Informa PLC</org> (INF)<br /></p><br /><h4>Ex-Dividend</h4><p><chron>08/06/2020</chron> <org>Novolipetsk Iron and Steel Corp</org> (NLMA)<br /><chron>08/06/2020</chron> Acron Jsc (34NF)<br /><chron>08/06/2020</chron> PJSC Acron (AKRN)<br /><chron>08/06/2020</chron> Novolipetsk Steel (NLMK)<br /><chron>10/06/2020</chron> Calgary &amp; Edmonton Railway Co (05GM)<br /><chron>10/06/2020</chron> <org>Canadian Pacific Railways</org> (BC87)<br /><chron>10/06/2020</chron> Aeci (87FZ)<br /><chron>10/06/2020</chron> <org idsrc=\"xmltag.org\" value=\"ACORN:0358614715\">New Brunswick Railway Co</org> (98HT)<br /><chron>11/06/2020</chron> <org idsrc=\"xmltag.org\" value=\"LSE:ORCH\">Orchard Funding Group PLC</org> (ORCH)<br /><chron>11/06/2020</chron> <org idsrc=\"xmltag.org\" value=\"LSE:PSN\">Persimmon PLC</org> (PSN)<br /><chron>11/06/2020</chron> <org idsrc=\"xmltag.org\" value=\"LSE:PSDL\">Phoenix Spree Deutschland Limited</org> (PSDL)<br /><chron>11/06/2020</chron> <org idsrc=\"xmltag.org\" value=\"LSE:SVT\">Severn Trent PLC</org> (SVT)<br /><chron>11/06/2020</chron> <org idsrc=\"xmltag.org\" value=\"LSE:WPP\">Wpp PLC</org> (WPP)<br /><chron>11/06/2020</chron> <org idsrc=\"xmltag.org\" value=\"LSE:WPC\">Witan Pacific Investment Trust PLC</org> (WPC)<br /><chron>11/06/2020</chron> Triple Point Vct 2011 Plc B (TPOB)<br /><chron>11/06/2020</chron> Triple Point Vct 2011 Plc A (TPOA)<br /><chron>11/06/2020</chron> <org idsrc=\"xmltag.org\" value=\"LSE:SPE\">Sopheon PLC</org> (SPE)<br /><chron>11/06/2020</chron> <org>Boot (Henry) PLC</org> (BOOT)<br /><chron>11/06/2020</chron> <org idsrc=\"xmltag.org\" value=\"LSE:AGR\">Assura PLC</org> (AGR)<br /><chron>11/06/2020</chron> <org idsrc=\"xmltag.org\" value=\"LSE:AFHP\">Afh Financial Group PLC</org> (AFHP)<br /><chron>11/06/2020</chron> Netease Inc Netease Adr Representing 25 Ord Shs (0K6G)<br /><chron>11/06/2020</chron> <org idsrc=\"xmltag.org\" value=\"LSE:LSC\">London Security PLC</org> (LSC)<br /><chron>11/06/2020</chron> <org idsrc=\"xmltag.org\" value=\"LSE:AIF\">Acorn Income Fund Ltd</org> (AIF)<br /><chron>11/06/2020</chron> <org idsrc=\"xmltag.org\" value=\"LSE:ARW\">Arrow Global Group PLC</org> (ARW)<br /><chron>11/06/2020</chron> <org idsrc=\"xmltag.org\" value=\"LSE:FEN\">Frenkel Topping Group PLC</org> (FEN)<br /><chron>11/06/2020</chron> <org idsrc=\"xmltag.org\" value=\"LSE:III\">3I Group PLC</org> (III)<br /><chron>12/06/2020</chron> Coca-cola Co Coca-cola Ord Shs (0QZK)<br /><chron>12/06/2020</chron> Merck  Co Inc Merck  Co Ord Shs (0QAH)<br /></p><p>Story provided by <a href=\"http://StockMarketWire.com\">StockMarketWire.com</a></p>",
    "geoFocus": [
        [
            "GC/us",
            "United States"
        ]
    ]
}