{
    "id": "28567f09-6f52-4605-bdbd-a52e8a062cf1",
    "result_metadata": {
        "score": 1
    },
    "copyright": "(c)  2000 - 2020 Al Bawaba. All Rights Reserved. Provided by SyndiGate Media Inc. (Syndigate.info).",
    "geoOrigin": "Dubai, United Arab Emirates",
    "sourceType": "General Newswire",
    "source": "Tenders Monitor Africa-Asia",
    "corpus_document_id": "21380824877212924034",
    "description": "Company: MUNICIPAL NON-COMMERCIAL ENTERPRISE \" ODESSA REGIONAL CENTER OF SOCIALLY SIGNIFICANT DISEASES\" OF ODESSA REGIONAL COUNCIL. Address: 65014, Ukraine, Odessa region, Odessa, street Leontovicha, 9/ 1, 11 Attn: Halyna Yevhenivna Ivashchenko Tel: +380632360110. Description: Tenders are invited for Glassware for Laboratory, Sanitary or Pharmaceutical...",
    "serviceName": "Middle East & North African Newspapers",
    "locationCode": [
        {
            "parent": "LR/eur",
            "relevance_score": "9",
            "description": "Eastern Europe",
            "code": "LB/eeur#9#49#90",
            "level": 1
        },
        {
            "parent": "LB/eeur",
            "relevance_score": "9",
            "description": "Ukraine",
            "code": "LC/ua#9#90#90",
            "level": 2
        },
        {
            "code": "LC/ue#9#50#90",
            "description": "",
            "relevance_score": "9"
        },
        {
            "parent": null,
            "relevance_score": "9",
            "description": "Europe",
            "code": "LR/eur#9#49#90",
            "level": 0
        }
    ],
    "sourceClass": "Business and Commerce",
    "subjectCode": [
        {
            "parent": null,
            "relevance_score": "8",
            "description": "Politics and Government",
            "code": "IS/pol#8#50#82",
            "level": 0
        },
        {
            "parent": "IS/pol",
            "relevance_score": "8",
            "description": "Local Government",
            "code": "IS/pol.local#8#82#50",
            "level": 1
        },
        {
            "parent": "IS/pol.spec",
            "relevance_score": "6",
            "description": "Government Contract Solicitations",
            "code": "IS/pol.govrfp#6#66#50",
            "level": 2
        },
        {
            "parent": "IS/spec",
            "relevance_score": "6",
            "description": "Structured Politics and Government Content",
            "code": "IS/pol.spec#6#50#66",
            "level": 1
        }
    ],
    "text": "Company : MUNICIPAL NON-COMMERCIAL ENTERPRISE \"ODESSA REGIONAL CENTER OF\nSOCIALLY SIGNIFICANT DISEASES\" OF ODESSA REGIONAL COUNCIL\n\nAddress : 65014, Ukraine, Odessa region, Odessa, street Leontovicha, 9/1, 11\nAttn: Halyna Yevhenivna Ivashchenko Tel: +380632360110\n\nEmail : [odesftiz2@ukr.net](mailto:odesftiz2@ukr.net)\n\nCountry : Ukraine\n\nLocation : Ukraine\n\nTender_No : UA-2020-06-04-007800-b\n\nValue : UAH 260000\n\nDead line : 2020-06-22\n\nLocal International : International\n\nFunding Agency : No\n\nDescription : Tenders are invited for Glassware for Laboratory, Sanitary or\nPharmaceutical Purposes Plan: 260000.00 UAH VAT incl Minimum step size: 1300\nUAH Clarification: from 2020-06-04 20:30:14 to 2020-06-12 12:30:00 Bids\nsubmission: from 2020-06-04 20:30:14 to 2020-06-22 12:30:00 Appeals: from\n2020-06-04 20:30:14 to 2020-06-18 02:30:00 [Disclaimer: The above text is\nmachine translated. For accurate information kindly refer the original\ndocument.]\n\nDocument : [\nhttp://www.bidsinfo.com/adminexe/documents/-UA1~20200605-20741279.html](http://www.bidsinfo.com/adminexe/documents/-UA1~20200605-20741279.html)",
    "industryCode": [],
    "naviga_enrichment": {
        "org": [],
        "location": [
            "ODESSA",
            "Ukraine",
            "Odessa"
        ],
        "person": [],
        "companies": []
    },
    "geoOrigin_code": "RU/ae..dubai",
    "language": "English",
    "filename": "202006050058ALBA____ME_NA_NE_48187_176206197_138.930.XML",
    "providerName": "SyndiGate Media Inc.",
    "enriched_text": {
        "entities": [
            {
                "count": 1,
                "sentiment": {
                    "score": 0,
                    "label": "neutral"
                },
                "text": "ODESSA REGIONAL CENTER OF",
                "relevance": 0.935099,
                "type": "Organization"
            },
            {
                "count": 3,
                "sentiment": {
                    "score": 0,
                    "label": "neutral"
                },
                "text": "Ukraine",
                "relevance": 0.85615,
                "type": "Location",
                "disambiguation": {
                    "subtype": [
                        "Region",
                        "GovernmentalJurisdiction",
                        "Cuisine",
                        "ProjectParticipant",
                        "Country"
                    ],
                    "name": "Ukraine",
                    "dbpedia_resource": "http://dbpedia.org/resource/Ukraine"
                }
            },
            {
                "count": 1,
                "sentiment": {
                    "score": 0,
                    "label": "neutral"
                },
                "text": "ODESSA REGIONAL COUNCIL",
                "relevance": 0.805261,
                "type": "Organization"
            },
            {
                "count": 2,
                "sentiment": {
                    "score": 0,
                    "label": "neutral"
                },
                "text": "Odessa",
                "relevance": 0.752928,
                "type": "Location",
                "disambiguation": {
                    "subtype": [
                        "AwardWinner",
                        "City"
                    ],
                    "name": "Odessa",
                    "dbpedia_resource": "http://dbpedia.org/resource/Odessa"
                }
            },
            {
                "count": 1,
                "sentiment": {
                    "score": 0,
                    "label": "neutral"
                },
                "text": "Halyna Yevhenivna Ivashchenko Tel",
                "relevance": 0.461164,
                "type": "Location",
                "disambiguation": {
                    "subtype": [
                        "City"
                    ]
                }
            },
            {
                "count": 1,
                "sentiment": {
                    "score": 0,
                    "label": "neutral"
                },
                "text": "incl",
                "relevance": 0.407953,
                "type": "HealthCondition",
                "disambiguation": {
                    "subtype": [],
                    "name": "Infantile neuronal ceroid lipofuscinosis",
                    "dbpedia_resource": "http://dbpedia.org/resource/Infantile_neuronal_ceroid_lipofuscinosis"
                }
            },
            {
                "count": 2,
                "sentiment": {
                    "score": 0,
                    "label": "neutral"
                },
                "text": "odesftiz2@ukr.net",
                "relevance": 0.407953,
                "type": "EmailAddress"
            }
        ],
        "semantic_roles": [
            {
                "subject": {
                    "text": "Tenders"
                },
                "sentence": " Description : Tenders are invited for Glassware for Laboratory, Sanitary or",
                "object": {
                    "text": "for Glassware"
                },
                "action": {
                    "verb": {
                        "text": "invite",
                        "tense": "past"
                    },
                    "text": "are invited",
                    "normalized": "be invite"
                }
            },
            {
                "subject": {
                    "text": "accurate information"
                },
                "sentence": " For accurate information kindly refer the original",
                "object": {
                    "text": "the original"
                },
                "action": {
                    "verb": {
                        "text": "refer",
                        "tense": "present"
                    },
                    "text": "refer",
                    "normalized": "refer"
                }
            }
        ],
        "categories": [
            {
                "score": 0.609908,
                "label": "/technology and computing/internet technology/email"
            },
            {
                "score": 0.578514,
                "label": "/law, govt and politics"
            },
            {
                "score": 0.567324,
                "label": "/technology and computing/enterprise technology"
            }
        ],
        "relations": [
            {
                "type": "locatedAt",
                "sentence": "Address : 65014, Ukraine, Odessa region, Odessa, street Leontovicha, 9/1, 11 Attn: Halyna Yevhenivna Ivashchenko Tel: +380632360110",
                "score": 0.488123,
                "arguments": [
                    {
                        "text": "Ukraine",
                        "location": [
                            149,
                            156
                        ],
                        "entities": [
                            {
                                "type": "GeopoliticalEntity",
                                "text": "Ukraine",
                                "disambiguation": {
                                    "subtype": [
                                        "Country"
                                    ]
                                }
                            }
                        ]
                    },
                    {
                        "text": "Odessa region",
                        "location": [
                            158,
                            171
                        ],
                        "entities": [
                            {
                                "type": "GeopoliticalEntity",
                                "text": "Odessa region"
                            }
                        ]
                    }
                ]
            },
            {
                "type": "locatedAt",
                "sentence": "Address : 65014, Ukraine, Odessa region, Odessa, street Leontovicha, 9/1, 11 Attn: Halyna Yevhenivna Ivashchenko Tel: +380632360110",
                "score": 0.833568,
                "arguments": [
                    {
                        "text": "Odessa region",
                        "location": [
                            158,
                            171
                        ],
                        "entities": [
                            {
                                "type": "GeopoliticalEntity",
                                "text": "Odessa region"
                            }
                        ]
                    },
                    {
                        "text": "Odessa",
                        "location": [
                            173,
                            179
                        ],
                        "entities": [
                            {
                                "type": "GeopoliticalEntity",
                                "text": "Odessa"
                            }
                        ]
                    }
                ]
            },
            {
                "type": "locatedAt",
                "sentence": "Address : 65014, Ukraine, Odessa region, Odessa, street Leontovicha, 9/1, 11 Attn: Halyna Yevhenivna Ivashchenko Tel: +380632360110",
                "score": 0.537576,
                "arguments": [
                    {
                        "text": "street",
                        "location": [
                            181,
                            187
                        ],
                        "entities": [
                            {
                                "type": "Facility",
                                "text": "street"
                            }
                        ]
                    },
                    {
                        "text": "Odessa region",
                        "location": [
                            158,
                            171
                        ],
                        "entities": [
                            {
                                "type": "GeopoliticalEntity",
                                "text": "Odessa region"
                            }
                        ]
                    }
                ]
            }
        ],
        "keywords": [
            {
                "text": "Pharmaceutical Purposes Plan",
                "relevance": 0.836474,
                "count": 1
            },
            {
                "text": "accurate information",
                "relevance": 0.708086,
                "count": 1
            },
            {
                "text": "ODESSA REGIONAL CENTER OF",
                "relevance": 0.656308,
                "count": 1
            },
            {
                "text": "MUNICIPAL NON-COMMERCIAL ENTERPRISE",
                "relevance": 0.648934,
                "count": 1
            },
            {
                "text": "SIGNIFICANT DISEASES",
                "relevance": 0.612453,
                "count": 1
            },
            {
                "text": "Halyna Yevhenivna Ivashchenko Tel",
                "relevance": 0.593305,
                "count": 1
            },
            {
                "text": "Description",
                "relevance": 0.570404,
                "count": 1
            },
            {
                "text": "Company",
                "relevance": 0.559929,
                "count": 1
            },
            {
                "text": "Odessa region",
                "relevance": 0.557349,
                "count": 1
            },
            {
                "text": "Tenders",
                "relevance": 0.549659,
                "count": 1
            },
            {
                "text": "UAH",
                "relevance": 0.546459,
                "count": 1
            },
            {
                "text": "Local International",
                "relevance": 0.544661,
                "count": 1
            },
            {
                "text": "Dead line",
                "relevance": 0.535092,
                "count": 1
            },
            {
                "text": "Disclaimer",
                "relevance": 0.530333,
                "count": 1
            },
            {
                "text": "UAH Clarification",
                "relevance": 0.526985,
                "count": 1
            },
            {
                "text": "Ukraine",
                "relevance": 0.524122,
                "count": 1
            },
            {
                "text": "Email",
                "relevance": 0.5213,
                "count": 1
            },
            {
                "text": "machine",
                "relevance": 0.5213,
                "count": 1
            },
            {
                "text": "Glassware",
                "relevance": 0.51693,
                "count": 1
            },
            {
                "text": "Country",
                "relevance": 0.516644,
                "count": 1
            },
            {
                "text": "above text",
                "relevance": 0.514288,
                "count": 1
            },
            {
                "text": "Laboratory",
                "relevance": 0.513965,
                "count": 1
            },
            {
                "text": "Odessa",
                "relevance": 0.513944,
                "count": 1
            },
            {
                "text": "Document",
                "relevance": 0.511518,
                "count": 1
            },
            {
                "text": "Agency",
                "relevance": 0.511518,
                "count": 1
            },
            {
                "text": "Appeals",
                "relevance": 0.511518,
                "count": 1
            },
            {
                "text": "street Leontovicha",
                "relevance": 0.504546,
                "count": 1
            },
            {
                "text": "Attn",
                "relevance": 0.461352,
                "count": 1
            },
            {
                "text": "UAH VAT incl Minimum step size",
                "relevance": 0.453233,
                "count": 1
            },
            {
                "text": "UA-2020-06",
                "relevance": 0.430878,
                "count": 1
            },
            {
                "text": "Sanitary",
                "relevance": 0.426082,
                "count": 1
            },
            {
                "text": "mailto",
                "relevance": 0.426082,
                "count": 1
            },
            {
                "text": "International",
                "relevance": 0.422679,
                "count": 1
            }
        ]
    },
    "freqeuncy": "Continuous feed",
    "extracted_metadata": {
        "sha1": "5f6105ccb3aea282f50a0f3abd9e51e457aac1d1",
        "filename": "202006050058ALBA____ME_NA_NE_48187_176206197_138.930.json",
        "file_type": "json"
    },
    "companyRecord": "",
    "publicationTime": "2020-06-05T00:58:00-04:00",
    "title": "Glassware for Laboratory, Sanitary or Pharmaceutical Purposes",
    "html": "<p>Company : MUNICIPAL NON-COMMERCIAL ENTERPRISE \"<location idsrc=\"xmltag.org\" value=\"LU/ue..odessa\">ODESSA</location> REGIONAL CENTER OF SOCIALLY SIGNIFICANT DISEASES\" OF <location idsrc=\"xmltag.org\" value=\"LU/ue..odessa\">ODESSA</location> REGIONAL COUNCIL</p>\n<p>Address : 65014, <location idsrc=\"xmltag.org\" value=\"LC/ua\">Ukraine</location>, <location idsrc=\"xmltag.org\" value=\"LU/ue..odessa\">Odessa</location> region, Odessa, street Leontovicha, 9/1, 11 Attn: Halyna Yevhenivna Ivashchenko Tel: +380632360110</p>\n<p>Email : <a href=\"mailto:odesftiz2@ukr.net\">odesftiz2@ukr.net</a></p>\n<p>Country : <location idsrc=\"xmltag.org\" value=\"LC/ua\">Ukraine</location></p>\n<p>Location : <location idsrc=\"xmltag.org\" value=\"LC/ua\">Ukraine</location></p>\n<p>Tender_No : UA-2020-06-04-007800-b</p>\n<p>Value : UAH 260000</p>\n<p>Dead line : 2020-06-22</p>\n<p>Local International : International</p>\n<p>Funding Agency : No</p>\n<p>Description : Tenders are invited for Glassware for Laboratory, Sanitary or Pharmaceutical Purposes Plan: 260000.00 UAH VAT incl Minimum step size: 1300 UAH Clarification: from 2020-06-04 20:30:14 to 2020-06-12 12:30:00 Bids submission: from 2020-06-04 20:30:14 to 2020-06-22 12:30:00 Appeals: from 2020-06-04 20:30:14 to 2020-06-18 02:30:00 [Disclaimer: The above text is machine translated. For accurate information kindly refer the original document.]</p>\n<p>Document : <a href=\"http://www.bidsinfo.com/adminexe/documents/-UA1~20200605-20741279.html\"> http://www.bidsinfo.com/adminexe/documents/-UA1~20200605-20741279.html</a></p>",
    "geoFocus": [
        [
            "GR/afr",
            "Africa"
        ],
        [
            "GR/as",
            "Asia"
        ]
    ]
}