{
    "id": "2dbd1d0c-3501-43be-aab4-5256621118f7",
    "result_metadata": {
        "score": 1
    },
    "copyright": "\u00a9 Copyright 2020, Lee Enterprises, Incorporated d/b/a The Quad-City Times, All Rights Reserved.",
    "geoOrigin": "Davenport, Iowa",
    "sourceType": "Newspaper",
    "source": "Quad-City Times (Davenport, IA)",
    "corpus_document_id": "72423042676712639291",
    "description": "MUSCATINE After discussion of an amended 28 E agreement with the Eastern Iowa Mental Health and Disability Services Region, the Muscatine County board of Supervisors held off on voting on the governmental agreement until addressing several concerns. Last year Muscatine County had voted to leave the region, only to be denied admittance by the South East Iowa...",
    "serviceName": "Newspapers",
    "locationCode": [
        {
            "parent": "LR/am",
            "relevance_score": "9",
            "description": "North America",
            "code": "LB/nam#9#49#90",
            "level": 1
        },
        {
            "parent": "LB/nam",
            "relevance_score": "9",
            "description": "United States",
            "code": "LC/us#9#50#90",
            "level": 2
        },
        {
            "parent": null,
            "relevance_score": "9",
            "description": "Americas",
            "code": "LR/am#9#49#90",
            "level": 0
        },
        {
            "code": "LR/nam#9#49#90",
            "description": "",
            "relevance_score": "9"
        }
    ],
    "sourceClass": "General News",
    "subjectCode": [
        {
            "parent": null,
            "relevance_score": "7",
            "description": "Health and Wellness",
            "code": "IS/haw#7#50#78",
            "level": 0
        },
        {
            "parent": "IS/haw",
            "relevance_score": "7",
            "description": "Medical Disorders and Diseases",
            "code": "IS/haw.disease#7#50#78",
            "level": 1
        },
        {
            "parent": "IS/haw.disease",
            "relevance_score": "7",
            "description": "Mental Illness",
            "code": "IS/haw.mentalil#7#78#50",
            "level": 2
        }
    ],
    "text": "MUSCATINE \u0096 After discussion of an amended 28E agreement with the Eastern Iowa\nMental Health and Disability Services Region, the Muscatine County board of\nSupervisors held off on voting on the governmental agreement until addressing\nseveral concerns.\n\nDuring the discussion at the regular supervisor meeting Monday morning, region\nCEO Lori Elam said the main changes in the agreement are three new members on\nthe governing board as well as new personnel to provide services. She also\nsaid some of the new members of the board will be ex officio members. The\nboard will also use a weighted voting process during meetings. The agreement\nalso discussed when leadership roles on the board would be elected.\n\n\"The main reason the 28E agreement is being amended is because of the\nchildren's behavioral health bill that was passed in May 2019,\" Elam said.\n\"The regions, starting Jan. 1, will be providing access or information and\nreferral and ensuring services are available to children with a diagnosis of\nserious emotional disorders.\"\n\nElam said a policy was also being written regarding internal disputes that\nwould be added to the agreement later. Last year Muscatine County had voted to\nleave the region, only to be denied admittance by the South East Iowa Link\nregion. The Iowa Department of Human Services (DHS) had assigned Muscatine\nCounty back to the Eastern Iowa region after the governing board had denied\nre-admittance.\n\nSupervisor Nathan Mather, also an attorney, asked several questions regarding\nthe new agreement. He asked for clarification on the section dealing with re-\nappointment of directors. Elam said the appointments were made by the advisory\ncommittees and that most of the changes to the agreement were being done as a\nresult of DHS mandates.\n\n\"They are tying our hands once again,\" Elam said. \"Maybe this will change next\nyear as we discuss legislation regarding the children's bill and all of the\nrequirements that came with it.\"\n\nMather also asked if the board was just a \"rubber stamp\" and had to approve\nany nomination made by the advisory committees. Elam responded \"it does appear\nso, yes.\"\n\nThere were a few other clarifications Mather asked for, including how votes\nwere taken. He commented with the weighted vote and the additional members,\neach vote taken by the governing board would have 18 votes. Elam said the\nquestions would be brought up to the governing board.\n\nElam asked supervisor chair Jeff Sorensen to contact governing board chair Ken\nBeck regarding the concerns of the agreement. Sorensen said he would contact\nBeck that afternoon and that the supervisors would vote on the agreement\nduring its June 15 meeting.",
    "industryCode": [],
    "naviga_enrichment": {
        "org": [
            "Eastern Iowa Mental Health",
            "Iowa Department of Human Services"
        ],
        "location": [
            "MUSCATINE",
            "Disability Services Region",
            "Muscatine County",
            "Eastern Iowa"
        ],
        "person": [
            "Lori Elam",
            "Nathan Mather",
            "Jeff Sorensen",
            "Ken Beck"
        ],
        "companies": [
            "Iowa Department of Human Services",
            "Eastern Iowa Mental Health"
        ]
    },
    "geoOrigin_code": "RU/us.ia.dvnprt",
    "language": "English",
    "filename": "202006080000NEWSBANKNEWSPPRS64EE1A910429005872AE5495D304283.XML",
    "providerName": "NewsBank",
    "enriched_text": {
        "entities": [
            {
                "count": 9,
                "sentiment": {
                    "score": -0.534018,
                    "label": "negative"
                },
                "text": "CEO Lori Elam",
                "relevance": 0.974858,
                "type": "Person"
            },
            {
                "count": 5,
                "sentiment": {
                    "score": 0.494952,
                    "label": "positive"
                },
                "text": "Supervisor Nathan Mather",
                "relevance": 0.422158,
                "type": "Person"
            },
            {
                "count": 3,
                "sentiment": {
                    "score": -0.426895,
                    "label": "negative"
                },
                "text": "Muscatine County",
                "relevance": 0.344695,
                "type": "Location",
                "disambiguation": {
                    "subtype": [
                        "AdministrativeDivision",
                        "USCounty",
                        "StateOrCounty"
                    ],
                    "name": "Muscatine County, Iowa",
                    "dbpedia_resource": "http://dbpedia.org/resource/Muscatine_County,_Iowa"
                }
            },
            {
                "count": 2,
                "sentiment": {
                    "score": 0,
                    "label": "neutral"
                },
                "text": "MUSCATINE",
                "relevance": 0.311939,
                "type": "Location",
                "disambiguation": {
                    "subtype": [
                        "City"
                    ],
                    "name": "Muscatine, Iowa",
                    "dbpedia_resource": "http://dbpedia.org/resource/Muscatine,_Iowa"
                }
            },
            {
                "count": 3,
                "sentiment": {
                    "score": -0.469997,
                    "label": "negative"
                },
                "text": "Iowa",
                "relevance": 0.256147,
                "type": "Location",
                "disambiguation": {
                    "subtype": [
                        "PoliticalDistrict",
                        "AdministrativeDivision",
                        "GovernmentalJurisdiction",
                        "USState",
                        "StateOrCounty"
                    ],
                    "name": "Iowa",
                    "dbpedia_resource": "http://dbpedia.org/resource/Iowa"
                }
            },
            {
                "count": 2,
                "sentiment": {
                    "score": 0,
                    "label": "neutral"
                },
                "text": "supervisor",
                "relevance": 0.252462,
                "type": "JobTitle"
            },
            {
                "count": 1,
                "sentiment": {
                    "score": -0.518826,
                    "label": "negative"
                },
                "text": "Disability Services Region",
                "relevance": 0.235328,
                "type": "JobTitle"
            },
            {
                "count": 3,
                "sentiment": {
                    "score": 0,
                    "label": "neutral"
                },
                "text": "Department of Human Services",
                "relevance": 0.215417,
                "type": "Organization",
                "disambiguation": {
                    "subtype": [],
                    "name": "Department of Human Services",
                    "dbpedia_resource": "http://dbpedia.org/resource/Department_of_Human_Services"
                }
            },
            {
                "count": 3,
                "sentiment": {
                    "score": -0.758681,
                    "label": "negative"
                },
                "text": "Beck",
                "relevance": 0.201652,
                "type": "Person",
                "disambiguation": {
                    "subtype": [
                        "Composer",
                        "MusicalArtist",
                        "AwardNominee",
                        "AwardWinner",
                        "BroadcastArtist",
                        "Celebrity",
                        "FilmMusicContributor",
                        "Guitarist",
                        "Lyricist",
                        "MusicalGroupMember",
                        "RecordingEngineer",
                        "RecordProducer",
                        "Songwriter",
                        "TVActor"
                    ],
                    "name": "Beck",
                    "dbpedia_resource": "http://dbpedia.org/resource/Beck"
                }
            },
            {
                "count": 2,
                "sentiment": {
                    "score": 0,
                    "label": "neutral"
                },
                "text": "Jeff Sorensen",
                "relevance": 0.186274,
                "type": "Person"
            },
            {
                "count": 1,
                "sentiment": {
                    "score": -0.399498,
                    "label": "negative"
                },
                "text": "Eastern Iowa",
                "relevance": 0.18441,
                "type": "Location",
                "disambiguation": {
                    "subtype": [
                        "Region"
                    ]
                }
            },
            {
                "count": 1,
                "sentiment": {
                    "score": -0.469997,
                    "label": "negative"
                },
                "text": "South East",
                "relevance": 0.148966,
                "type": "Location",
                "disambiguation": {
                    "subtype": [
                        "Region"
                    ]
                }
            },
            {
                "count": 1,
                "sentiment": {
                    "score": 0,
                    "label": "neutral"
                },
                "text": "Ken",
                "relevance": 0.138217,
                "type": "Person"
            },
            {
                "count": 1,
                "sentiment": {
                    "score": 0,
                    "label": "neutral"
                },
                "text": "attorney",
                "relevance": 0.137124,
                "type": "JobTitle"
            }
        ],
        "semantic_roles": [
            {
                "subject": {
                    "text": "Supervisors"
                },
                "sentence": " Supervisors held off on voting on the governmental agreement until addressing",
                "object": {
                    "text": "on voting on the governmental agreement"
                },
                "action": {
                    "verb": {
                        "text": "hold",
                        "tense": "past"
                    },
                    "text": "held",
                    "normalized": "hold"
                }
            },
            {
                "subject": {
                    "text": "Supervisors"
                },
                "sentence": " Supervisors held off on voting on the governmental agreement until addressing",
                "object": {
                    "text": "on the governmental agreement"
                },
                "action": {
                    "verb": {
                        "text": "vote",
                        "tense": "future"
                    },
                    "text": "voting",
                    "normalized": "vote"
                }
            },
            {
                "subject": {
                    "text": "CEO Lori Elam"
                },
                "sentence": " CEO Lori Elam said the main changes in the agreement are three new members on",
                "object": {
                    "text": "the main changes in the agreement are three new members on"
                },
                "action": {
                    "verb": {
                        "text": "say",
                        "tense": "past"
                    },
                    "text": "said",
                    "normalized": "say"
                }
            },
            {
                "subject": {
                    "text": "new personnel"
                },
                "sentence": " the governing board as well as new personnel to provide services.",
                "object": {
                    "text": "services"
                },
                "action": {
                    "verb": {
                        "text": "provide",
                        "tense": "future"
                    },
                    "text": "to provide",
                    "normalized": "to provide"
                }
            },
            {
                "subject": {
                    "text": "some of the new members of the board"
                },
                "sentence": " said some of the new members of the board will be ex officio members.",
                "object": {
                    "text": "ex officio members"
                },
                "action": {
                    "verb": {
                        "text": "be",
                        "tense": "future"
                    },
                    "text": "will be",
                    "normalized": "will be"
                }
            },
            {
                "subject": {
                    "text": "board"
                },
                "sentence": " board will also use a weighted voting process during meetings.",
                "object": {
                    "text": "a weighted voting process"
                },
                "action": {
                    "verb": {
                        "text": "use",
                        "tense": "future"
                    },
                    "text": "will also use",
                    "normalized": "will also use"
                }
            },
            {
                "subject": {
                    "text": "leadership"
                },
                "sentence": " also discussed when leadership roles on the board would be elected.",
                "object": {
                    "text": "on the board would be elected"
                },
                "action": {
                    "verb": {
                        "text": "roles",
                        "tense": "present"
                    },
                    "text": "roles",
                    "normalized": "roles"
                }
            },
            {
                "subject": {
                    "text": "leadership roles on the board"
                },
                "sentence": " also discussed when leadership roles on the board would be elected.",
                "object": {
                    "text": "elected"
                },
                "action": {
                    "verb": {
                        "text": "be",
                        "tense": "future"
                    },
                    "text": "be",
                    "normalized": "be"
                }
            },
            {
                "subject": {
                    "text": "the 28E agreement"
                },
                "sentence": " \"The main reason the 28E agreement is being amended is because of the",
                "object": {
                    "text": "amended"
                },
                "action": {
                    "verb": {
                        "text": "be",
                        "tense": "present"
                    },
                    "text": "being",
                    "normalized": "be"
                }
            },
            {
                "subject": {
                    "text": "children's behavioral health bill that"
                },
                "sentence": " children's behavioral health bill that was passed in May 2019,\" Elam said.",
                "object": {
                    "text": "passed in May 2019"
                },
                "action": {
                    "verb": {
                        "text": "be",
                        "tense": "past"
                    },
                    "text": "was",
                    "normalized": "be"
                }
            },
            {
                "subject": {
                    "text": "children's behavioral health bill"
                },
                "sentence": " children's behavioral health bill that was passed in May 2019,\" Elam said.",
                "action": {
                    "verb": {
                        "text": "pass",
                        "tense": "past"
                    },
                    "text": "was passed",
                    "normalized": "be pass"
                }
            },
            {
                "subject": {
                    "text": "Elam"
                },
                "sentence": " children's behavioral health bill that was passed in May 2019,\" Elam said.",
                "object": {
                    "text": "children's behavioral health bill that was passed in May 2019"
                },
                "action": {
                    "verb": {
                        "text": "say",
                        "tense": "future"
                    },
                    "text": "said",
                    "normalized": "say"
                }
            },
            {
                "subject": {
                    "text": "The regions"
                },
                "sentence": " \"The regions, starting Jan. 1, will be providing access or information and",
                "object": {
                    "text": "providing access or information"
                },
                "action": {
                    "verb": {
                        "text": "be",
                        "tense": "future"
                    },
                    "text": "be",
                    "normalized": "be"
                }
            },
            {
                "subject": {
                    "text": "The regions, starting Jan. 1,"
                },
                "sentence": " \"The regions, starting Jan. 1, will be providing access or information and",
                "object": {
                    "text": "access or information"
                },
                "action": {
                    "verb": {
                        "text": "provide",
                        "tense": "future"
                    },
                    "text": "will be providing",
                    "normalized": "will be provide"
                }
            },
            {
                "subject": {
                    "text": "referral and ensuring services"
                },
                "sentence": " referral and ensuring services are available to children with a diagnosis of",
                "object": {
                    "text": "available to children"
                },
                "action": {
                    "verb": {
                        "text": "be",
                        "tense": "present"
                    },
                    "text": "are",
                    "normalized": "be"
                }
            },
            {
                "subject": {
                    "text": "Elam"
                },
                "sentence": " Elam said a policy was also being written regarding internal disputes that",
                "object": {
                    "text": "a policy was also being written regarding internal disputes that"
                },
                "action": {
                    "verb": {
                        "text": "say",
                        "tense": "past"
                    },
                    "text": "said",
                    "normalized": "say"
                }
            },
            {
                "subject": {
                    "text": "Muscatine County"
                },
                "sentence": " Last year Muscatine County had voted to",
                "object": {
                    "text": "voted"
                },
                "action": {
                    "verb": {
                        "text": "have",
                        "tense": "past"
                    },
                    "text": "had",
                    "normalized": "have"
                }
            },
            {
                "subject": {
                    "text": "Muscatine County"
                },
                "sentence": " Last year Muscatine County had voted to",
                "action": {
                    "verb": {
                        "text": "vote",
                        "tense": "past"
                    },
                    "text": "had voted",
                    "normalized": "have vote"
                }
            },
            {
                "subject": {
                    "text": "Supervisor Nathan Mather, also an attorney,"
                },
                "sentence": " Supervisor Nathan Mather, also an attorney, asked several questions regarding",
                "object": {
                    "text": "several questions regarding"
                },
                "action": {
                    "verb": {
                        "text": "ask",
                        "tense": "past"
                    },
                    "text": "asked",
                    "normalized": "ask"
                }
            },
            {
                "subject": {
                    "text": "He"
                },
                "sentence": " He asked for clarification on the section dealing with re-",
                "object": {
                    "text": "for clarification on the section dealing with re-"
                },
                "action": {
                    "verb": {
                        "text": "ask",
                        "tense": "past"
                    },
                    "text": "asked",
                    "normalized": "ask"
                }
            },
            {
                "subject": {
                    "text": "Elam"
                },
                "sentence": " Elam said the appointments were made by the advisory",
                "object": {
                    "text": "the appointments were made by the advisory"
                },
                "action": {
                    "verb": {
                        "text": "say",
                        "tense": "past"
                    },
                    "text": "said",
                    "normalized": "say"
                }
            },
            {
                "subject": {
                    "text": "by the advisory"
                },
                "sentence": " Elam said the appointments were made by the advisory",
                "object": {
                    "text": "the appointments"
                },
                "action": {
                    "verb": {
                        "text": "make",
                        "tense": "past"
                    },
                    "text": "were made",
                    "normalized": "be make"
                }
            },
            {
                "subject": {
                    "text": "They"
                },
                "sentence": " \"They are tying our hands once again,\" Elam said.",
                "object": {
                    "text": "tying our hands"
                },
                "action": {
                    "verb": {
                        "text": "be",
                        "tense": "present"
                    },
                    "text": "are",
                    "normalized": "be"
                }
            },
            {
                "subject": {
                    "text": "They"
                },
                "sentence": " \"They are tying our hands once again,\" Elam said.",
                "object": {
                    "text": "our hands"
                },
                "action": {
                    "verb": {
                        "text": "tie",
                        "tense": "present"
                    },
                    "text": "are tying",
                    "normalized": "be tie"
                }
            },
            {
                "subject": {
                    "text": "Elam"
                },
                "sentence": " \"They are tying our hands once again,\" Elam said.",
                "object": {
                    "text": "They are tying our hands once again"
                },
                "action": {
                    "verb": {
                        "text": "say",
                        "tense": "past"
                    },
                    "text": "said",
                    "normalized": "say"
                }
            },
            {
                "subject": {
                    "text": "this"
                },
                "sentence": " \"Maybe this will change next",
                "action": {
                    "verb": {
                        "text": "change",
                        "tense": "future"
                    },
                    "text": "will change",
                    "normalized": "will change"
                }
            },
            {
                "subject": {
                    "text": "we"
                },
                "sentence": " year as we discuss legislation regarding the children's bill and all of the",
                "object": {
                    "text": "legislation regarding the children's bill and all of the"
                },
                "action": {
                    "verb": {
                        "text": "discuss",
                        "tense": "present"
                    },
                    "text": "discuss",
                    "normalized": "discuss"
                }
            },
            {
                "subject": {
                    "text": "Mather"
                },
                "sentence": " Mather also asked if the board was just a \"rubber stamp\" and had to approve",
                "object": {
                    "text": "if the board was just a \"rubber stamp\" and had to approve"
                },
                "action": {
                    "verb": {
                        "text": "ask",
                        "tense": "past"
                    },
                    "text": "asked",
                    "normalized": "ask"
                }
            },
            {
                "subject": {
                    "text": "by the advisory committees"
                },
                "sentence": " any nomination made by the advisory committees.",
                "object": {
                    "text": "any nomination"
                },
                "action": {
                    "verb": {
                        "text": "make",
                        "tense": "past"
                    },
                    "text": "made",
                    "normalized": "make"
                }
            },
            {
                "subject": {
                    "text": "Elam"
                },
                "sentence": " Elam responded \"it does appear",
                "object": {
                    "text": "it"
                },
                "action": {
                    "verb": {
                        "text": "respond",
                        "tense": "past"
                    },
                    "text": "responded",
                    "normalized": "respond"
                }
            },
            {
                "subject": {
                    "text": "Mather"
                },
                "sentence": " There were a few other clarifications Mather asked for, including how votes",
                "object": {
                    "text": "a few other clarifications"
                },
                "action": {
                    "verb": {
                        "text": "ask",
                        "tense": "past"
                    },
                    "text": "asked",
                    "normalized": "ask"
                }
            },
            {
                "subject": {
                    "text": "He"
                },
                "sentence": " He commented with the weighted vote and the additional members,",
                "object": {
                    "text": "with the weighted vote and the additional members,"
                },
                "action": {
                    "verb": {
                        "text": "comment",
                        "tense": "past"
                    },
                    "text": "commented",
                    "normalized": "comment"
                }
            },
            {
                "subject": {
                    "text": "by the governing board"
                },
                "sentence": " each vote taken by the governing board would have 18 votes.",
                "object": {
                    "text": "each vote"
                },
                "action": {
                    "verb": {
                        "text": "take",
                        "tense": "past"
                    },
                    "text": "taken",
                    "normalized": "take"
                }
            },
            {
                "subject": {
                    "text": "questions"
                },
                "sentence": " questions would be brought up to the governing board.",
                "object": {
                    "text": "to the governing board"
                },
                "action": {
                    "verb": {
                        "text": "bring",
                        "tense": "future"
                    },
                    "text": "would be brought",
                    "normalized": "would be bring"
                }
            },
            {
                "subject": {
                    "text": "supervisor chair Jeff Sorensen"
                },
                "sentence": " Elam asked supervisor chair Jeff Sorensen to contact governing board chair Ken",
                "object": {
                    "text": "governing board chair Ken"
                },
                "action": {
                    "verb": {
                        "text": "contact",
                        "tense": "future"
                    },
                    "text": "contact",
                    "normalized": "contact"
                }
            },
            {
                "subject": {
                    "text": "Beck"
                },
                "sentence": " Beck regarding the concerns of the agreement.",
                "object": {
                    "text": "the concerns of the agreement"
                },
                "action": {
                    "verb": {
                        "text": "regard",
                        "tense": "present"
                    },
                    "text": "regarding",
                    "normalized": "regard"
                }
            },
            {
                "subject": {
                    "text": "Sorensen"
                },
                "sentence": " Sorensen said he would contact",
                "object": {
                    "text": "he would contact"
                },
                "action": {
                    "verb": {
                        "text": "say",
                        "tense": "past"
                    },
                    "text": "said",
                    "normalized": "say"
                }
            },
            {
                "subject": {
                    "text": "the supervisors"
                },
                "sentence": " Beck that afternoon and that the supervisors would vote on the agreement",
                "object": {
                    "text": "on the agreement"
                },
                "action": {
                    "verb": {
                        "text": "vote",
                        "tense": "future"
                    },
                    "text": "would vote",
                    "normalized": "would vote"
                }
            }
        ],
        "categories": [
            {
                "score": 0.894567,
                "label": "/law, govt and politics"
            },
            {
                "score": 0.792729,
                "label": "/law, govt and politics/government"
            },
            {
                "score": 0.650918,
                "label": "/law, govt and politics/government/parliament"
            }
        ],
        "relations": [
            {
                "type": "partOf",
                "sentence": "MUSCATINE \u0096 After discussion of an amended 28E agreement with the Eastern Iowa Mental Health and Disability Services Region, the Muscatine County board of Supervisors held off on voting on the governmental agreement until addressing several concerns.",
                "score": 0.9889,
                "arguments": [
                    {
                        "text": "board",
                        "location": [
                            146,
                            151
                        ],
                        "entities": [
                            {
                                "type": "Organization",
                                "text": "governing board chair"
                            }
                        ]
                    },
                    {
                        "text": "Muscatine County",
                        "location": [
                            129,
                            145
                        ],
                        "entities": [
                            {
                                "type": "GeopoliticalEntity",
                                "text": "Muscatine County"
                            }
                        ]
                    }
                ]
            },
            {
                "type": "agentOf",
                "sentence": "Supervisor Nathan Mather, also an attorney, asked several questions regarding the new agreement.",
                "score": 0.807347,
                "arguments": [
                    {
                        "text": "Nathan Mather",
                        "location": [
                            1439,
                            1452
                        ],
                        "entities": [
                            {
                                "type": "Person",
                                "text": "Nathan Mather"
                            }
                        ]
                    },
                    {
                        "text": "asked",
                        "location": [
                            1472,
                            1477
                        ],
                        "entities": [
                            {
                                "type": "EventCommunication",
                                "text": "asked"
                            }
                        ]
                    }
                ]
            },
            {
                "type": "agentOf",
                "sentence": "He asked for clarification on the section dealing with re- appointment of directors.",
                "score": 0.990624,
                "arguments": [
                    {
                        "text": "He",
                        "location": [
                            1525,
                            1527
                        ],
                        "entities": [
                            {
                                "type": "Person",
                                "text": "Nathan Mather"
                            }
                        ]
                    },
                    {
                        "text": "asked",
                        "location": [
                            1528,
                            1533
                        ],
                        "entities": [
                            {
                                "type": "EventCommunication",
                                "text": "asked"
                            }
                        ]
                    }
                ]
            },
            {
                "type": "agentOf",
                "sentence": "Elam said the appointments were made by the advisory committees and that most of the changes to the agreement were being done as a result of DHS mandates.",
                "score": 0.996108,
                "arguments": [
                    {
                        "text": "Elam",
                        "location": [
                            1610,
                            1614
                        ],
                        "entities": [
                            {
                                "type": "Person",
                                "text": "Lori Elam"
                            }
                        ]
                    },
                    {
                        "text": "said",
                        "location": [
                            1615,
                            1619
                        ],
                        "entities": [
                            {
                                "type": "EventCommunication",
                                "text": "said"
                            }
                        ]
                    }
                ]
            },
            {
                "type": "agentOf",
                "sentence": "\"They are tying our hands once again,\" Elam said.",
                "score": 0.99828,
                "arguments": [
                    {
                        "text": "Elam",
                        "location": [
                            1805,
                            1809
                        ],
                        "entities": [
                            {
                                "type": "Person",
                                "text": "Lori Elam"
                            }
                        ]
                    },
                    {
                        "text": "said",
                        "location": [
                            1810,
                            1814
                        ],
                        "entities": [
                            {
                                "type": "EventCommunication",
                                "text": "said"
                            }
                        ]
                    }
                ]
            },
            {
                "type": "timeOf",
                "sentence": "\"Maybe this will change next year as we discuss legislation regarding the children's bill and all of the requirements that came with it.\"",
                "score": 0.524152,
                "arguments": [
                    {
                        "text": "next\nyear",
                        "location": [
                            1840,
                            1849
                        ],
                        "entities": [
                            {
                                "type": "Date",
                                "text": "next\nyear"
                            }
                        ]
                    },
                    {
                        "text": "discuss",
                        "location": [
                            1856,
                            1863
                        ],
                        "entities": [
                            {
                                "type": "EventMeeting",
                                "text": "meeting"
                            }
                        ]
                    }
                ]
            },
            {
                "type": "participantIn",
                "sentence": "\"Maybe this will change next year as we discuss legislation regarding the children's bill and all of the requirements that came with it.\"",
                "score": 0.788155,
                "arguments": [
                    {
                        "text": "we",
                        "location": [
                            1853,
                            1855
                        ],
                        "entities": [
                            {
                                "type": "Person",
                                "text": "They"
                            }
                        ]
                    },
                    {
                        "text": "discuss",
                        "location": [
                            1856,
                            1863
                        ],
                        "entities": [
                            {
                                "type": "EventMeeting",
                                "text": "meeting"
                            }
                        ]
                    }
                ]
            },
            {
                "type": "participantIn",
                "sentence": "\"Maybe this will change next year as we discuss legislation regarding the children's bill and all of the requirements that came with it.\"",
                "score": 0.634945,
                "arguments": [
                    {
                        "text": "children",
                        "location": [
                            1890,
                            1898
                        ],
                        "entities": [
                            {
                                "type": "Person",
                                "text": "children"
                            }
                        ]
                    },
                    {
                        "text": "discuss",
                        "location": [
                            1856,
                            1863
                        ],
                        "entities": [
                            {
                                "type": "EventMeeting",
                                "text": "meeting"
                            }
                        ]
                    }
                ]
            },
            {
                "type": "agentOf",
                "sentence": "Mather also asked if the board was just a \"rubber stamp\" and had to approve any nomination made by the advisory committees.",
                "score": 0.944804,
                "arguments": [
                    {
                        "text": "Mather",
                        "location": [
                            1955,
                            1961
                        ],
                        "entities": [
                            {
                                "type": "Person",
                                "text": "Nathan Mather"
                            }
                        ]
                    },
                    {
                        "text": "asked",
                        "location": [
                            1967,
                            1972
                        ],
                        "entities": [
                            {
                                "type": "EventCommunication",
                                "text": "asked"
                            }
                        ]
                    }
                ]
            },
            {
                "type": "agentOf",
                "sentence": "Elam responded \"it does appear so, yes.\"",
                "score": 0.997413,
                "arguments": [
                    {
                        "text": "Elam",
                        "location": [
                            2079,
                            2083
                        ],
                        "entities": [
                            {
                                "type": "Person",
                                "text": "Lori Elam"
                            }
                        ]
                    },
                    {
                        "text": "responded",
                        "location": [
                            2084,
                            2093
                        ],
                        "entities": [
                            {
                                "type": "EventCommunication",
                                "text": "responded"
                            }
                        ]
                    }
                ]
            },
            {
                "type": "agentOf",
                "sentence": "There were a few other clarifications Mather asked for, including how votes were taken.",
                "score": 0.995387,
                "arguments": [
                    {
                        "text": "Mather",
                        "location": [
                            2159,
                            2165
                        ],
                        "entities": [
                            {
                                "type": "Person",
                                "text": "Nathan Mather"
                            }
                        ]
                    },
                    {
                        "text": "asked",
                        "location": [
                            2166,
                            2171
                        ],
                        "entities": [
                            {
                                "type": "EventCommunication",
                                "text": "asked"
                            }
                        ]
                    }
                ]
            },
            {
                "type": "agentOf",
                "sentence": "He commented with the weighted vote and the additional members, each vote taken by the governing board would have 18 votes.",
                "score": 0.982475,
                "arguments": [
                    {
                        "text": "He",
                        "location": [
                            2209,
                            2211
                        ],
                        "entities": [
                            {
                                "type": "Person",
                                "text": "Nathan Mather"
                            }
                        ]
                    },
                    {
                        "text": "commented",
                        "location": [
                            2212,
                            2221
                        ],
                        "entities": [
                            {
                                "type": "EventCommunication",
                                "text": "commented"
                            }
                        ]
                    }
                ]
            },
            {
                "type": "agentOf",
                "sentence": "Elam said the questions would be brought up to the governing board.",
                "score": 0.99723,
                "arguments": [
                    {
                        "text": "Elam",
                        "location": [
                            2333,
                            2337
                        ],
                        "entities": [
                            {
                                "type": "Person",
                                "text": "Lori Elam"
                            }
                        ]
                    },
                    {
                        "text": "said",
                        "location": [
                            2338,
                            2342
                        ],
                        "entities": [
                            {
                                "type": "EventCommunication",
                                "text": "said"
                            }
                        ]
                    }
                ]
            },
            {
                "type": "partOf",
                "sentence": "MUSCATINE \u0096 After discussion of an amended 28E agreement with the Eastern Iowa Mental Health and Disability Services Region, the Muscatine County board of Supervisors held off on voting on the governmental agreement until addressing several concerns.",
                "score": 0.861734,
                "arguments": [
                    {
                        "text": "board",
                        "location": [
                            146,
                            151
                        ],
                        "entities": [
                            {
                                "type": "Organization",
                                "text": "governing board chair"
                            }
                        ]
                    },
                    {
                        "text": "Supervisors",
                        "location": [
                            155,
                            166
                        ],
                        "entities": [
                            {
                                "type": "Organization",
                                "text": "Supervisors"
                            }
                        ]
                    }
                ]
            },
            {
                "type": "agentOf",
                "sentence": "Elam asked supervisor chair Jeff Sorensen to contact governing board chair Ken Beck regarding the concerns of the agreement.",
                "score": 0.993061,
                "arguments": [
                    {
                        "text": "Elam",
                        "location": [
                            2402,
                            2406
                        ],
                        "entities": [
                            {
                                "type": "Person",
                                "text": "Lori Elam"
                            }
                        ]
                    },
                    {
                        "text": "asked",
                        "location": [
                            2407,
                            2412
                        ],
                        "entities": [
                            {
                                "type": "EventCommunication",
                                "text": "asked"
                            }
                        ]
                    }
                ]
            },
            {
                "type": "affectedBy",
                "sentence": "Elam asked supervisor chair Jeff Sorensen to contact governing board chair Ken Beck regarding the concerns of the agreement.",
                "score": 0.6774,
                "arguments": [
                    {
                        "text": "supervisor chair",
                        "location": [
                            2413,
                            2429
                        ],
                        "entities": [
                            {
                                "type": "Person",
                                "text": "Jeff Sorensen"
                            }
                        ]
                    },
                    {
                        "text": "asked",
                        "location": [
                            2407,
                            2412
                        ],
                        "entities": [
                            {
                                "type": "EventCommunication",
                                "text": "asked"
                            }
                        ]
                    }
                ]
            },
            {
                "type": "employedBy",
                "sentence": "Elam asked supervisor chair Jeff Sorensen to contact governing board chair Ken Beck regarding the concerns of the agreement.",
                "score": 0.699154,
                "arguments": [
                    {
                        "text": "Ken\nBeck",
                        "location": [
                            2477,
                            2485
                        ],
                        "entities": [
                            {
                                "type": "Person",
                                "text": "Ken\nBeck"
                            }
                        ]
                    },
                    {
                        "text": "governing board chair",
                        "location": [
                            2455,
                            2476
                        ],
                        "entities": [
                            {
                                "type": "Organization",
                                "text": "governing board chair"
                            }
                        ]
                    }
                ]
            },
            {
                "type": "agentOf",
                "sentence": "Sorensen said he would contact Beck that afternoon and that the supervisors would vote on the agreement during its June 15 meeting.",
                "score": 0.99786,
                "arguments": [
                    {
                        "text": "Sorensen",
                        "location": [
                            2527,
                            2535
                        ],
                        "entities": [
                            {
                                "type": "Person",
                                "text": "Jeff Sorensen"
                            }
                        ]
                    },
                    {
                        "text": "said",
                        "location": [
                            2536,
                            2540
                        ],
                        "entities": [
                            {
                                "type": "EventCommunication",
                                "text": "said"
                            }
                        ]
                    }
                ]
            },
            {
                "type": "participantIn",
                "sentence": "Sorensen said he would contact Beck that afternoon and that the supervisors would vote on the agreement during its June 15 meeting.",
                "score": 0.510345,
                "arguments": [
                    {
                        "text": "supervisors",
                        "location": [
                            2591,
                            2602
                        ],
                        "entities": [
                            {
                                "type": "Person",
                                "text": "supervisors"
                            }
                        ]
                    },
                    {
                        "text": "meeting",
                        "location": [
                            2650,
                            2657
                        ],
                        "entities": [
                            {
                                "type": "EventMeeting",
                                "text": "meeting"
                            }
                        ]
                    }
                ]
            },
            {
                "type": "participantIn",
                "sentence": "Sorensen said he would contact Beck that afternoon and that the supervisors would vote on the agreement during its June 15 meeting.",
                "score": 0.818094,
                "arguments": [
                    {
                        "text": "its",
                        "location": [
                            2638,
                            2641
                        ],
                        "entities": [
                            {
                                "type": "Organization",
                                "text": "governing board chair"
                            }
                        ]
                    },
                    {
                        "text": "meeting",
                        "location": [
                            2650,
                            2657
                        ],
                        "entities": [
                            {
                                "type": "EventMeeting",
                                "text": "meeting"
                            }
                        ]
                    }
                ]
            },
            {
                "type": "timeOf",
                "sentence": "Sorensen said he would contact Beck that afternoon and that the supervisors would vote on the agreement during its June 15 meeting.",
                "score": 0.951048,
                "arguments": [
                    {
                        "text": "June 15",
                        "location": [
                            2642,
                            2649
                        ],
                        "entities": [
                            {
                                "type": "Date",
                                "text": "June 15"
                            }
                        ]
                    },
                    {
                        "text": "meeting",
                        "location": [
                            2650,
                            2657
                        ],
                        "entities": [
                            {
                                "type": "EventMeeting",
                                "text": "meeting"
                            }
                        ]
                    }
                ]
            },
            {
                "type": "participantIn",
                "sentence": "During the discussion at the regular supervisor meeting Monday morning, region CEO Lori Elam said the main changes in the agreement are three new members on the governing board as well as new personnel to provide services.",
                "score": 0.494503,
                "arguments": [
                    {
                        "text": "supervisor",
                        "location": [
                            289,
                            299
                        ],
                        "entities": [
                            {
                                "type": "Person",
                                "text": "Lori Elam"
                            }
                        ]
                    },
                    {
                        "text": "discussion",
                        "location": [
                            263,
                            273
                        ],
                        "entities": [
                            {
                                "type": "EventMeeting",
                                "text": "discussion"
                            }
                        ]
                    }
                ]
            },
            {
                "type": "participantIn",
                "sentence": "During the discussion at the regular supervisor meeting Monday morning, region CEO Lori Elam said the main changes in the agreement are three new members on the governing board as well as new personnel to provide services.",
                "score": 0.887925,
                "arguments": [
                    {
                        "text": "supervisor",
                        "location": [
                            289,
                            299
                        ],
                        "entities": [
                            {
                                "type": "Person",
                                "text": "Lori Elam"
                            }
                        ]
                    },
                    {
                        "text": "meeting",
                        "location": [
                            300,
                            307
                        ],
                        "entities": [
                            {
                                "type": "EventMeeting",
                                "text": "discussion"
                            }
                        ]
                    }
                ]
            },
            {
                "type": "timeOf",
                "sentence": "During the discussion at the regular supervisor meeting Monday morning, region CEO Lori Elam said the main changes in the agreement are three new members on the governing board as well as new personnel to provide services.",
                "score": 0.616747,
                "arguments": [
                    {
                        "text": "Monday morning",
                        "location": [
                            308,
                            322
                        ],
                        "entities": [
                            {
                                "type": "Time",
                                "text": "Monday morning"
                            }
                        ]
                    },
                    {
                        "text": "meeting",
                        "location": [
                            300,
                            307
                        ],
                        "entities": [
                            {
                                "type": "EventMeeting",
                                "text": "discussion"
                            }
                        ]
                    }
                ]
            },
            {
                "type": "employedBy",
                "sentence": "During the discussion at the regular supervisor meeting Monday morning, region CEO Lori Elam said the main changes in the agreement are three new members on the governing board as well as new personnel to provide services.",
                "score": 0.282896,
                "arguments": [
                    {
                        "text": "CEO",
                        "location": [
                            331,
                            334
                        ],
                        "entities": [
                            {
                                "type": "Person",
                                "text": "Lori Elam"
                            }
                        ]
                    },
                    {
                        "text": "region",
                        "location": [
                            324,
                            330
                        ],
                        "entities": [
                            {
                                "type": "GeopoliticalEntity",
                                "text": "MUSCATINE"
                            }
                        ]
                    }
                ]
            },
            {
                "type": "agentOf",
                "sentence": "During the discussion at the regular supervisor meeting Monday morning, region CEO Lori Elam said the main changes in the agreement are three new members on the governing board as well as new personnel to provide services.",
                "score": 0.997819,
                "arguments": [
                    {
                        "text": "Lori Elam",
                        "location": [
                            335,
                            344
                        ],
                        "entities": [
                            {
                                "type": "Person",
                                "text": "Lori Elam"
                            }
                        ]
                    },
                    {
                        "text": "said",
                        "location": [
                            345,
                            349
                        ],
                        "entities": [
                            {
                                "type": "EventCommunication",
                                "text": "said"
                            }
                        ]
                    }
                ]
            },
            {
                "type": "agentOf",
                "sentence": "She also said some of the new members of the board will be ex officio members.",
                "score": 0.911501,
                "arguments": [
                    {
                        "text": "She",
                        "location": [
                            475,
                            478
                        ],
                        "entities": [
                            {
                                "type": "Person",
                                "text": "Lori Elam"
                            }
                        ]
                    },
                    {
                        "text": "said",
                        "location": [
                            484,
                            488
                        ],
                        "entities": [
                            {
                                "type": "EventCommunication",
                                "text": "said"
                            }
                        ]
                    }
                ]
            },
            {
                "type": "agentOf",
                "sentence": "\"The main reason the 28E agreement is being amended is because of the children's behavioral health bill that was passed in May 2019,\" Elam said.",
                "score": 0.99828,
                "arguments": [
                    {
                        "text": "Elam",
                        "location": [
                            838,
                            842
                        ],
                        "entities": [
                            {
                                "type": "Person",
                                "text": "Lori Elam"
                            }
                        ]
                    },
                    {
                        "text": "said",
                        "location": [
                            843,
                            847
                        ],
                        "entities": [
                            {
                                "type": "EventCommunication",
                                "text": "said"
                            }
                        ]
                    }
                ]
            },
            {
                "type": "agentOf",
                "sentence": "Elam said a policy was also being written regarding internal disputes that would be added to the agreement later.",
                "score": 0.997267,
                "arguments": [
                    {
                        "text": "Elam",
                        "location": [
                            1032,
                            1036
                        ],
                        "entities": [
                            {
                                "type": "Person",
                                "text": "Lori Elam"
                            }
                        ]
                    },
                    {
                        "text": "said",
                        "location": [
                            1037,
                            1041
                        ],
                        "entities": [
                            {
                                "type": "EventCommunication",
                                "text": "said"
                            }
                        ]
                    }
                ]
            },
            {
                "type": "memberOf",
                "sentence": "During the discussion at the regular supervisor meeting Monday morning, region CEO Lori Elam said the main changes in the agreement are three new members on the governing board as well as new personnel to provide services.",
                "score": 0.7067,
                "arguments": [
                    {
                        "text": "members",
                        "location": [
                            398,
                            405
                        ],
                        "entities": [
                            {
                                "type": "Person",
                                "text": "children"
                            }
                        ]
                    },
                    {
                        "text": "board",
                        "location": [
                            423,
                            428
                        ],
                        "entities": [
                            {
                                "type": "Organization",
                                "text": "governing board chair"
                            }
                        ]
                    }
                ]
            },
            {
                "type": "memberOf",
                "sentence": "She also said some of the new members of the board will be ex officio members.",
                "score": 0.753289,
                "arguments": [
                    {
                        "text": "members",
                        "location": [
                            505,
                            512
                        ],
                        "entities": [
                            {
                                "type": "Person",
                                "text": "children"
                            }
                        ]
                    },
                    {
                        "text": "board",
                        "location": [
                            520,
                            525
                        ],
                        "entities": [
                            {
                                "type": "Organization",
                                "text": "governing board chair"
                            }
                        ]
                    }
                ]
            },
            {
                "type": "locatedAt",
                "sentence": "Last year Muscatine County had voted to leave the region, only to be denied admittance by the South East Iowa Link region.",
                "score": 0.483078,
                "arguments": [
                    {
                        "text": "South East Iowa Link",
                        "location": [
                            1240,
                            1260
                        ],
                        "entities": [
                            {
                                "type": "Organization",
                                "text": "South East Iowa Link"
                            }
                        ]
                    },
                    {
                        "text": "region",
                        "location": [
                            1261,
                            1267
                        ],
                        "entities": [
                            {
                                "type": "GeopoliticalEntity",
                                "text": "regions"
                            }
                        ]
                    }
                ]
            },
            {
                "type": "locatedAt",
                "sentence": "The Iowa Department of Human Services (DHS) had assigned Muscatine County back to the Eastern Iowa region after the governing board had denied re-admittance.",
                "score": 0.463255,
                "arguments": [
                    {
                        "text": "Eastern Iowa",
                        "location": [
                            1355,
                            1367
                        ],
                        "entities": [
                            {
                                "type": "Organization",
                                "text": "Eastern Iowa\nMental Health and Disability Services Region"
                            }
                        ]
                    },
                    {
                        "text": "region",
                        "location": [
                            1368,
                            1374
                        ],
                        "entities": [
                            {
                                "type": "GeopoliticalEntity",
                                "text": "regions"
                            }
                        ]
                    }
                ]
            }
        ],
        "keywords": [
            {
                "text": "Last year Muscatine County",
                "relevance": 0.722442,
                "count": 1
            },
            {
                "text": "Mental Health",
                "relevance": 0.662025,
                "count": 1
            },
            {
                "text": "Disability Services Region",
                "relevance": 0.659168,
                "count": 1
            },
            {
                "text": "children's behavioral health bill",
                "relevance": 0.658612,
                "count": 1
            },
            {
                "text": "Eastern Iowa",
                "relevance": 0.658398,
                "count": 1
            },
            {
                "text": "Muscatine County board",
                "relevance": 0.649854,
                "count": 1
            },
            {
                "text": "Supervisor Nathan Mather",
                "relevance": 0.630041,
                "count": 1
            },
            {
                "text": "discussion of an amended 28E agreement",
                "relevance": 0.605952,
                "count": 1
            },
            {
                "text": "governing board",
                "relevance": 0.604539,
                "count": 4
            },
            {
                "text": "main changes",
                "relevance": 0.590596,
                "count": 1
            },
            {
                "text": "Iowa Department of Human Services",
                "relevance": 0.569997,
                "count": 1
            },
            {
                "text": "advisory committees",
                "relevance": 0.563074,
                "count": 1
            },
            {
                "text": "regular supervisor meeting Monday morning",
                "relevance": 0.557747,
                "count": 1
            },
            {
                "text": "main reason",
                "relevance": 0.55054,
                "count": 1
            },
            {
                "text": "supervisor chair Jeff Sorensen",
                "relevance": 0.550177,
                "count": 1
            },
            {
                "text": "Elam",
                "relevance": 0.545463,
                "count": 7
            },
            {
                "text": "leadership roles",
                "relevance": 0.544811,
                "count": 1
            },
            {
                "text": "rubber stamp",
                "relevance": 0.536422,
                "count": 1
            },
            {
                "text": "MUSCATINE",
                "relevance": 0.535601,
                "count": 1
            },
            {
                "text": "Eastern Iowa region",
                "relevance": 0.526872,
                "count": 1
            },
            {
                "text": "internal disputes",
                "relevance": 0.526703,
                "count": 1
            },
            {
                "text": "Supervisors",
                "relevance": 0.525871,
                "count": 2
            },
            {
                "text": "new members",
                "relevance": 0.520899,
                "count": 1
            },
            {
                "text": "additional members",
                "relevance": 0.520735,
                "count": 1
            },
            {
                "text": "referral",
                "relevance": 0.520421,
                "count": 1
            },
            {
                "text": "children's bill",
                "relevance": 0.519655,
                "count": 1
            },
            {
                "text": "Beck",
                "relevance": 0.517531,
                "count": 1
            },
            {
                "text": "children",
                "relevance": 0.516337,
                "count": 1
            },
            {
                "text": "regions",
                "relevance": 0.51629,
                "count": 1
            },
            {
                "text": "votes",
                "relevance": 0.515199,
                "count": 2
            },
            {
                "text": "new members of the board",
                "relevance": 0.514642,
                "count": 1
            },
            {
                "text": "clarification",
                "relevance": 0.513556,
                "count": 1
            },
            {
                "text": "discussion",
                "relevance": 0.511949,
                "count": 1
            },
            {
                "text": "services",
                "relevance": 0.511911,
                "count": 2
            },
            {
                "text": "Mather",
                "relevance": 0.511481,
                "count": 1
            },
            {
                "text": "questions",
                "relevance": 0.510996,
                "count": 2
            },
            {
                "text": "region",
                "relevance": 0.510862,
                "count": 1
            },
            {
                "text": "attorney",
                "relevance": 0.510634,
                "count": 1
            },
            {
                "text": "hands",
                "relevance": 0.509934,
                "count": 1
            },
            {
                "text": "admittance",
                "relevance": 0.509786,
                "count": 2
            },
            {
                "text": "legislation",
                "relevance": 0.509476,
                "count": 1
            },
            {
                "text": "DHS",
                "relevance": 0.509243,
                "count": 1
            },
            {
                "text": "nomination",
                "relevance": 0.509177,
                "count": 1
            },
            {
                "text": "board",
                "relevance": 0.508241,
                "count": 3
            },
            {
                "text": "afternoon",
                "relevance": 0.508231,
                "count": 1
            },
            {
                "text": "serious emotional disorders",
                "relevance": 0.507808,
                "count": 1
            },
            {
                "text": "policy",
                "relevance": 0.507482,
                "count": 1
            },
            {
                "text": "weighted voting process",
                "relevance": 0.506358,
                "count": 1
            },
            {
                "text": "requirements",
                "relevance": 0.506292,
                "count": 1
            },
            {
                "text": "Sorensen",
                "relevance": 0.50528,
                "count": 1
            }
        ]
    },
    "freqeuncy": "Daily",
    "extracted_metadata": {
        "sha1": "7dc5a7258e14550a7cb72b629e646739bcfe86ba",
        "filename": "202006080000NEWSBANKNEWSPPRS64EE1A910429005872AE5495D304283.json",
        "file_type": "json"
    },
    "companyRecord": "|||Iowa Department of Human Services|extractor|DUNS:808348841;NECOID:1228855052;ACORN:1217855052;UDUNS:053745303;UACORN:1587338139|SIGNIFICANT||||XXXX|REFERENCE",
    "publicationTime": "2020-06-08T00:00:00-04:00",
    "title": "Supervisors discuss 28E agreement with mental health region",
    "html": "<p><location idsrc=\"xmltag.org\" value=\"LU/us.ia.musine\">MUSCATINE</location> &#150; After discussion of an amended 28E agreement with the <org>Eastern Iowa Mental Health</org> and <location>Disability Services Region</location>, the <location idsrc=\"xmltag.org\" value=\"LU/us.ia.musine\">Muscatine County</location> board of Supervisors held off on voting on the governmental agreement until addressing several concerns.</p>\n<p>During the discussion at the regular supervisor meeting Monday morning, region CEO <person>Lori Elam</person> said the main changes in the agreement are three new members on the governing board as well as new personnel to provide services. She also said some of the new members of the board will be ex officio members. The board will also use a weighted voting process during meetings. The agreement also discussed when leadership roles on the board would be elected.</p>\n\n<p>\"The main reason the 28E agreement is being amended is because of the children's behavioral health bill that was passed in <chron>May 2019</chron>,\" Elam said. \"The regions, starting <chron>Jan. 1</chron>, will be providing access or information and referral and ensuring services are available to children with a diagnosis of serious emotional disorders.\"</p>\n\n<p>Elam said a policy was also being written regarding internal disputes that would be added to the agreement later. Last year <location idsrc=\"xmltag.org\" value=\"LU/us.ia.musine\">Muscatine County</location> had voted to leave the region, only to be denied admittance by the South East Iowa Link region. The <org idsrc=\"xmltag.org\" value=\"ACORN:1217855052\">Iowa Department of Human Services</org> (DHS) had assigned <location idsrc=\"xmltag.org\" value=\"LU/us.ia.musine\">Muscatine County</location> back to the <location idsrc=\"xmltag.org\" value=\"LS/us.ia\">Eastern Iowa</location> region after the governing board had denied re-admittance.</p>\n\n<p>Supervisor <person>Nathan Mather</person>, also an attorney, asked several questions regarding the new agreement. He asked for clarification on the section dealing with re-appointment of directors. Elam said the appointments were made by the advisory committees and that most of the changes to the agreement were being done as a result of DHS mandates.</p>\n\n<p>\"They are tying our hands once again,\" Elam said. \"Maybe this will change next year as we discuss legislation regarding the children's bill and all of the requirements that came with it.\"</p>\n\n<p>Mather also asked if the board was just a \"rubber stamp\" and had to approve any nomination made by the advisory committees. Elam responded \"it does appear so, yes.\"</p>\n\n<p>There were a few other clarifications Mather asked for, including how votes were taken. He commented with the weighted vote and the additional members, each vote taken by the governing board would have 18 votes. Elam said the questions would be brought up to the governing board.</p>\n\n<p>Elam asked supervisor chair <person>Jeff Sorensen</person> to contact governing board chair <person>Ken Beck</person> regarding the concerns of the agreement. Sorensen said he would contact Beck that afternoon and that the supervisors would vote on the agreement during its <chron>June 15</chron> meeting.</p>",
    "geoFocus": [
        [
            "GU/us.ia.betorf",
            "Bettendorf"
        ],
        [
            "GU/us.ia.dvnprt",
            "Davenport"
        ],
        [
            "GU/us.il.easine",
            "East Moline"
        ],
        [
            "GU/us.il.moline",
            "Moline"
        ],
        [
            "GU/us.il.rocand",
            "Rock Island County"
        ]
    ]
}