{
    "id": "2e0703a6-6262-49a4-a44b-7c18c922b88e",
    "result_metadata": {
        "score": 1
    },
    "copyright": "(C) 2020 M2 COMMUNICATIONS",
    "geoOrigin": "London, England, United Kingdom",
    "sourceType": "Business & Financial Newswire",
    "source": "M2 PressWIRE",
    "corpus_document_id": "59936012431878066854",
    "description": "This report provides the strategists, marketers and senior management with the critical information they need to assess the global autonomous trains market.The global autonomous trains market is expected to decline from $8.33. billion in 2019 to $7.32 billion in 2020 at a compound annual growth. reach $9.69 billion in 2023 at CAGR of 9.8%.",
    "serviceName": "M2 PressWIRE",
    "locationCode": [
        {
            "parent": "LR/am",
            "relevance_score": "7",
            "description": "North America",
            "code": "LB/nam#7#49#70",
            "level": 1
        },
        {
            "parent": "LB/nam",
            "relevance_score": "7",
            "description": "United States",
            "code": "LC/us#7#70#49",
            "level": 2
        },
        {
            "parent": null,
            "relevance_score": "7",
            "description": "Americas",
            "code": "LR/am#7#49#70",
            "level": 0
        },
        {
            "parent": null,
            "relevance_score": "7",
            "description": "Asia",
            "code": "LR/as#7#49#70",
            "level": 0
        }
    ],
    "sourceClass": "Business and Commerce",
    "subjectCode": [
        {
            "parent": null,
            "relevance_score": "6",
            "description": "Business and Commerce",
            "code": "IS/biz#6#50#69",
            "level": 0
        },
        {
            "parent": "IS/biz.salmark",
            "relevance_score": "6",
            "description": "Marketing",
            "code": "IS/biz.market#6#69#50",
            "level": 2
        },
        {
            "parent": "IS/biz.salmark",
            "relevance_score": "6",
            "description": "Product and Service Markets",
            "code": "IS/biz.markets#6#50#63",
            "level": 2
        },
        {
            "parent": "IS/biz.markets",
            "relevance_score": "6",
            "description": "Market Trends",
            "code": "IS/biz.martrend#6#63#50",
            "level": 3
        }
    ],
    "text": "The \"Autonomous Trains Global Market Report 2020-30: COVID-19 Growth and\nChange\"\n\n    \n    \n     report has been added to   [ResearchAndMarkets.com](http://ResearchAndMarkets.com)'s\n\noffering.\n\nThis report provides the strategists, marketers and senior management with the\ncritical information they need to assess the global autonomous trains\nmarket.The global autonomous trains market is expected to decline from $8.33\n\nbillion in 2019 to $7.32 billion in 2020 at a compound annual growth\n\nrate (CAGR) of -12.16%. The decline is mainly due to the COVID-19\n\noutbreak that has led to restrictive containment measures involving\n\nsocial distancing and remote working, and the closure of industries and\n\nother commercial activities. The market is then expected to recover and\n\nreach $9.69 billion in 2023 at CAGR of 9.8%.Reasons to PurchaseGain a truly\nglobal perspective with the most comprehensive report available on this market\ncovering 12+ geographies. Understand how the market is being affected by the\ncoronavirus and how it is likely to emerge and grow as the impact of the virus\nabates. Create regional and country strategies on the basis of local data and\nanalysis. Identify growth segments for investment.Outperform competitors using\nforecast data and the drivers and trends shaping the market. Understand\ncustomers based on the latest market research findings. Benchmark performance\nagainst key competitors.Utilize the relationships between key data sets for\nsuperior strategizing.Suitable for supporting your internal and external\npresentations with reliable high quality data and analysisNorth America was\nthe largest region in the autonomous train market in 2019. Asia Pacific is\nexpected to be the fastest growing region in the forecast period.LIDAR and\nArtificial intelligence are increasingly being used in autonomous trains to\nimprove the performance of the trains. LIDAR (Light Detection and Ranging)\nsystem measures speed of moving train and captures irregularities of the track\nand evaluates the rail track quality. It uses two pairs of lenses to capture\nspeed signals from both rails individually. The track speed, curvature, and\nlateral and vertical geometry variations on each side are determined.\nArtificial Intelligence (AI) is expected to improve the performance of\nautomated metro lines by enabling predictive maintenance which helps to reduce\nthe incidents and assist operators to recover from incidents more quickly.\nControl Centre with visual and voice interactions during an incident is a\ntime-consuming process. AI also helps to reduce these interactions and allow\ntraffic controllers to focus on the core problem.High deployment and\noperational costs along with increased security concerns is expected to limit\nthe growth of autonomous train market. The capital costs of signalling and\ncontrol equipment are likely to be associated with maintenance costs,\noperational costs, and large capital investments. On the other side, the\ntransfer of data between a train's safety critical system, in particular, is a\npotential target for hackers. ATO (Automatic Train Operation) with its\ninterconnectivity with other systems has an increased threat, making it\npotentially vulnerable to cyber-attacks. As it transfers high resolution,\nreal-time train determination information between the waysides, the train and\nthe control center, it is essential to ensure this vital data remains\nsecure.Increased need for a safe, efficient, cheap, fast and reliable mode of\ntransportation is contributing to the growth of global autonomous train\nmarket. Rail is the safest mode of land transport and more attractive to the\ncustomer. It is also one of the fastest mode of transports, which moves on\nhigh speed lines that are expected to average up to 300 km/hour. The distance\nof 1000 Km can easily be reached within 5 to 7 hours.It offers much greater\nflexibility of the time, allowing train frequencies to be better matched to\ndemand at peak and off-peak times. This offers a much better service to\npotential passengers and increases the number of passengers. When it comes to\nthe fares, intra-modal competition among railway operators, and competition\namong railway suppliers will keep fares affordable even in countries with low\nper capita income. Increased safety and cheaper fares compared to other\ntransports drove the autonomous train market.\n\nKey Topics Covered:\n\n1\\. Executive Summary 2. Autonomous Trains Market Characteristics 3.\nAutonomous Trains Market Size And Growth 3.1. Global Autonomous Trains\nHistoric Market, 2015 - 2019, $ Billion 3.1.1. Drivers Of The Market 3.1.2.\nRestraints On The Market 3.2. Global Autonomous Trains Forecast Market, 2019 -\n2023F, 2025F, 2030F, $ Billion 3.2.1. Drivers Of The Market 3.2.2. Restraints\nOn the Market 4. Autonomous Trains Market Segmentation 4.1. Global Autonomous\nTrains Market, Segmentation By Train Type, Historic and Forecast4.2. Global\nAutonomous Trains Market, Segmentation By Technology, Historic and\nForecast4.3. Global Autonomous Trains Market, Segmentation By Grade of\nAutomation , Historic and Forecast4.4. Global Autonomous Trains Market,\nSegmentation By application, Historic and Forecast5. Autonomous Trains Market\nRegional And Country Analysis 5.1. Global Autonomous Trains Market, Split By\nRegion, Historic and Forecast, 2015-2019, 2023F, 2025F, 2030F, $ Billion 5.2.\nGlobal Autonomous Trains Market, Split By Country, Historic and Forecast,\n2015-2019, 2023F, 2025F, 2030F, $ Billion\n\nCompanies Mentioned\n\nAlstom S.A.ABBBombardier TransportationCRRC TransportationHitachi\nLtd.,Kawasaki Heavy IndustriesMitsubishi Heavy IndustriesSiemens AG.,Thales\nGroup.AnsaldoBeijing Traffic Control TechnologyGeneral ElectricChina CNR\nCorporation Ltd, etc.Incheon Transit\nCorporationIntesensTransmashholdingCalAmpHollysysDeutaWabtec\nCorporationIngeteamTech Mahindra LtdAmerican Equipment CompanyBelden,\nInc.Bharat Forge Ltd.CAF, Construcciones y Auxiliar de Ferrocarriles,\nS.ADeutsche Bahn AGTvemaWabtec Corporation For more information\n\nabout this report\n\nvisit <https://www.researchandmarkets.com/r/iggetj>\n\nCONTACT:\n\n[ResearchAndMarkets.com](http://ResearchAndMarkets.com)\n\n    \n    \n    \tLaura Wood,\tSenior Press Manager\n\n[press@researchandmarkets.com](mailto:press@researchandmarkets.com)\n\nFor E.S.T Office Hours Call 1-917-300-0470\n\nFor U.S./CAN Toll Free Call 1-800-526-8630\n\nFor GMT Office Hours Call +353-1-416-8900\n\n.",
    "industryCode": [],
    "naviga_enrichment": {
        "org": [
            "ABBBombardier TransportationCRRC TransportationHitachi Ltd.",
            "Kawasaki Heavy IndustriesMitsubishi Heavy IndustriesSiemens AG",
            "Thales Group",
            "AnsaldoBeijing Traffic Control TechnologyGeneral ElectricChina CNR Corporation Ltd",
            "Construcciones y Auxiliar de Ferrocarriles"
        ],
        "location": [
            "Asia Pacific",
            "Split By Region",
            "U.S."
        ],
        "person": [
            "Laura Wood"
        ],
        "companies": [
            "AnsaldoBeijing Traffic Control TechnologyGeneral ElectricChina CNR Corporation Ltd",
            "Construcciones y Auxiliar de Ferrocarriles",
            "ABBBombardier TransportationCRRC TransportationHitachi Ltd.",
            "Kawasaki Heavy IndustriesMitsubishi Heavy IndustriesSiemens AG",
            "Thales Group"
        ]
    },
    "geoOrigin_code": "RU/gb.eng.london",
    "language": "English",
    "filename": "202006050407M2______EUPR_____74702057301F8DB07A5825220AAA4A9_3600.3.XML",
    "providerName": "M2 Communications",
    "enriched_text": {
        "entities": [
            {
                "count": 3,
                "sentiment": {
                    "score": 0.434767,
                    "label": "positive"
                },
                "text": "Global Autonomous Trains",
                "relevance": 0.92228,
                "type": "Company"
            },
            {
                "count": 3,
                "sentiment": {
                    "score": 0,
                    "label": "neutral"
                },
                "text": "Autonomous Trains Market",
                "relevance": 0.826615,
                "type": "Company"
            },
            {
                "count": 1,
                "sentiment": {
                    "score": 0.353506,
                    "label": "positive"
                },
                "text": "Construcciones y Auxiliar de Ferrocarriles",
                "relevance": 0.228203,
                "type": "Company",
                "disambiguation": {
                    "subtype": [],
                    "name": "Construcciones y Auxiliar de Ferrocarriles",
                    "dbpedia_resource": "http://dbpedia.org/resource/Construcciones_y_Auxiliar_de_Ferrocarriles"
                }
            },
            {
                "count": 1,
                "sentiment": {
                    "score": -0.633317,
                    "label": "negative"
                },
                "text": "outbreak",
                "relevance": 0.226879,
                "type": "HealthCondition"
            },
            {
                "count": 1,
                "sentiment": {
                    "score": 0,
                    "label": "neutral"
                },
                "text": "Control Centre",
                "relevance": 0.209487,
                "type": "Facility"
            },
            {
                "count": 1,
                "sentiment": {
                    "score": 0,
                    "label": "neutral"
                },
                "text": "Bahn AGTvemaWabtec Corporation",
                "relevance": 0.20792,
                "type": "Company"
            },
            {
                "count": 1,
                "sentiment": {
                    "score": 0,
                    "label": "neutral"
                },
                "text": "coronavirus",
                "relevance": 0.205989,
                "type": "Person"
            },
            {
                "count": 1,
                "sentiment": {
                    "score": 0.798861,
                    "label": "positive"
                },
                "text": "analysisNorth America",
                "relevance": 0.20146,
                "type": "Company"
            },
            {
                "count": 1,
                "sentiment": {
                    "score": 0,
                    "label": "neutral"
                },
                "text": "AI",
                "relevance": 0.200254,
                "type": "Company"
            },
            {
                "count": 1,
                "sentiment": {
                    "score": 0,
                    "label": "neutral"
                },
                "text": "Alstom",
                "relevance": 0.198736,
                "type": "Company",
                "disambiguation": {
                    "subtype": [],
                    "name": "Alstom",
                    "dbpedia_resource": "http://dbpedia.org/resource/Alstom"
                }
            },
            {
                "count": 1,
                "sentiment": {
                    "score": 0,
                    "label": "neutral"
                },
                "text": "AI",
                "relevance": 0.198546,
                "type": "Organization"
            },
            {
                "count": 1,
                "sentiment": {
                    "score": 0,
                    "label": "neutral"
                },
                "text": "Asia Pacific",
                "relevance": 0.198408,
                "type": "Company"
            },
            {
                "count": 1,
                "sentiment": {
                    "score": 0,
                    "label": "neutral"
                },
                "text": "Mahindra",
                "relevance": 0.196781,
                "type": "Company"
            },
            {
                "count": 1,
                "sentiment": {
                    "score": 0,
                    "label": "neutral"
                },
                "text": "Laura Wood",
                "relevance": 0.190471,
                "type": "Person"
            },
            {
                "count": 1,
                "sentiment": {
                    "score": 0,
                    "label": "neutral"
                },
                "text": "Senior Press Manager",
                "relevance": 0.188595,
                "type": "JobTitle"
            },
            {
                "count": 1,
                "sentiment": {
                    "score": 0,
                    "label": "neutral"
                },
                "text": "Executive",
                "relevance": 0.183509,
                "type": "JobTitle"
            },
            {
                "count": 1,
                "sentiment": {
                    "score": 0,
                    "label": "neutral"
                },
                "text": "Corporation Ltd",
                "relevance": 0.169528,
                "type": "Company"
            },
            {
                "count": 1,
                "sentiment": {
                    "score": 0.356556,
                    "label": "positive"
                },
                "text": "etc.Incheon Transit",
                "relevance": 0.15854,
                "type": "Company"
            },
            {
                "count": 2,
                "sentiment": {
                    "score": 0,
                    "label": "neutral"
                },
                "text": "press@researchandmarkets.com",
                "relevance": 0.15854,
                "type": "EmailAddress"
            },
            {
                "count": 1,
                "sentiment": {
                    "score": 0,
                    "label": "neutral"
                },
                "text": "$ Billion 3.1.1",
                "relevance": 0.15854,
                "type": "Quantity"
            },
            {
                "count": 1,
                "sentiment": {
                    "score": 0,
                    "label": "neutral"
                },
                "text": "$ Billion 3.2.1",
                "relevance": 0.15854,
                "type": "Quantity"
            },
            {
                "count": 1,
                "sentiment": {
                    "score": 0,
                    "label": "neutral"
                },
                "text": "$8.33\n\nbillion",
                "relevance": 0.15854,
                "type": "Quantity"
            },
            {
                "count": 1,
                "sentiment": {
                    "score": 0,
                    "label": "neutral"
                },
                "text": "$ Billion 5.2",
                "relevance": 0.15854,
                "type": "Quantity"
            },
            {
                "count": 1,
                "sentiment": {
                    "score": 0,
                    "label": "neutral"
                },
                "text": "$7.32 billion",
                "relevance": 0.15854,
                "type": "Quantity"
            },
            {
                "count": 1,
                "sentiment": {
                    "score": 0,
                    "label": "neutral"
                },
                "text": "$9.69 billion",
                "relevance": 0.15854,
                "type": "Quantity"
            },
            {
                "count": 1,
                "sentiment": {
                    "score": 0,
                    "label": "neutral"
                },
                "text": "$ Billion",
                "relevance": 0.15854,
                "type": "Quantity"
            },
            {
                "count": 1,
                "sentiment": {
                    "score": 0,
                    "label": "neutral"
                },
                "text": "1000 Km",
                "relevance": 0.15854,
                "type": "Quantity"
            },
            {
                "count": 1,
                "sentiment": {
                    "score": 0,
                    "label": "neutral"
                },
                "text": "7 hours",
                "relevance": 0.15854,
                "type": "Quantity"
            },
            {
                "count": 1,
                "sentiment": {
                    "score": 0,
                    "label": "neutral"
                },
                "text": "12.16%",
                "relevance": 0.15854,
                "type": "Quantity"
            },
            {
                "count": 1,
                "sentiment": {
                    "score": 0,
                    "label": "neutral"
                },
                "text": "9.8%",
                "relevance": 0.15854,
                "type": "Quantity"
            }
        ],
        "semantic_roles": [
            {
                "subject": {
                    "text": "report"
                },
                "sentence": " report has been added to [ResearchAndMarkets.com](http://ResearchAndMarkets.com)'s",
                "object": {
                    "text": "added to [ResearchAndMarkets.com](http://ResearchAndMarkets.com)'s"
                },
                "action": {
                    "verb": {
                        "text": "be",
                        "tense": "past"
                    },
                    "text": "been",
                    "normalized": "be"
                }
            },
            {
                "subject": {
                    "text": "report"
                },
                "sentence": " report has been added to [ResearchAndMarkets.com](http://ResearchAndMarkets.com)'s",
                "object": {
                    "text": "to [ResearchAndMarkets.com](http://ResearchAndMarkets.com)'s"
                },
                "action": {
                    "verb": {
                        "text": "add",
                        "tense": "past"
                    },
                    "text": "has been added",
                    "normalized": "have be add"
                }
            },
            {
                "subject": {
                    "text": "This report"
                },
                "sentence": " This report provides the strategists, marketers and senior management with the",
                "object": {
                    "text": "the strategists, marketers and senior management"
                },
                "action": {
                    "verb": {
                        "text": "provide",
                        "tense": "present"
                    },
                    "text": "provides",
                    "normalized": "provide"
                }
            },
            {
                "subject": {
                    "text": "The decline"
                },
                "sentence": " The decline is mainly due to the COVID-19",
                "object": {
                    "text": "mainly due to the COVID-19"
                },
                "action": {
                    "verb": {
                        "text": "be",
                        "tense": "present"
                    },
                    "text": "is",
                    "normalized": "be"
                }
            },
            {
                "subject": {
                    "text": "outbreak"
                },
                "sentence": " outbreak that has led to restrictive containment measures involving",
                "object": {
                    "text": "led to restrictive containment measures"
                },
                "action": {
                    "verb": {
                        "text": "have",
                        "tense": "present"
                    },
                    "text": "has",
                    "normalized": "have"
                }
            },
            {
                "subject": {
                    "text": "The market"
                },
                "sentence": " The market is then expected to recover and",
                "object": {
                    "text": "then expected"
                },
                "action": {
                    "verb": {
                        "text": "be",
                        "tense": "present"
                    },
                    "text": "is",
                    "normalized": "be"
                }
            },
            {
                "subject": {
                    "text": "The market"
                },
                "sentence": " The market is then expected to recover and",
                "action": {
                    "verb": {
                        "text": "expect",
                        "tense": "past"
                    },
                    "text": "expected",
                    "normalized": "expect"
                }
            },
            {
                "subject": {
                    "text": "the market"
                },
                "sentence": " Understand how the market is being affected by the",
                "object": {
                    "text": "being affected"
                },
                "action": {
                    "verb": {
                        "text": "be",
                        "tense": "present"
                    },
                    "text": "is",
                    "normalized": "be"
                }
            },
            {
                "subject": {
                    "text": "by the"
                },
                "sentence": " Understand how the market is being affected by the",
                "object": {
                    "text": "the market"
                },
                "action": {
                    "verb": {
                        "text": "affect",
                        "tense": "past"
                    },
                    "text": "is being affected",
                    "normalized": "be be affect"
                }
            },
            {
                "subject": {
                    "text": "it"
                },
                "sentence": " coronavirus and how it is likely to emerge and grow as the impact of the virus",
                "object": {
                    "text": "as the impact of the virus"
                },
                "action": {
                    "verb": {
                        "text": "grow",
                        "tense": "present"
                    },
                    "text": "to emerge and grow",
                    "normalized": "to emerge and grow"
                }
            },
            {
                "subject": {
                    "text": "abates."
                },
                "sentence": " abates. Create regional and country strategies on the basis of local data and",
                "object": {
                    "text": "regional and country strategies"
                },
                "action": {
                    "verb": {
                        "text": "Create",
                        "tense": "present"
                    },
                    "text": "Create",
                    "normalized": "Create"
                }
            },
            {
                "subject": {
                    "text": "the drivers and trends"
                },
                "sentence": " forecast data and the drivers and trends shaping the market.",
                "object": {
                    "text": "the market"
                },
                "action": {
                    "verb": {
                        "text": "shape",
                        "tense": "present"
                    },
                    "text": "shaping",
                    "normalized": "shape"
                }
            },
            {
                "subject": {
                    "text": "customers"
                },
                "sentence": " customers based on the latest market research findings.",
                "object": {
                    "text": "on the latest market research findings"
                },
                "action": {
                    "verb": {
                        "text": "base",
                        "tense": "past"
                    },
                    "text": "based",
                    "normalized": "base"
                }
            },
            {
                "subject": {
                    "text": "superior strategizing.Suitable"
                },
                "sentence": " superior strategizing.Suitable for supporting your internal and external",
                "object": {
                    "text": "your internal and external"
                },
                "action": {
                    "verb": {
                        "text": "support",
                        "tense": "present"
                    },
                    "text": "supporting",
                    "normalized": "support"
                }
            },
            {
                "subject": {
                    "text": "Artificial intelligence"
                },
                "sentence": " Artificial intelligence are increasingly being used in autonomous trains to",
                "action": {
                    "verb": {
                        "text": "use",
                        "tense": "past"
                    },
                    "text": "are increasingly being used",
                    "normalized": "be increasingly be use"
                }
            },
            {
                "subject": {
                    "text": "speed of moving train"
                },
                "sentence": " system measures speed of moving train and captures irregularities of the track",
                "object": {
                    "text": "system"
                },
                "action": {
                    "verb": {
                        "text": "measure",
                        "tense": "present"
                    },
                    "text": "measures",
                    "normalized": "measure"
                }
            },
            {
                "subject": {
                    "text": "It"
                },
                "sentence": " It uses two pairs of lenses to capture",
                "object": {
                    "text": "two pairs of lenses"
                },
                "action": {
                    "verb": {
                        "text": "use",
                        "tense": "present"
                    },
                    "text": "uses",
                    "normalized": "use"
                }
            },
            {
                "subject": {
                    "text": "lateral and vertical geometry variations on each side"
                },
                "sentence": " lateral and vertical geometry variations on each side are determined.",
                "object": {
                    "text": "determined"
                },
                "action": {
                    "verb": {
                        "text": "be",
                        "tense": "present"
                    },
                    "text": "are",
                    "normalized": "be"
                }
            },
            {
                "subject": {
                    "text": "Artificial Intelligence (AI)"
                },
                "sentence": " Artificial Intelligence (AI) is expected to improve the performance of",
                "object": {
                    "text": "the performance"
                },
                "action": {
                    "verb": {
                        "text": "improve",
                        "tense": "future"
                    },
                    "text": "is expected to improve",
                    "normalized": "be expect to improve"
                }
            },
            {
                "subject": {
                    "text": "predictive maintenance"
                },
                "sentence": " automated metro lines by enabling predictive maintenance which helps to reduce",
                "object": {
                    "text": "to reduce"
                },
                "action": {
                    "verb": {
                        "text": "help",
                        "tense": "present"
                    },
                    "text": "helps",
                    "normalized": "help"
                }
            },
            {
                "subject": {
                    "text": "operators"
                },
                "sentence": " the incidents and assist operators to recover from incidents more quickly.",
                "object": {
                    "text": "to recover from incidents more quickly"
                },
                "action": {
                    "verb": {
                        "text": "assist",
                        "tense": "present"
                    },
                    "text": "assist",
                    "normalized": "assist"
                }
            },
            {
                "subject": {
                    "text": "Control Centre with visual and voice interactions during an incident"
                },
                "sentence": " Control Centre with visual and voice interactions during an incident is a",
                "object": {
                    "text": "a"
                },
                "action": {
                    "verb": {
                        "text": "be",
                        "tense": "present"
                    },
                    "text": "is",
                    "normalized": "be"
                }
            },
            {
                "subject": {
                    "text": "AI"
                },
                "sentence": " AI also helps to reduce these interactions and allow",
                "object": {
                    "text": "to reduce these interactions and allow"
                },
                "action": {
                    "verb": {
                        "text": "help",
                        "tense": "present"
                    },
                    "text": "helps",
                    "normalized": "help"
                }
            },
            {
                "subject": {
                    "text": "AI"
                },
                "sentence": " AI also helps to reduce these interactions and allow",
                "object": {
                    "text": "these interactions"
                },
                "action": {
                    "verb": {
                        "text": "reduce",
                        "tense": "future"
                    },
                    "text": "helps to reduce",
                    "normalized": "help to reduce"
                }
            },
            {
                "subject": {
                    "text": "operational costs along with increased security concerns"
                },
                "sentence": " operational costs along with increased security concerns is expected to limit",
                "object": {
                    "text": "expected to limit"
                },
                "action": {
                    "verb": {
                        "text": "be",
                        "tense": "present"
                    },
                    "text": "is",
                    "normalized": "be"
                }
            },
            {
                "subject": {
                    "text": "control equipment"
                },
                "sentence": " control equipment are likely to be associated with maintenance costs,",
                "object": {
                    "text": "associated with maintenance costs"
                },
                "action": {
                    "verb": {
                        "text": "be",
                        "tense": "future"
                    },
                    "text": "be",
                    "normalized": "be"
                }
            },
            {
                "subject": {
                    "text": "control equipment"
                },
                "sentence": " control equipment are likely to be associated with maintenance costs,",
                "object": {
                    "text": "with maintenance costs"
                },
                "action": {
                    "verb": {
                        "text": "associate",
                        "tense": "past"
                    },
                    "text": "to be associated",
                    "normalized": "to be associate"
                }
            },
            {
                "subject": {
                    "text": "transfer of data between a train's safety critical system, in particular,"
                },
                "sentence": " transfer of data between a train's safety critical system, in particular, is a",
                "object": {
                    "text": "a"
                },
                "action": {
                    "verb": {
                        "text": "be",
                        "tense": "present"
                    },
                    "text": "is",
                    "normalized": "be"
                }
            },
            {
                "subject": {
                    "text": "interconnectivity with other systems"
                },
                "sentence": " interconnectivity with other systems has an increased threat, making it",
                "object": {
                    "text": "an increased threat"
                },
                "action": {
                    "verb": {
                        "text": "have",
                        "tense": "present"
                    },
                    "text": "has",
                    "normalized": "have"
                }
            },
            {
                "subject": {
                    "text": "it"
                },
                "sentence": " As it transfers high resolution,",
                "object": {
                    "text": "high resolution"
                },
                "action": {
                    "verb": {
                        "text": "transfer",
                        "tense": "present"
                    },
                    "text": "transfers",
                    "normalized": "transfer"
                }
            },
            {
                "subject": {
                    "text": "transportation"
                },
                "sentence": " transportation is contributing to the growth of global autonomous train",
                "object": {
                    "text": "contributing to the growth of global autonomous train"
                },
                "action": {
                    "verb": {
                        "text": "be",
                        "tense": "present"
                    },
                    "text": "is",
                    "normalized": "be"
                }
            },
            {
                "subject": {
                    "text": "transportation"
                },
                "sentence": " transportation is contributing to the growth of global autonomous train",
                "object": {
                    "text": "to the growth of global autonomous train"
                },
                "action": {
                    "verb": {
                        "text": "contribute",
                        "tense": "present"
                    },
                    "text": "is contributing",
                    "normalized": "be contribute"
                }
            },
            {
                "subject": {
                    "text": "market. Rail"
                },
                "sentence": " market. Rail is the safest mode of land transport and more attractive to the",
                "object": {
                    "text": "the safest mode of land transport and more attractive"
                },
                "action": {
                    "verb": {
                        "text": "be",
                        "tense": "present"
                    },
                    "text": "is",
                    "normalized": "be"
                }
            },
            {
                "subject": {
                    "text": "of 1000 Km"
                },
                "sentence": " of 1000 Km can easily be reached within 5 to 7 hours.It offers much greater",
                "action": {
                    "verb": {
                        "text": "reach",
                        "tense": "future"
                    },
                    "text": "reached",
                    "normalized": "reach"
                }
            },
            {
                "subject": {
                    "text": "This"
                },
                "sentence": " This offers a much better service to",
                "object": {
                    "text": "a much better service"
                },
                "action": {
                    "verb": {
                        "text": "offer",
                        "tense": "present"
                    },
                    "text": "offers",
                    "normalized": "offer"
                }
            },
            {
                "subject": {
                    "text": "railway suppliers"
                },
                "sentence": " among railway suppliers will keep fares affordable even in countries with low",
                "object": {
                    "text": "fares affordable even in countries"
                },
                "action": {
                    "verb": {
                        "text": "keep",
                        "tense": "future"
                    },
                    "text": "will keep",
                    "normalized": "will keep"
                }
            },
            {
                "subject": {
                    "text": "Increased safety and cheaper fares"
                },
                "sentence": " Increased safety and cheaper fares compared to other",
                "object": {
                    "text": "to other"
                },
                "action": {
                    "verb": {
                        "text": "compare",
                        "tense": "past"
                    },
                    "text": "compared",
                    "normalized": "compare"
                }
            },
            {
                "subject": {
                    "text": "transports"
                },
                "sentence": " transports drove the autonomous train market.",
                "object": {
                    "text": "the autonomous train market"
                },
                "action": {
                    "verb": {
                        "text": "drive",
                        "tense": "past"
                    },
                    "text": "drove",
                    "normalized": "drive"
                }
            },
            {
                "subject": {
                    "text": "By Country"
                },
                "sentence": " Global Autonomous Trains Market, Split By Country, Historic and Forecast,",
                "object": {
                    "text": "Global Autonomous Trains Market"
                },
                "action": {
                    "verb": {
                        "text": "Split",
                        "tense": "past"
                    },
                    "text": "Split",
                    "normalized": "Split"
                }
            }
        ],
        "categories": [
            {
                "score": 0.722761,
                "label": "/business and industrial/business operations/management/business process"
            },
            {
                "score": 0.70482,
                "label": "/business and industrial/advertising and marketing"
            },
            {
                "score": 0.698036,
                "label": "/business and industrial/advertising and marketing/marketing"
            }
        ],
        "relations": [
            {
                "type": "populationOf",
                "sentence": "reach $9.69 billion in 2023 at CAGR of 9.8%.Reasons to PurchaseGain a truly global perspective with the most comprehensive report available on this market covering 12+ geographies.",
                "score": 0.689191,
                "arguments": [
                    {
                        "text": "9.8",
                        "location": [
                            812,
                            815
                        ],
                        "entities": [
                            {
                                "type": "Cardinal",
                                "text": "9.8"
                            }
                        ]
                    },
                    {
                        "text": "CAGR of",
                        "location": [
                            804,
                            811
                        ],
                        "entities": [
                            {
                                "type": "GeopoliticalEntity",
                                "text": "CAGR of"
                            }
                        ]
                    }
                ]
            },
            {
                "type": "locatedAt",
                "sentence": "Asia Pacific is expected to be the fastest growing region in the forecast period.LIDAR and Artificial intelligence are increasingly being used in autonomous trains to improve the performance of the trains.",
                "score": 0.357291,
                "arguments": [
                    {
                        "text": "Asia",
                        "location": [
                            1675,
                            1679
                        ],
                        "entities": [
                            {
                                "type": "GeopoliticalEntity",
                                "text": "Asia",
                                "disambiguation": {
                                    "subtype": [
                                        "Area"
                                    ]
                                }
                            }
                        ]
                    },
                    {
                        "text": "Pacific",
                        "location": [
                            1680,
                            1687
                        ],
                        "entities": [
                            {
                                "type": "GeographicFeature",
                                "text": "Pacific"
                            }
                        ]
                    }
                ]
            },
            {
                "type": "affectedBy",
                "sentence": "Artificial Intelligence (AI) is expected to improve the performance of automated metro lines by enabling predictive maintenance which helps to reduce the incidents and assist operators to recover from incidents more quickly.",
                "score": 0.327012,
                "arguments": [
                    {
                        "text": "operators",
                        "location": [
                            2394,
                            2403
                        ],
                        "entities": [
                            {
                                "type": "Person",
                                "text": "operators"
                            }
                        ]
                    },
                    {
                        "text": "incidents",
                        "location": [
                            2373,
                            2382
                        ],
                        "entities": [
                            {
                                "type": "EventViolence",
                                "text": "incidents"
                            }
                        ]
                    }
                ]
            },
            {
                "type": "locatedAt",
                "sentence": "Drivers Of The Market 3.1.2.",
                "score": 0.546018,
                "arguments": [
                    {
                        "text": "Drivers",
                        "location": [
                            4567,
                            4574
                        ],
                        "entities": [
                            {
                                "type": "Person",
                                "text": "Drivers"
                            }
                        ]
                    },
                    {
                        "text": "Market",
                        "location": [
                            4582,
                            4588
                        ],
                        "entities": [
                            {
                                "type": "Facility",
                                "text": "Market 4"
                            }
                        ]
                    }
                ]
            },
            {
                "type": "locatedAt",
                "sentence": "Drivers Of The Market 3.2.2.",
                "score": 0.546018,
                "arguments": [
                    {
                        "text": "Drivers",
                        "location": [
                            4713,
                            4720
                        ],
                        "entities": [
                            {
                                "type": "Person",
                                "text": "Drivers"
                            }
                        ]
                    },
                    {
                        "text": "Market",
                        "location": [
                            4728,
                            4734
                        ],
                        "entities": [
                            {
                                "type": "Facility",
                                "text": "Market 4"
                            }
                        ]
                    }
                ]
            },
            {
                "type": "ownerOf",
                "sentence": "Global Autonomous Trains Forecast Market, 2019 - 2023F, 2025F, 2030F, $ Billion 3.2.1.",
                "score": 0.704702,
                "arguments": [
                    {
                        "text": "Global Autonomous",
                        "location": [
                            4626,
                            4643
                        ],
                        "entities": [
                            {
                                "type": "Organization",
                                "text": "Global Autonomous Trains\nHistoric Market",
                                "disambiguation": {
                                    "subtype": [
                                        "Commercial"
                                    ]
                                }
                            }
                        ]
                    },
                    {
                        "text": "Trains",
                        "location": [
                            4644,
                            4650
                        ],
                        "entities": [
                            {
                                "type": "Vehicle",
                                "text": "Trains"
                            }
                        ]
                    }
                ]
            },
            {
                "type": "hasAttribute",
                "sentence": "Global Autonomous Trains Market, Segmentation By Technology, Historic and Forecast4.3.",
                "score": 0.531748,
                "arguments": [
                    {
                        "text": "Historic",
                        "location": [
                            4961,
                            4969
                        ],
                        "entities": [
                            {
                                "type": "Organization",
                                "text": "Historic",
                                "disambiguation": {
                                    "subtype": [
                                        "Commercial"
                                    ]
                                }
                            }
                        ]
                    },
                    {
                        "text": "Forecast4.3",
                        "location": [
                            4974,
                            4985
                        ],
                        "entities": [
                            {
                                "type": "Money",
                                "text": "Forecast4.3",
                                "disambiguation": {
                                    "subtype": [
                                        "Gainloss"
                                    ]
                                }
                            }
                        ]
                    }
                ]
            },
            {
                "type": "locatedAt",
                "sentence": "Global Autonomous Trains Market, Segmentation By Grade of Automation , Historic and Forecast4.4.",
                "score": 0.60287,
                "arguments": [
                    {
                        "text": "Segmentation By Grade",
                        "location": [
                            5020,
                            5041
                        ],
                        "entities": [
                            {
                                "type": "Organization",
                                "text": "Segmentation By Technology",
                                "disambiguation": {
                                    "subtype": [
                                        "Commercial"
                                    ]
                                }
                            }
                        ]
                    },
                    {
                        "text": "Automation",
                        "location": [
                            5045,
                            5055
                        ],
                        "entities": [
                            {
                                "type": "GeopoliticalEntity",
                                "text": "Automation"
                            }
                        ]
                    }
                ]
            }
        ],
        "keywords": [
            {
                "text": "key competitors.Utilize",
                "relevance": 0.709971,
                "count": 1
            },
            {
                "text": "Autonomous Trains",
                "relevance": 0.673694,
                "count": 2
            },
            {
                "text": "Global Market Report",
                "relevance": 0.646872,
                "count": 1
            },
            {
                "text": "Control Centre",
                "relevance": 0.614149,
                "count": 1
            },
            {
                "text": "global autonomous trains",
                "relevance": 0.598876,
                "count": 3
            },
            {
                "text": "traffic controllers",
                "relevance": 0.59469,
                "count": 1
            },
            {
                "text": "critical information",
                "relevance": 0.588996,
                "count": 1
            },
            {
                "text": "key data sets",
                "relevance": 0.587349,
                "count": 1
            },
            {
                "text": "operational costs",
                "relevance": 0.573217,
                "count": 2
            },
            {
                "text": "increased threat",
                "relevance": 0.56984,
                "count": 1
            },
            {
                "text": "global autonomous trains market",
                "relevance": 0.565933,
                "count": 5
            },
            {
                "text": "S.ADeutsche Bahn AGTvemaWabtec Corporation",
                "relevance": 0.56326,
                "count": 1
            },
            {
                "text": "control equipment",
                "relevance": 0.562733,
                "count": 1
            },
            {
                "text": "Artificial intelligence",
                "relevance": 0.559575,
                "count": 2
            },
            {
                "text": "metro lines",
                "relevance": 0.551721,
                "count": 1
            },
            {
                "text": "railway operators",
                "relevance": 0.550984,
                "count": 1
            },
            {
                "text": "Key Topics",
                "relevance": 0.549473,
                "count": 1
            },
            {
                "text": "global perspective",
                "relevance": 0.545833,
                "count": 1
            },
            {
                "text": "basis of local data",
                "relevance": 0.542638,
                "count": 1
            },
            {
                "text": "potential target",
                "relevance": 0.542596,
                "count": 1
            },
            {
                "text": "control center",
                "relevance": 0.542032,
                "count": 1
            },
            {
                "text": "reliable high quality data",
                "relevance": 0.54151,
                "count": 1
            },
            {
                "text": "train's safety",
                "relevance": 0.539392,
                "count": 1
            },
            {
                "text": "safest mode of land transport",
                "relevance": 0.537874,
                "count": 1
            },
            {
                "text": "transfer of data",
                "relevance": 0.535065,
                "count": 1
            },
            {
                "text": "Inc.Bharat Forge Ltd.CAF",
                "relevance": 0.534527,
                "count": 1
            },
            {
                "text": "high speed lines",
                "relevance": 0.534259,
                "count": 1
            },
            {
                "text": "COVID-19 Growth",
                "relevance": 0.531771,
                "count": 1
            },
            {
                "text": "modal competition",
                "relevance": 0.531468,
                "count": 1
            },
            {
                "text": "cheaper fares",
                "relevance": 0.531233,
                "count": 1
            },
            {
                "text": "high resolution",
                "relevance": 0.528528,
                "count": 1
            },
            {
                "text": "railway suppliers",
                "relevance": 0.527789,
                "count": 1
            },
            {
                "text": "real-time train determination information",
                "relevance": 0.527368,
                "count": 1
            },
            {
                "text": "autonomous train market",
                "relevance": 0.525922,
                "count": 2
            },
            {
                "text": "comprehensive report",
                "relevance": 0.525579,
                "count": 1
            },
            {
                "text": "senior management",
                "relevance": 0.525375,
                "count": 1
            },
            {
                "text": "peak times",
                "relevance": 0.521015,
                "count": 1
            },
            {
                "text": "security concerns",
                "relevance": 0.520989,
                "count": 1
            },
            {
                "text": "maintenance costs",
                "relevance": 0.519409,
                "count": 1
            },
            {
                "text": "social distancing",
                "relevance": 0.518967,
                "count": 1
            },
            {
                "text": "fastest growing region",
                "relevance": 0.518928,
                "count": 1
            },
            {
                "text": "fares",
                "relevance": 0.518818,
                "count": 2
            },
            {
                "text": "rail track quality",
                "relevance": 0.518321,
                "count": 1
            },
            {
                "text": "capita income",
                "relevance": 0.517682,
                "count": 1
            },
            {
                "text": "Executive Summary",
                "relevance": 0.517682,
                "count": 1
            },
            {
                "text": "Asia Pacific",
                "relevance": 0.517682,
                "count": 1
            },
            {
                "text": "speed signals",
                "relevance": 0.517081,
                "count": 1
            },
            {
                "text": "better service",
                "relevance": 0.516134,
                "count": 1
            },
            {
                "text": "critical system",
                "relevance": 0.516064,
                "count": 1
            },
            {
                "text": "speed",
                "relevance": 0.515661,
                "count": 1
            }
        ]
    },
    "freqeuncy": "Continuous feed",
    "extracted_metadata": {
        "sha1": "2707791e9764fd380a96b83f7767bf5ecb56bd43",
        "filename": "202006050407M2______EUPR_____74702057301F8DB07A5825220AAA4A9_3600.3.json",
        "file_type": "json"
    },
    "companyRecord": "SpanishCats|CAF|ISIN:ES0121975009|Construcciones Y Auxiliar De Ferrocarriles SA|extractor|DUNS:462005620;NECOID:1367331221;ACORN:1356331221|MENTION||||XXXX|REFERENCE",
    "publicationTime": "2020-06-05T04:07:00-04:00",
    "title": "Insights on the Global Autonomous Trains Industry to 2030 - North America was the largest market in 2019",
    "html": "<block>\n<p>The   \"Autonomous Trains Global Market Report 2020-30: COVID-19 Growth and Change\"</p>\n<pre> report has been added to   <a href=\"http://ResearchAndMarkets.com\">ResearchAndMarkets.com</a>'s</pre>\n<p> offering.  </p>\n<p>This report provides the strategists, marketers and senior management with the critical information they need to assess the global autonomous trains market.The global autonomous trains market is expected to decline from <money>$8.33</money> </p>\n<p>billion in 2019 to <money>$7.32 billion</money> in 2020 at a compound annual growth </p>\n<p>rate (CAGR) of -12.16%. The decline is mainly due to the COVID-19 </p>\n<p>outbreak that has led to restrictive containment measures involving </p>\n<p>social distancing and remote working, and the closure of industries and </p>\n<p>other commercial activities. The market is then expected to recover and </p>\n<p>reach <money>$9.69 billion</money> in 2023 at CAGR of 9.8%.Reasons to PurchaseGain a truly global perspective with the most comprehensive report available on this market covering 12+ geographies. Understand how the market is being affected by the coronavirus and how it is likely to emerge and grow as the impact of the virus abates. Create regional and country strategies on the basis of local data and analysis. Identify growth segments for investment.Outperform competitors using forecast data and the drivers and trends shaping the market. Understand customers based on the latest market research findings. Benchmark performance against key competitors.Utilize the relationships between key data sets for superior strategizing.Suitable for supporting your internal and external presentations with reliable high quality data and analysisNorth America was the largest region in the autonomous train market in 2019. <location idsrc=\"xmltag.org\" value=\"LR/asp\">Asia Pacific</location> is expected to be the fastest growing region in the forecast period.LIDAR and Artificial intelligence are increasingly being used in autonomous trains to improve the performance of the trains. LIDAR (Light Detection and Ranging) system measures speed of moving train and captures irregularities of the track and evaluates the rail track quality. It uses two pairs of lenses to capture speed signals from both rails individually. The track speed, curvature, and lateral and vertical geometry variations on each side are determined. Artificial Intelligence (AI) is expected to improve the performance of automated metro lines by enabling predictive maintenance which helps to reduce the incidents and assist operators to recover from incidents more quickly. Control Centre with visual and voice interactions during an incident is a time-consuming process. AI also helps to reduce these interactions and allow traffic controllers to focus on the core problem.High deployment and operational costs along with increased security concerns is expected to limit the growth of autonomous train market. The capital costs of signalling and control equipment are likely to be associated with maintenance costs, operational costs, and large capital investments. On the other side, the transfer of data between a train's safety critical system, in particular, is a potential target for hackers. ATO (Automatic Train Operation) with its interconnectivity with other systems has an increased threat, making it potentially vulnerable to cyber-attacks. As it transfers high resolution, real-time train determination information between the waysides, the train and the control center, it is essential to ensure this vital data remains secure.Increased need for a safe, efficient, cheap, fast and reliable mode of transportation is contributing to the growth of global autonomous train market. Rail is the safest mode of land transport and more attractive to the customer. It is also one of the fastest mode of transports, which moves on high speed lines that are expected to average up to 300 km/hour. The distance of 1000 Km can easily be reached within 5 to 7 hours.It offers much greater flexibility of the time, allowing train frequencies to be better matched to demand at peak and off-peak times. This offers a much better service to potential passengers and increases the number of passengers. When it comes to the fares, intra-modal competition among railway operators, and competition among railway suppliers will keep fares affordable even in countries with low per capita income. Increased safety and cheaper fares compared to other transports drove the autonomous train market.    </p>\n<p>    Key Topics Covered:</p>\n<p>1. Executive Summary 2. Autonomous Trains Market Characteristics 3. Autonomous Trains Market Size And Growth 3.1. Global Autonomous Trains Historic Market, 2015 - 2019, $ Billion 3.1.1. Drivers Of The Market 3.1.2. Restraints On The Market 3.2. Global Autonomous Trains Forecast Market, 2019 - 2023F, 2025F, 2030F, $ Billion 3.2.1. Drivers Of The Market 3.2.2. Restraints On the Market 4. Autonomous Trains Market Segmentation 4.1. Global Autonomous Trains Market, Segmentation By Train Type, Historic and Forecast4.2. Global Autonomous Trains Market, Segmentation By Technology, Historic and Forecast4.3. Global Autonomous Trains Market, Segmentation By Grade of Automation , Historic and Forecast4.4. Global Autonomous Trains Market, Segmentation By application, Historic and Forecast5. Autonomous Trains Market Regional And Country Analysis 5.1. Global Autonomous Trains Market, <location>Split By Region</location>, Historic and Forecast, 2015-2019, 2023F, 2025F, 2030F, $ Billion 5.2. Global Autonomous Trains Market, Split By Country, Historic and Forecast, 2015-2019, 2023F, 2025F, 2030F, $ Billion     </p>\n<p>    Companies Mentioned</p>\n<p>Alstom S.A.<org>ABBBombardier TransportationCRRC TransportationHitachi Ltd.</org>,<org>Kawasaki Heavy IndustriesMitsubishi Heavy IndustriesSiemens AG</org>.,<org>Thales Group</org>.<org>AnsaldoBeijing Traffic Control TechnologyGeneral ElectricChina CNR Corporation Ltd</org>, etc.Incheon Transit CorporationIntesensTransmashholdingCalAmpHollysysDeutaWabtec CorporationIngeteamTech Mahindra LtdAmerican Equipment CompanyBelden, Inc.Bharat Forge Ltd.CAF, <org idsrc=\"xmltag.org\" value=\"SpanishCats:CAF\">Construcciones y Auxiliar de Ferrocarriles</org>, S.ADeutsche Bahn AGTvemaWabtec Corporation    For more information</p>\n<p>    about this report</p>\n<p>visit <a href=\"https://www.researchandmarkets.com/r/iggetj\">https://www.researchandmarkets.com/r/iggetj</a></p>\n<p>CONTACT: </p>\n<p>  <a href=\"http://ResearchAndMarkets.com\">ResearchAndMarkets.com</a></p>\n<pre>\t<person>Laura Wood</person>,\tSenior Press Manager</pre>\n<p>  <a href=\"mailto:press@researchandmarkets.com\">press@researchandmarkets.com</a></p>\n<p>  For E.S.T Office Hours Call 1-917-300-0470</p>\n<p>  For <location idsrc=\"xmltag.org\" value=\"LC/us\">U.S.</location>/CAN Toll Free Call 1-800-526-8630</p>\n<p>  For GMT Office Hours Call +353-1-416-8900</p>\n<p>.</p>\n</block>",
    "geoFocus": [
        [
            "GR/glb",
            "Global"
        ]
    ]
}