{
    "id": "2e14dbdf-cbee-4811-9047-4ced47bdaa73",
    "result_metadata": {
        "score": 1
    },
    "copyright": "\u00a9 Copyright \u00a9 2020 Local TV LLC, All rights reserved.",
    "geoOrigin": "Lake Saint Louis, Missouri",
    "sourceType": "Broadcast Transcript",
    "source": "KTVI-TV (St. Louis, MO)",
    "corpus_document_id": "55311573472603305631",
    "description": "ST. LOUIS Hundreds of people gathered outside the justice center in Clayton. Some, like Paul Bordeaux, brought their children, \"I think it's important that he learns what's going on around him,\" said Paul Bordeaux. Reverend Deon Johnson is the New Bishop-Elect Episcopal Diocese of Missouri.",
    "serviceName": "Newspapers",
    "locationCode": [
        {
            "parent": "LR/am",
            "relevance_score": "9",
            "description": "North America",
            "code": "LB/nam#9#49#90",
            "level": 1
        },
        {
            "parent": "LB/nam",
            "relevance_score": "9",
            "description": "United States",
            "code": "LC/us#9#50#90",
            "level": 2
        },
        {
            "parent": null,
            "relevance_score": "9",
            "description": "Americas",
            "code": "LR/am#9#49#90",
            "level": 0
        },
        {
            "code": "LR/nam#9#49#90",
            "description": "",
            "relevance_score": "9"
        }
    ],
    "sourceClass": "General News",
    "subjectCode": [
        {
            "parent": null,
            "relevance_score": "7",
            "description": "Politics and Government",
            "code": "IS/pol#7#50#75",
            "level": 0
        },
        {
            "parent": "IS/pol",
            "relevance_score": "7",
            "description": "Social and Political Protest",
            "code": "IS/pol.protest#7#75#50",
            "level": 1
        }
    ],
    "text": "ST. LOUIS \u0096 Hundreds of people gathered outside the justice center in Clayton.\n\nThe crowd represented all ages and colors.\n\nSome, like Paul Bordeaux, brought their children, \"I think it's important that\nhe learns what's going on around him,\" said Paul Bordeaux\n\nClergy from different churches showed up in force. Reverend Deon Johnson is\nthe New Bishop-Elect Episcopal Diocese of Missouri.\n\n\"The sin of racism has no place in our society any longer. As you can see it's\na peaceful protest people gathering to say things in our society need to\nchange,\" said Reverend Deon Johnson.\n\nThey marched through the streets of Clayton\n\nThey walked onto Forest Park Parkway blocking traffic forcing some vehicles to\nturn around.\n\nNot far away, the St. Louis Galleria closed its stores and doors early. The\nmall has been targeted by protestors in the past.\n\nDemonstrators carried signs and they carried anger and frustration in their\nhearts.\n\nOne woman said, \"We need to vote and change the way this country is run.\"\n\nPoliticians were among the marchers. Gary Johnson is a member of the Jennings\nCity Council.\n\n\"Given the injustices going on, given all that's been going on, given the past\nmarches the people that come before us, it's just fitting to be out here,\"\nsaid Gary Johnson, member Jennings City Council.",
    "industryCode": [],
    "naviga_enrichment": {
        "org": [
            "New Bishop-Elect Episcopal Diocese of Missouri",
            "Jennings City Council"
        ],
        "location": [
            "ST. LOUIS",
            "Clayton",
            "Forest Park Parkway"
        ],
        "person": [
            "Paul Bordeaux",
            "Deon Johnson",
            "Gary Johnson"
        ],
        "companies": [
            "Jennings City Council",
            "New Bishop-Elect Episcopal Diocese of Missouri"
        ]
    },
    "geoOrigin_code": "RU/us.mo.lakuis",
    "language": "English",
    "filename": "202005310000NEWSBANKNEWSPPRSA682EA2BA96C5B60C18913BF6F592A6.XML",
    "providerName": "NewsBank",
    "enriched_text": {
        "entities": [
            {
                "count": 2,
                "sentiment": {
                    "score": 0.418613,
                    "label": "positive"
                },
                "text": "Deon Johnson",
                "relevance": 0.961782,
                "type": "Person"
            },
            {
                "count": 3,
                "sentiment": {
                    "score": 0,
                    "label": "neutral"
                },
                "text": "Gary Johnson",
                "relevance": 0.773249,
                "type": "Person"
            },
            {
                "count": 3,
                "sentiment": {
                    "score": 0,
                    "label": "neutral"
                },
                "text": "Paul Bordeaux",
                "relevance": 0.742529,
                "type": "Person"
            },
            {
                "count": 2,
                "sentiment": {
                    "score": 0,
                    "label": "neutral"
                },
                "text": "Clayton",
                "relevance": 0.614995,
                "type": "Location",
                "disambiguation": {
                    "subtype": [
                        "City"
                    ]
                }
            },
            {
                "count": 1,
                "sentiment": {
                    "score": 0,
                    "label": "neutral"
                },
                "text": "New Bishop-Elect Episcopal Diocese of Missouri",
                "relevance": 0.543943,
                "type": "Facility"
            },
            {
                "count": 1,
                "sentiment": {
                    "score": 0,
                    "label": "neutral"
                },
                "text": "Jennings City Council",
                "relevance": 0.532504,
                "type": "Organization"
            },
            {
                "count": 1,
                "sentiment": {
                    "score": 0,
                    "label": "neutral"
                },
                "text": "St. Louis Galleria",
                "relevance": 0.504562,
                "type": "Facility",
                "disambiguation": {
                    "subtype": [
                        "Location",
                        "ShoppingCenter"
                    ],
                    "name": "Saint Louis Galleria",
                    "dbpedia_resource": "http://dbpedia.org/resource/Saint_Louis_Galleria"
                }
            },
            {
                "count": 1,
                "sentiment": {
                    "score": 0,
                    "label": "neutral"
                },
                "text": "ST. LOUIS",
                "relevance": 0.457746,
                "type": "Location",
                "disambiguation": {
                    "subtype": [
                        "City"
                    ]
                }
            },
            {
                "count": 1,
                "sentiment": {
                    "score": 0,
                    "label": "neutral"
                },
                "text": "City Council",
                "relevance": 0.445861,
                "type": "Organization"
            },
            {
                "count": 1,
                "sentiment": {
                    "score": 0,
                    "label": "neutral"
                },
                "text": "Forest Park Parkway",
                "relevance": 0.441544,
                "type": "Facility"
            },
            {
                "count": 1,
                "sentiment": {
                    "score": 0,
                    "label": "neutral"
                },
                "text": "Jennings",
                "relevance": 0.363015,
                "type": "Person"
            }
        ],
        "semantic_roles": [
            {
                "subject": {
                    "text": "ST. LOUIS \u0096 Hundreds of people"
                },
                "sentence": "ST. LOUIS \u0096 Hundreds of people gathered outside the justice center in Clayton.",
                "action": {
                    "verb": {
                        "text": "gather",
                        "tense": "past"
                    },
                    "text": "gathered",
                    "normalized": "gather"
                }
            },
            {
                "subject": {
                    "text": "The crowd"
                },
                "sentence": " The crowd represented all ages and colors.",
                "object": {
                    "text": "all ages and colors"
                },
                "action": {
                    "verb": {
                        "text": "represent",
                        "tense": "past"
                    },
                    "text": "represented",
                    "normalized": "represent"
                }
            },
            {
                "subject": {
                    "text": "Some, like Paul Bordeaux,"
                },
                "sentence": " Some, like Paul Bordeaux, brought their children, \"I think it's important that",
                "object": {
                    "text": "their children"
                },
                "action": {
                    "verb": {
                        "text": "bring",
                        "tense": "past"
                    },
                    "text": "brought",
                    "normalized": "bring"
                }
            },
            {
                "subject": {
                    "text": "I"
                },
                "sentence": " Some, like Paul Bordeaux, brought their children, \"I think it's important that",
                "object": {
                    "text": "it's important that"
                },
                "action": {
                    "verb": {
                        "text": "think",
                        "tense": "present"
                    },
                    "text": "think",
                    "normalized": "think"
                }
            },
            {
                "subject": {
                    "text": "it"
                },
                "sentence": " Some, like Paul Bordeaux, brought their children, \"I think it's important that",
                "object": {
                    "text": "important that"
                },
                "action": {
                    "verb": {
                        "text": "has",
                        "tense": "present"
                    },
                    "text": "has",
                    "normalized": "has"
                }
            },
            {
                "subject": {
                    "text": "he"
                },
                "sentence": " he learns what's going on around him,\" said Paul Bordeaux",
                "object": {
                    "text": "what's going on around him"
                },
                "action": {
                    "verb": {
                        "text": "learn",
                        "tense": "present"
                    },
                    "text": "learns",
                    "normalized": "learn"
                }
            },
            {
                "subject": {
                    "text": "he"
                },
                "sentence": " he learns what's going on around him,\" said Paul Bordeaux",
                "object": {
                    "text": "going on around him"
                },
                "action": {
                    "verb": {
                        "text": "has",
                        "tense": "present"
                    },
                    "text": "what",
                    "normalized": "what"
                }
            },
            {
                "subject": {
                    "text": "Paul Bordeaux"
                },
                "sentence": " he learns what's going on around him,\" said Paul Bordeaux",
                "object": {
                    "text": "he learns what's going on around him"
                },
                "action": {
                    "verb": {
                        "text": "say",
                        "tense": "past"
                    },
                    "text": "said",
                    "normalized": "say"
                }
            },
            {
                "subject": {
                    "text": "The sin of racism"
                },
                "sentence": " \"The sin of racism has no place in our society any longer.",
                "object": {
                    "text": "no place"
                },
                "action": {
                    "verb": {
                        "text": "have",
                        "tense": "present"
                    },
                    "text": "has",
                    "normalized": "have"
                }
            },
            {
                "subject": {
                    "text": "people"
                },
                "sentence": " a peaceful protest people gathering to say things in our society need to",
                "object": {
                    "text": "a peaceful protest"
                },
                "action": {
                    "verb": {
                        "text": "gather",
                        "tense": "present"
                    },
                    "text": "gathering to say",
                    "normalized": "gather to say"
                }
            },
            {
                "subject": {
                    "text": "a peaceful protest people"
                },
                "sentence": " a peaceful protest people gathering to say things in our society need to",
                "object": {
                    "text": "things"
                },
                "action": {
                    "verb": {
                        "text": "say",
                        "tense": "future"
                    },
                    "text": "gathering to say",
                    "normalized": "gather to say"
                }
            },
            {
                "subject": {
                    "text": "Reverend Deon Johnson"
                },
                "sentence": " change,\" said Reverend Deon Johnson.",
                "object": {
                    "text": "change"
                },
                "action": {
                    "verb": {
                        "text": "say",
                        "tense": "past"
                    },
                    "text": "said",
                    "normalized": "say"
                }
            },
            {
                "subject": {
                    "text": "They"
                },
                "sentence": " They walked onto Forest Park Parkway blocking traffic forcing some vehicles to",
                "object": {
                    "text": "traffic forcing some vehicles"
                },
                "action": {
                    "verb": {
                        "text": "block",
                        "tense": "present"
                    },
                    "text": "blocking",
                    "normalized": "block"
                }
            },
            {
                "subject": {
                    "text": "the St. Louis Galleria"
                },
                "sentence": " Not far away, the St. Louis Galleria closed its stores and doors early.",
                "object": {
                    "text": "its stores and doors"
                },
                "action": {
                    "verb": {
                        "text": "close",
                        "tense": "past"
                    },
                    "text": "closed",
                    "normalized": "close"
                }
            },
            {
                "subject": {
                    "text": "mall"
                },
                "sentence": " mall has been targeted by protestors in the past.",
                "action": {
                    "verb": {
                        "text": "be",
                        "tense": "past"
                    },
                    "text": "has been targeted",
                    "normalized": "have be target"
                }
            },
            {
                "subject": {
                    "text": "by protestors"
                },
                "sentence": " mall has been targeted by protestors in the past.",
                "object": {
                    "text": "mall"
                },
                "action": {
                    "verb": {
                        "text": "target",
                        "tense": "past"
                    },
                    "text": "has been targeted",
                    "normalized": "have be target"
                }
            },
            {
                "subject": {
                    "text": "Demonstrators"
                },
                "sentence": " Demonstrators carried signs and they carried anger and frustration in their",
                "object": {
                    "text": "signs"
                },
                "action": {
                    "verb": {
                        "text": "carry",
                        "tense": "past"
                    },
                    "text": "carried",
                    "normalized": "carry"
                }
            },
            {
                "subject": {
                    "text": "they"
                },
                "sentence": " Demonstrators carried signs and they carried anger and frustration in their",
                "object": {
                    "text": "anger"
                },
                "action": {
                    "verb": {
                        "text": "carry",
                        "tense": "past"
                    },
                    "text": "carried",
                    "normalized": "carry"
                }
            },
            {
                "subject": {
                    "text": "One woman"
                },
                "sentence": " One woman said, \"We need to vote and change the way this country is run.\"",
                "object": {
                    "text": "We need to vote and change the way this country is run"
                },
                "action": {
                    "verb": {
                        "text": "say",
                        "tense": "past"
                    },
                    "text": "said",
                    "normalized": "say"
                }
            },
            {
                "subject": {
                    "text": "We"
                },
                "sentence": " One woman said, \"We need to vote and change the way this country is run.\"",
                "object": {
                    "text": "this country"
                },
                "action": {
                    "verb": {
                        "text": "vote",
                        "tense": "future"
                    },
                    "text": "need to vote and change",
                    "normalized": "need to vote and change"
                }
            },
            {
                "subject": {
                    "text": "Politicians"
                },
                "sentence": " Politicians were among the marchers.",
                "action": {
                    "verb": {
                        "text": "be",
                        "tense": "past"
                    },
                    "text": "were",
                    "normalized": "be"
                }
            },
            {
                "subject": {
                    "text": "Gary Johnson"
                },
                "sentence": " Gary Johnson is a member of the Jennings",
                "object": {
                    "text": "a member of the Jennings"
                },
                "action": {
                    "verb": {
                        "text": "be",
                        "tense": "present"
                    },
                    "text": "is",
                    "normalized": "be"
                }
            },
            {
                "subject": {
                    "text": "the people"
                },
                "sentence": " marches the people that come before us, it's just fitting to be out here,\"",
                "action": {
                    "verb": {
                        "text": "come",
                        "tense": "present"
                    },
                    "text": "come",
                    "normalized": "come"
                }
            },
            {
                "subject": {
                    "text": "it"
                },
                "sentence": " marches the people that come before us, it's just fitting to be out here,\"",
                "object": {
                    "text": "just fitting to be out here"
                },
                "action": {
                    "verb": {
                        "text": "has",
                        "tense": "present"
                    },
                    "text": "has",
                    "normalized": "has"
                }
            },
            {
                "subject": {
                    "text": "it"
                },
                "sentence": " marches the people that come before us, it's just fitting to be out here,\"",
                "action": {
                    "verb": {
                        "text": "be",
                        "tense": "future"
                    },
                    "text": "to be",
                    "normalized": "to be"
                }
            }
        ],
        "categories": [
            {
                "score": 0.796091,
                "label": "/society/unrest and war"
            },
            {
                "score": 0.791674,
                "label": "/law, govt and politics"
            },
            {
                "score": 0.69736,
                "label": "/society/racism"
            }
        ],
        "relations": [
            {
                "type": "residesIn",
                "sentence": "ST. LOUIS \u0096 Hundreds of people gathered outside the justice center in Clayton.",
                "score": 0.598656,
                "arguments": [
                    {
                        "text": "justice center",
                        "location": [
                            52,
                            66
                        ],
                        "entities": [
                            {
                                "type": "Person",
                                "text": "justice center"
                            }
                        ]
                    },
                    {
                        "text": "Clayton",
                        "location": [
                            70,
                            77
                        ],
                        "entities": [
                            {
                                "type": "GeopoliticalEntity",
                                "text": "Clayton"
                            }
                        ]
                    }
                ]
            },
            {
                "type": "locatedAt",
                "sentence": "They marched through the streets of Clayton",
                "score": 0.801525,
                "arguments": [
                    {
                        "text": "streets",
                        "location": [
                            606,
                            613
                        ],
                        "entities": [
                            {
                                "type": "Facility",
                                "text": "streets"
                            }
                        ]
                    },
                    {
                        "text": "Clayton",
                        "location": [
                            617,
                            624
                        ],
                        "entities": [
                            {
                                "type": "GeopoliticalEntity",
                                "text": "Clayton"
                            }
                        ]
                    }
                ]
            },
            {
                "type": "locatedAt",
                "sentence": "They walked onto Forest Park Parkway blocking traffic forcing some vehicles to turn around.",
                "score": 0.770891,
                "arguments": [
                    {
                        "text": "They",
                        "location": [
                            626,
                            630
                        ],
                        "entities": [
                            {
                                "type": "Person",
                                "text": "their"
                            }
                        ]
                    },
                    {
                        "text": "Forest Park Parkway",
                        "location": [
                            643,
                            662
                        ],
                        "entities": [
                            {
                                "type": "Facility",
                                "text": "Forest Park Parkway"
                            }
                        ]
                    }
                ]
            },
            {
                "type": "partOf",
                "sentence": "Not far away, the St. Louis Galleria closed its stores and doors early.",
                "score": 0.705507,
                "arguments": [
                    {
                        "text": "stores",
                        "location": [
                            767,
                            773
                        ],
                        "entities": [
                            {
                                "type": "Organization",
                                "text": "stores",
                                "disambiguation": {
                                    "subtype": [
                                        "Commercial"
                                    ]
                                }
                            }
                        ]
                    },
                    {
                        "text": "its",
                        "location": [
                            763,
                            766
                        ],
                        "entities": [
                            {
                                "type": "Organization",
                                "text": "its"
                            }
                        ]
                    }
                ]
            },
            {
                "type": "locatedAt",
                "sentence": "The mall has been targeted by protestors in the past.",
                "score": 0.344559,
                "arguments": [
                    {
                        "text": "protestors",
                        "location": [
                            821,
                            831
                        ],
                        "entities": [
                            {
                                "type": "Person",
                                "text": "protestors"
                            }
                        ]
                    },
                    {
                        "text": "mall",
                        "location": [
                            795,
                            799
                        ],
                        "entities": [
                            {
                                "type": "Facility",
                                "text": "mall"
                            }
                        ]
                    }
                ]
            },
            {
                "type": "agentOf",
                "sentence": "One woman said, \"We need to vote and change the way this country is run.\"",
                "score": 0.972587,
                "arguments": [
                    {
                        "text": "woman",
                        "location": [
                            935,
                            940
                        ],
                        "entities": [
                            {
                                "type": "Person",
                                "text": "woman"
                            }
                        ]
                    },
                    {
                        "text": "said",
                        "location": [
                            941,
                            945
                        ],
                        "entities": [
                            {
                                "type": "EventCommunication",
                                "text": "said"
                            }
                        ]
                    }
                ]
            },
            {
                "type": "memberOf",
                "sentence": "Gary Johnson is a member of the Jennings City Council.",
                "score": 0.742069,
                "arguments": [
                    {
                        "text": "member",
                        "location": [
                            1061,
                            1067
                        ],
                        "entities": [
                            {
                                "type": "Person",
                                "text": "Gary Johnson"
                            }
                        ]
                    },
                    {
                        "text": "Jennings\nCity Council",
                        "location": [
                            1075,
                            1096
                        ],
                        "entities": [
                            {
                                "type": "Organization",
                                "text": "Jennings\nCity Council"
                            }
                        ]
                    }
                ]
            },
            {
                "type": "agentOf",
                "sentence": "\"Given the injustices going on, given all that's been going on, given the past marches the people that come before us, it's just fitting to be out here,\" said Gary Johnson, member Jennings City Council.",
                "score": 0.882699,
                "arguments": [
                    {
                        "text": "Gary Johnson",
                        "location": [
                            1258,
                            1270
                        ],
                        "entities": [
                            {
                                "type": "Person",
                                "text": "Gary Johnson"
                            }
                        ]
                    },
                    {
                        "text": "said",
                        "location": [
                            1253,
                            1257
                        ],
                        "entities": [
                            {
                                "type": "EventCommunication",
                                "text": "said"
                            }
                        ]
                    }
                ]
            },
            {
                "type": "managerOf",
                "sentence": "\"Given the injustices going on, given all that's been going on, given the past marches the people that come before us, it's just fitting to be out here,\" said Gary Johnson, member Jennings City Council.",
                "score": 0.63791,
                "arguments": [
                    {
                        "text": "Jennings",
                        "location": [
                            1279,
                            1287
                        ],
                        "entities": [
                            {
                                "type": "Person",
                                "text": "Jennings"
                            }
                        ]
                    },
                    {
                        "text": "City Council",
                        "location": [
                            1288,
                            1300
                        ],
                        "entities": [
                            {
                                "type": "Organization",
                                "text": "Jennings\nCity Council"
                            }
                        ]
                    }
                ]
            },
            {
                "type": "parentOf",
                "sentence": "Some, like Paul Bordeaux, brought their children, \"I think it's important that he learns what's going on around him,\" said Paul Bordeaux",
                "score": 0.52161,
                "arguments": [
                    {
                        "text": "their",
                        "location": [
                            158,
                            163
                        ],
                        "entities": [
                            {
                                "type": "Person",
                                "text": "their"
                            }
                        ]
                    },
                    {
                        "text": "children",
                        "location": [
                            164,
                            172
                        ],
                        "entities": [
                            {
                                "type": "Person",
                                "text": "children"
                            }
                        ]
                    }
                ]
            },
            {
                "type": "agentOf",
                "sentence": "Some, like Paul Bordeaux, brought their children, \"I think it's important that he learns what's going on around him,\" said Paul Bordeaux",
                "score": 0.966193,
                "arguments": [
                    {
                        "text": "Paul Bordeaux",
                        "location": [
                            247,
                            260
                        ],
                        "entities": [
                            {
                                "type": "Person",
                                "text": "Paul Bordeaux"
                            }
                        ]
                    },
                    {
                        "text": "said",
                        "location": [
                            242,
                            246
                        ],
                        "entities": [
                            {
                                "type": "EventCommunication",
                                "text": "said"
                            }
                        ]
                    }
                ]
            },
            {
                "type": "residesIn",
                "sentence": "Reverend Deon Johnson is the New Bishop-Elect Episcopal Diocese of Missouri.",
                "score": 0.39615,
                "arguments": [
                    {
                        "text": "Reverend Deon Johnson",
                        "location": [
                            313,
                            334
                        ],
                        "entities": [
                            {
                                "type": "Person",
                                "text": "Reverend Deon Johnson"
                            }
                        ]
                    },
                    {
                        "text": "New Bishop",
                        "location": [
                            342,
                            352
                        ],
                        "entities": [
                            {
                                "type": "GeopoliticalEntity",
                                "text": "New Bishop"
                            }
                        ]
                    }
                ]
            },
            {
                "type": "employedBy",
                "sentence": "Reverend Deon Johnson is the New Bishop-Elect Episcopal Diocese of Missouri.",
                "score": 0.483492,
                "arguments": [
                    {
                        "text": "Reverend Deon Johnson",
                        "location": [
                            313,
                            334
                        ],
                        "entities": [
                            {
                                "type": "Person",
                                "text": "Reverend Deon Johnson"
                            }
                        ]
                    },
                    {
                        "text": "Elect Episcopal Diocese",
                        "location": [
                            353,
                            376
                        ],
                        "entities": [
                            {
                                "type": "Organization",
                                "text": "Elect Episcopal Diocese"
                            }
                        ]
                    }
                ]
            },
            {
                "type": "locatedAt",
                "sentence": "Reverend Deon Johnson is the New Bishop-Elect Episcopal Diocese of Missouri.",
                "score": 0.47046,
                "arguments": [
                    {
                        "text": "Elect Episcopal Diocese",
                        "location": [
                            353,
                            376
                        ],
                        "entities": [
                            {
                                "type": "Organization",
                                "text": "Elect Episcopal Diocese"
                            }
                        ]
                    },
                    {
                        "text": "Missouri",
                        "location": [
                            380,
                            388
                        ],
                        "entities": [
                            {
                                "type": "GeopoliticalEntity",
                                "text": "Missouri"
                            }
                        ]
                    }
                ]
            },
            {
                "type": "agentOf",
                "sentence": "As you can see it's a peaceful protest people gathering to say things in our society need to change,\" said Reverend Deon Johnson.",
                "score": 0.982143,
                "arguments": [
                    {
                        "text": "Reverend Deon Johnson",
                        "location": [
                            557,
                            578
                        ],
                        "entities": [
                            {
                                "type": "Person",
                                "text": "Reverend Deon Johnson"
                            }
                        ]
                    },
                    {
                        "text": "said",
                        "location": [
                            552,
                            556
                        ],
                        "entities": [
                            {
                                "type": "EventCommunication",
                                "text": "said"
                            }
                        ]
                    }
                ]
            },
            {
                "type": "locatedAt",
                "sentence": "They marched through the streets of Clayton",
                "score": 0.674436,
                "arguments": [
                    {
                        "text": "They",
                        "location": [
                            581,
                            585
                        ],
                        "entities": [
                            {
                                "type": "Person",
                                "text": "their"
                            }
                        ]
                    },
                    {
                        "text": "streets",
                        "location": [
                            606,
                            613
                        ],
                        "entities": [
                            {
                                "type": "Facility",
                                "text": "streets"
                            }
                        ]
                    }
                ]
            },
            {
                "type": "locatedAt",
                "sentence": "They marched through the streets of Clayton",
                "score": 0.489297,
                "arguments": [
                    {
                        "text": "They",
                        "location": [
                            581,
                            585
                        ],
                        "entities": [
                            {
                                "type": "Person",
                                "text": "their"
                            }
                        ]
                    },
                    {
                        "text": "Clayton",
                        "location": [
                            617,
                            624
                        ],
                        "entities": [
                            {
                                "type": "GeopoliticalEntity",
                                "text": "Clayton"
                            }
                        ]
                    }
                ]
            }
        ],
        "keywords": [
            {
                "text": "ST. LOUIS",
                "relevance": 0.81862,
                "count": 1
            },
            {
                "text": "peaceful protest people",
                "relevance": 0.679005,
                "count": 1
            },
            {
                "text": "St. Louis Galleria",
                "relevance": 0.638996,
                "count": 1
            },
            {
                "text": "New Bishop-Elect",
                "relevance": 0.629356,
                "count": 1
            },
            {
                "text": "Gary Johnson",
                "relevance": 0.590751,
                "count": 2
            },
            {
                "text": "sin of racism",
                "relevance": 0.587898,
                "count": 1
            },
            {
                "text": "Forest Park Parkway",
                "relevance": 0.586495,
                "count": 1
            },
            {
                "text": "Paul Bordeaux",
                "relevance": 0.58426,
                "count": 1
            },
            {
                "text": "different churches",
                "relevance": 0.581107,
                "count": 1
            },
            {
                "text": "Reverend Deon Johnson",
                "relevance": 0.55825,
                "count": 2
            },
            {
                "text": "carried signs",
                "relevance": 0.551071,
                "count": 1
            },
            {
                "text": "injustices",
                "relevance": 0.545193,
                "count": 1
            },
            {
                "text": "people",
                "relevance": 0.532409,
                "count": 2
            },
            {
                "text": "Demonstrators",
                "relevance": 0.53086,
                "count": 1
            },
            {
                "text": "woman",
                "relevance": 0.527401,
                "count": 1
            },
            {
                "text": "member Jennings City Council",
                "relevance": 0.522325,
                "count": 1
            },
            {
                "text": "crowd",
                "relevance": 0.521941,
                "count": 1
            },
            {
                "text": "mall",
                "relevance": 0.519176,
                "count": 1
            },
            {
                "text": "Episcopal Diocese of Missouri",
                "relevance": 0.514501,
                "count": 1
            },
            {
                "text": "Politicians",
                "relevance": 0.512003,
                "count": 1
            },
            {
                "text": "member",
                "relevance": 0.511731,
                "count": 1
            },
            {
                "text": "things",
                "relevance": 0.510479,
                "count": 1
            },
            {
                "text": "children",
                "relevance": 0.509539,
                "count": 1
            },
            {
                "text": "way",
                "relevance": 0.509539,
                "count": 1
            },
            {
                "text": "society",
                "relevance": 0.509473,
                "count": 2
            },
            {
                "text": "traffic",
                "relevance": 0.508703,
                "count": 1
            },
            {
                "text": "ages",
                "relevance": 0.508327,
                "count": 1
            },
            {
                "text": "country",
                "relevance": 0.507868,
                "count": 1
            },
            {
                "text": "anger",
                "relevance": 0.507868,
                "count": 1
            },
            {
                "text": "stores",
                "relevance": 0.507868,
                "count": 1
            },
            {
                "text": "force",
                "relevance": 0.507868,
                "count": 1
            },
            {
                "text": "place",
                "relevance": 0.507495,
                "count": 1
            },
            {
                "text": "protestors",
                "relevance": 0.507277,
                "count": 1
            },
            {
                "text": "Clayton",
                "relevance": 0.506489,
                "count": 1
            },
            {
                "text": "marchers",
                "relevance": 0.506489,
                "count": 1
            },
            {
                "text": "hearts",
                "relevance": 0.506489,
                "count": 1
            },
            {
                "text": "frustration",
                "relevance": 0.506489,
                "count": 1
            },
            {
                "text": "doors",
                "relevance": 0.506489,
                "count": 1
            },
            {
                "text": "vehicles",
                "relevance": 0.506489,
                "count": 1
            },
            {
                "text": "colors",
                "relevance": 0.506489,
                "count": 1
            },
            {
                "text": "justice center",
                "relevance": 0.502896,
                "count": 1
            },
            {
                "text": "streets of Clayton",
                "relevance": 0.485121,
                "count": 1
            },
            {
                "text": "run",
                "relevance": 0.45132,
                "count": 1
            },
            {
                "text": "past",
                "relevance": 0.45132,
                "count": 1
            }
        ]
    },
    "freqeuncy": "Continuous feed",
    "extracted_metadata": {
        "sha1": "c37548f83d9d57681ab9be137ae7f9db04a23342",
        "filename": "202005310000NEWSBANKNEWSPPRSA682EA2BA96C5B60C18913BF6F592A6.json",
        "file_type": "json"
    },
    "companyRecord": "",
    "publicationTime": "2020-05-31T00:00:00-04:00",
    "title": "Hundreds march in peaceful protest in St. Louis area",
    "html": "<p><location idsrc=\"xmltag.org\" value=\"LU/us.mo.stluis\">ST. LOUIS</location> &#150; Hundreds of people gathered outside the justice center in <location idsrc=\"xmltag.org\" value=\"LU/us.mo.clyton\">Clayton</location>.</p>\n<p>The crowd represented all ages and colors.</p>\n\n<p>Some, like <person>Paul Bordeaux</person>, brought their children, \"I think it's important that he learns what's going on around him,\" said <person>Paul Bordeaux</person></p>\n\n<p>Clergy from different churches showed up in force. Reverend <person>Deon Johnson</person> is the <org>New Bishop-Elect Episcopal Diocese of Missouri</org>.</p>\n\n<p>\"The sin of racism has no place in our society any longer. As you can see it's a peaceful protest people gathering to say things in our society need to change,\" said Reverend <person>Deon Johnson</person>.</p>\n\n<p>They marched through the streets of <location idsrc=\"xmltag.org\" value=\"LU/us.mo.clyton\">Clayton</location></p>\n\n<p>They walked onto <location>Forest Park Parkway</location> blocking traffic forcing some vehicles to turn around.</p>\n\n<p>Not far away, the St. Louis Galleria closed its stores and doors early. The mall has been targeted by protestors in the past.</p>\n\n<p>Demonstrators carried signs and they carried anger and frustration in their hearts.</p>\n\n<p>One woman said, \"We need to vote and change the way this country is run.\"</p>\n\n<p>Politicians were among the marchers. <person>Gary Johnson</person> is a member of the <org>Jennings City Council</org>.</p>\n\n<p>\"Given the injustices going on, given all that's been going on, given the past marches the people that come before us, it's just fitting to be out here,\" said <person>Gary Johnson</person>, member <org>Jennings City Council</org>.</p>",
    "geoFocus": [
        [
            "GU/us.mo.lakuis",
            "Lake Saint Louis"
        ]
    ]
}