{
    "id": "309215a4-0e47-4ac6-94a2-1a134eff4831",
    "result_metadata": {
        "score": 1
    },
    "copyright": "(c)  2020, TenderNews.com Provided by SyndiGate Media Inc. (Syndigate.info).",
    "geoOrigin": "New Delhi, India",
    "sourceType": "General Newswire",
    "source": "TenderNews.com - Tenders (India)",
    "corpus_document_id": "48720999196747075427",
    "description": "Digital services/ delivery of convertible notebooks to schools more info: Location: GERMANY BidDate: 6/ 10/ 2020 Tender Country: GERMANY Tender Type: Tenders Tendering Authority: City of Norderstedt- The Mayor/ Office Tendering Authority Address: 22846 Norderstedt Schleswig-Holstein Financier: Self Funded Tearn Money: Not Specified.",
    "serviceName": "Middle East & North African Newspapers",
    "locationCode": [
        {
            "parent": "LR/eur",
            "relevance_score": "9",
            "description": "Western Europe",
            "code": "LB/weur#9#49#90",
            "level": 1
        },
        {
            "parent": "LB/weur",
            "relevance_score": "9",
            "description": "Germany",
            "code": "LC/de#9#90#90",
            "level": 2
        },
        {
            "parent": null,
            "relevance_score": "9",
            "description": "Europe",
            "code": "LR/eur#9#49#90",
            "level": 0
        },
        {
            "code": "LU/de#9#90#90",
            "description": "",
            "relevance_score": "9"
        }
    ],
    "sourceClass": "Business and Commerce",
    "subjectCode": [
        {
            "parent": null,
            "relevance_score": "9",
            "description": "Politics and Government",
            "code": "IS/pol#9#50#99",
            "level": 0
        },
        {
            "parent": "IS/pol.spec",
            "relevance_score": "9",
            "description": "Government Contract Solicitations",
            "code": "IS/pol.govrfp#9#99#50",
            "level": 2
        },
        {
            "parent": "IS/pol",
            "relevance_score": "9",
            "description": "Local Government",
            "code": "IS/pol.local#9#99#50",
            "level": 1
        },
        {
            "parent": "IS/spec",
            "relevance_score": "9",
            "description": "Structured Politics and Government Content",
            "code": "IS/pol.spec#9#50#99",
            "level": 1
        }
    ],
    "text": "Digital services / delivery of convertible notebooks to schools more info :\nLocation : GERMANY BidDate : 6/10/2020 Tender Country : GERMANY Tender Type :\nTenders Tendering Authority : City of Norderstedt - The Mayor / Office\nTendering Authority Address : 22846 Norderstedt Schleswig-Holstein Financier :\nSelf Funded Tearn Money : Not Specified",
    "industryCode": [],
    "naviga_enrichment": {
        "org": [],
        "location": [
            "GERMANY"
        ],
        "person": [],
        "companies": []
    },
    "geoOrigin_code": "RU/in..newdel",
    "language": "English",
    "filename": "202006050210ALBA____ME_NA_NE_55165_176212126_138.151.XML",
    "providerName": "SyndiGate Media Inc.",
    "enriched_text": {
        "entities": [
            {
                "count": 2,
                "sentiment": {
                    "score": 0.372781,
                    "label": "positive"
                },
                "text": "GERMANY",
                "relevance": 0.925245,
                "type": "Location",
                "disambiguation": {
                    "subtype": [
                        "GovernmentalJurisdiction",
                        "Country"
                    ],
                    "name": "Germany",
                    "dbpedia_resource": "http://dbpedia.org/resource/Germany"
                }
            },
            {
                "count": 1,
                "sentiment": {
                    "score": 0,
                    "label": "neutral"
                },
                "text": "Norderstedt",
                "relevance": 0.500881,
                "type": "Location",
                "disambiguation": {
                    "subtype": [
                        "City"
                    ],
                    "name": "Norderstedt",
                    "dbpedia_resource": "http://dbpedia.org/resource/Norderstedt"
                }
            }
        ],
        "semantic_roles": [],
        "categories": [
            {
                "score": 0.986164,
                "label": "/automotive and vehicles/cars/convertible"
            },
            {
                "score": 0.835754,
                "label": "/automotive and vehicles/cars/coupe"
            }
        ],
        "relations": [],
        "keywords": [
            {
                "text": "Tender Country",
                "relevance": 0.977055,
                "count": 1
            },
            {
                "text": "GERMANY BidDate",
                "relevance": 0.939078,
                "count": 1
            },
            {
                "text": "Digital services",
                "relevance": 0.919736,
                "count": 1
            },
            {
                "text": "Tender Type",
                "relevance": 0.765571,
                "count": 1
            },
            {
                "text": "Location",
                "relevance": 0.630667,
                "count": 1
            },
            {
                "text": "GERMANY",
                "relevance": 0.580635,
                "count": 1
            },
            {
                "text": "Tenders",
                "relevance": 0.578233,
                "count": 1
            },
            {
                "text": "Authority",
                "relevance": 0.569842,
                "count": 1
            },
            {
                "text": "delivery of convertible notebooks",
                "relevance": 0.53492,
                "count": 1
            },
            {
                "text": "schools",
                "relevance": 0.526107,
                "count": 1
            },
            {
                "text": "Mayor",
                "relevance": 0.521538,
                "count": 1
            },
            {
                "text": "Office",
                "relevance": 0.517767,
                "count": 1
            },
            {
                "text": "info",
                "relevance": 0.517767,
                "count": 1
            },
            {
                "text": "Authority Address",
                "relevance": 0.451315,
                "count": 1
            },
            {
                "text": "City of Norderstedt",
                "relevance": 0.450956,
                "count": 1
            },
            {
                "text": "Norderstedt Schleswig-Holstein Financier",
                "relevance": 0.41435,
                "count": 1
            },
            {
                "text": "Tearn Money",
                "relevance": 0.397642,
                "count": 1
            }
        ]
    },
    "freqeuncy": "Daily",
    "extracted_metadata": {
        "sha1": "5df2d1dce2588b0d2dc0bbfd53e03be856ddb534",
        "filename": "202006050210ALBA____ME_NA_NE_55165_176212126_138.151.json",
        "file_type": "json"
    },
    "companyRecord": "",
    "publicationTime": "2020-06-05T02:10:00-04:00",
    "title": "Digital services / delivery of convertible notebooks to schools [TenderNews.com - Tenders (India)]",
    "html": "<p>Digital services / delivery of convertible notebooks to schools more info :  Location : <location idsrc=\"xmltag.org\" value=\"LC/de\">GERMANY</location>\nBidDate : <chron>6/10/2020</chron>\nTender Country : <location idsrc=\"xmltag.org\" value=\"LC/de\">GERMANY</location>\nTender Type : <org>Tenders\nTendering Authority</org> : City of Norderstedt - The Mayor / Office\nTendering Authority Address : 22846 Norderstedt Schleswig-Holstein\nFinancier : Self Funded\n<person>Tearn Money</person> : Not Specified</p>",
    "geoFocus": [
        [
            "GC/in",
            "India"
        ]
    ]
}