{
    "id": "30c540c7-dcfc-47a5-ba65-9f0056720df4",
    "result_metadata": {
        "score": 1
    },
    "copyright": "\u00a9 Copyright \u00a9 2020 The Gettysburg Times, All Rights Reserved.",
    "geoOrigin": "Gettysburg, Pennsylvania",
    "sourceType": "Newspaper",
    "source": "Gettysburg Times, The (PA)",
    "corpus_document_id": "55033750946505739094",
    "description": "McSherrystown Borough has been advised that neither it nor its officials should publicly disclose personnel matters. Despite that advice, at the May 27, 2020 Borough Council meeting, a council member chose to ignore that advice and launched into his own commentary regarding a personnel issue which, I believe, was misinformed. A second council member took...",
    "serviceName": "Newspapers",
    "locationCode": [
        {
            "parent": "LR/am",
            "relevance_score": "9",
            "description": "North America",
            "code": "LB/nam#9#49#90",
            "level": 1
        },
        {
            "parent": "LB/nam",
            "relevance_score": "9",
            "description": "United States",
            "code": "LC/us#9#50#90",
            "level": 2
        },
        {
            "parent": null,
            "relevance_score": "9",
            "description": "Americas",
            "code": "LR/am#9#49#90",
            "level": 0
        },
        {
            "code": "LR/nam#9#49#90",
            "description": "",
            "relevance_score": "9"
        }
    ],
    "sourceClass": "General News",
    "subjectCode": [],
    "text": "Transition in McSherrystown\n\nEditor, Gettysburg Times,\n\nMcSherrystown Borough has been advised that neither it nor its officials\nshould publicly disclose personnel matters.\n\nDespite that advice, at the May 27, 2020 Borough Council meeting, a council\nmember chose to ignore that advice and launched into his own commentary\nregarding a personnel issue which, I believe, was misinformed.\n\nA second council member took advantage of the chaos created by the outburst,\nalso ignoring those instructions. In my opinion, sensitive and potentially\nlegally-protected information concerning current and past borough personnel\nwas discussed publicly. During these statements, the technology used to host\nthe meeting did not permit me, as the council president to comment, to caution\nor otherwise interact with these council members. Although order was\neventually restored, it is my opinion that the civility and decorum residents\nexpect from their council was lost.\n\nEqually concerning to me is that employees may feel as if the privacy, to\nwhich they are entitled as employees, was compromised. While we are grateful\nfor the ability technology grants us to bring these meetings to you, the\nunfortunate circumstances that occurred during this meeting has resulted in\nnew measures that we will be implementing immediately to assure, should there\nbe an additional attempt by any member(s) to cause a disruption, there will be\nimmediate actions to stop disturbances followed swiftly by any corrective\naction which the Borough Code may permit.\n\nThe Borough's response to an evolving personnel situation was meant to be\ndeliberate and transparent, and we will attempt to regain the composure,\nresolve, and patience needed to do what is best for our Borough, which\nincludes its taxpayers, residents, staff, and its elected officials.\n\nSometimes what is best for all stakeholders takes times and patience to\ndiscern clearly. We are currently researching options and developing a plan to\nmove forward, cautiously, and deliberately. Our focus is to assess our current\nstrengths while creating a comprehensive overview, which will outline the\nqualifications which will best serve the needs of our borough moving forward.\nWhen we are ready to advertise for this position, we will notify the community\nand publish the qualifications we are seeking. In the meantime, our staff and\ncouncil will manage affairs appropriately and effectively. Thank you for your\nunderstanding and patience as we navigate this period of transition.\n\nWilliam F. Smith Jr.,\n\nMcSherrystown",
    "industryCode": [],
    "naviga_enrichment": {
        "org": [
            "Gettysburg Times",
            "Borough Council"
        ],
        "location": [
            "McSherrystown",
            "McSherrystown Borough"
        ],
        "person": [
            "William F. Smith Jr"
        ],
        "companies": [
            "Borough Council",
            "Gettysburg Times"
        ]
    },
    "geoOrigin_code": "RU/us.pa.geturg",
    "language": "English",
    "filename": "202006070000NEWSBANKNEWSPPRSB2FE1952190471E8EFC99B13DD43601.XML",
    "providerName": "NewsBank",
    "enriched_text": {
        "entities": [
            {
                "count": 4,
                "sentiment": {
                    "score": 0.069711,
                    "label": "positive"
                },
                "text": "McSherrystown Borough",
                "relevance": 0.882955,
                "type": "Location",
                "disambiguation": {
                    "subtype": [
                        "City"
                    ]
                }
            },
            {
                "count": 1,
                "sentiment": {
                    "score": 0,
                    "label": "neutral"
                },
                "text": "Borough Council",
                "relevance": 0.612194,
                "type": "Organization"
            },
            {
                "count": 1,
                "sentiment": {
                    "score": -0.232117,
                    "label": "negative"
                },
                "text": "Gettysburg Times",
                "relevance": 0.282183,
                "type": "PrintMedia"
            },
            {
                "count": 1,
                "sentiment": {
                    "score": 0,
                    "label": "neutral"
                },
                "text": "William F. Smith Jr",
                "relevance": 0.254503,
                "type": "Person"
            },
            {
                "count": 1,
                "sentiment": {
                    "score": 0.284485,
                    "label": "positive"
                },
                "text": "Editor",
                "relevance": 0.250221,
                "type": "JobTitle"
            },
            {
                "count": 1,
                "sentiment": {
                    "score": -0.229712,
                    "label": "negative"
                },
                "text": "president",
                "relevance": 0.229224,
                "type": "JobTitle"
            }
        ],
        "semantic_roles": [
            {
                "subject": {
                    "text": "McSherrystown Borough"
                },
                "sentence": " McSherrystown Borough has been advised that neither it nor its officials",
                "object": {
                    "text": "advised that neither it nor its officials"
                },
                "action": {
                    "verb": {
                        "text": "be",
                        "tense": "past"
                    },
                    "text": "been",
                    "normalized": "be"
                }
            },
            {
                "subject": {
                    "text": "member"
                },
                "sentence": " member chose to ignore that advice and launched into his own commentary",
                "object": {
                    "text": "to ignore that advice and launched into his own commentary"
                },
                "action": {
                    "verb": {
                        "text": "choose",
                        "tense": "past"
                    },
                    "text": "chose",
                    "normalized": "choose"
                }
            },
            {
                "subject": {
                    "text": "member"
                },
                "sentence": " member chose to ignore that advice and launched into his own commentary",
                "object": {
                    "text": "that advice"
                },
                "action": {
                    "verb": {
                        "text": "ignore",
                        "tense": "future"
                    },
                    "text": "chose to ignore",
                    "normalized": "choose to ignore"
                }
            },
            {
                "subject": {
                    "text": "I"
                },
                "sentence": " regarding a personnel issue which, I believe, was misinformed.",
                "object": {
                    "text": "a personnel issue"
                },
                "action": {
                    "verb": {
                        "text": "believe",
                        "tense": "present"
                    },
                    "text": "believe",
                    "normalized": "believe"
                }
            },
            {
                "subject": {
                    "text": "a personnel issue which, I believe,"
                },
                "sentence": " regarding a personnel issue which, I believe, was misinformed.",
                "object": {
                    "text": "misinformed"
                },
                "action": {
                    "verb": {
                        "text": "be",
                        "tense": "past"
                    },
                    "text": "was",
                    "normalized": "be"
                }
            },
            {
                "subject": {
                    "text": "A second council member"
                },
                "sentence": " A second council member took advantage of the chaos created by the outburst,",
                "object": {
                    "text": "advantage"
                },
                "action": {
                    "verb": {
                        "text": "take",
                        "tense": "past"
                    },
                    "text": "took",
                    "normalized": "take"
                }
            },
            {
                "subject": {
                    "text": "by the outburst"
                },
                "sentence": " A second council member took advantage of the chaos created by the outburst,",
                "object": {
                    "text": "the chaos"
                },
                "action": {
                    "verb": {
                        "text": "create",
                        "tense": "past"
                    },
                    "text": "created",
                    "normalized": "create"
                }
            },
            {
                "subject": {
                    "text": "legally-protected information"
                },
                "sentence": " legally-protected information concerning current and past borough personnel",
                "object": {
                    "text": "current and past borough personnel"
                },
                "action": {
                    "verb": {
                        "text": "concern",
                        "tense": "present"
                    },
                    "text": "concerning",
                    "normalized": "concern"
                }
            },
            {
                "subject": {
                    "text": "the technology"
                },
                "sentence": " During these statements, the technology used to host",
                "object": {
                    "text": "to host"
                },
                "action": {
                    "verb": {
                        "text": "use",
                        "tense": "past"
                    },
                    "text": "used",
                    "normalized": "use"
                }
            },
            {
                "subject": {
                    "text": "the meeting"
                },
                "sentence": " the meeting did not permit me, as the council president to comment, to caution",
                "object": {
                    "text": "not permit me"
                },
                "action": {
                    "verb": {
                        "text": "do",
                        "tense": "past"
                    },
                    "text": "did",
                    "normalized": "do"
                }
            },
            {
                "subject": {
                    "text": "the meeting"
                },
                "sentence": " the meeting did not permit me, as the council president to comment, to caution",
                "object": {
                    "text": "me"
                },
                "action": {
                    "verb": {
                        "text": "permit",
                        "tense": "past",
                        "negated": true
                    },
                    "text": "permit",
                    "normalized": "permit"
                }
            },
            {
                "subject": {
                    "text": "their council"
                },
                "sentence": " expect from their council was lost.",
                "object": {
                    "text": "lost"
                },
                "action": {
                    "verb": {
                        "text": "be",
                        "tense": "past"
                    },
                    "text": "was",
                    "normalized": "be"
                }
            },
            {
                "subject": {
                    "text": "employees"
                },
                "sentence": " Equally concerning to me is that employees may feel as if the privacy, to",
                "object": {
                    "text": "as if the privacy, to"
                },
                "action": {
                    "verb": {
                        "text": "feel",
                        "tense": "future"
                    },
                    "text": "may feel",
                    "normalized": "may feel"
                }
            },
            {
                "subject": {
                    "text": "they"
                },
                "sentence": " which they are entitled as employees, was compromised.",
                "object": {
                    "text": "as employees"
                },
                "action": {
                    "verb": {
                        "text": "be",
                        "tense": "present"
                    },
                    "text": "are entitled",
                    "normalized": "be entitle"
                }
            },
            {
                "subject": {
                    "text": "which they are entitled as employees,"
                },
                "sentence": " which they are entitled as employees, was compromised.",
                "object": {
                    "text": "compromised"
                },
                "action": {
                    "verb": {
                        "text": "be",
                        "tense": "past"
                    },
                    "text": "was",
                    "normalized": "be"
                }
            },
            {
                "subject": {
                    "text": "technology grants us"
                },
                "sentence": " for the ability technology grants us to bring these meetings to you, the",
                "object": {
                    "text": "these meetings"
                },
                "action": {
                    "verb": {
                        "text": "bring",
                        "tense": "future"
                    },
                    "text": "to bring",
                    "normalized": "to bring"
                }
            },
            {
                "subject": {
                    "text": "unfortunate circumstances"
                },
                "sentence": " unfortunate circumstances that occurred during this meeting has resulted in",
                "action": {
                    "verb": {
                        "text": "occur",
                        "tense": "past"
                    },
                    "text": "occurred",
                    "normalized": "occur"
                }
            },
            {
                "subject": {
                    "text": "unfortunate circumstances that occurred during this meeting"
                },
                "sentence": " unfortunate circumstances that occurred during this meeting has resulted in",
                "object": {
                    "text": "resulted in"
                },
                "action": {
                    "verb": {
                        "text": "have",
                        "tense": "present"
                    },
                    "text": "has",
                    "normalized": "have"
                }
            },
            {
                "subject": {
                    "text": "unfortunate circumstances that occurred during this meeting"
                },
                "sentence": " unfortunate circumstances that occurred during this meeting has resulted in",
                "object": {
                    "text": "in"
                },
                "action": {
                    "verb": {
                        "text": "result",
                        "tense": "past"
                    },
                    "text": "has resulted",
                    "normalized": "have result"
                }
            },
            {
                "subject": {
                    "text": "we"
                },
                "sentence": " new measures that we will be implementing immediately to assure, should there",
                "object": {
                    "text": "new measures"
                },
                "action": {
                    "verb": {
                        "text": "implement",
                        "tense": "future"
                    },
                    "text": "will be implementing",
                    "normalized": "will be implement"
                }
            },
            {
                "subject": {
                    "text": "we"
                },
                "sentence": " new measures that we will be implementing immediately to assure, should there",
                "object": {
                    "text": "new measures"
                },
                "action": {
                    "verb": {
                        "text": "assure",
                        "tense": "future"
                    },
                    "text": "to assure",
                    "normalized": "to assure"
                }
            },
            {
                "subject": {
                    "text": "immediate actions to stop disturbances"
                },
                "sentence": " immediate actions to stop disturbances followed swiftly by any corrective",
                "object": {
                    "text": "by any corrective"
                },
                "action": {
                    "verb": {
                        "text": "follow",
                        "tense": "past"
                    },
                    "text": "followed",
                    "normalized": "follow"
                }
            },
            {
                "subject": {
                    "text": "an evolving personnel situation"
                },
                "sentence": " The Borough's response to an evolving personnel situation was meant to be",
                "object": {
                    "text": "meant"
                },
                "action": {
                    "verb": {
                        "text": "be",
                        "tense": "past"
                    },
                    "text": "was",
                    "normalized": "be"
                }
            },
            {
                "subject": {
                    "text": "we"
                },
                "sentence": " deliberate and transparent, and we will attempt to regain the composure,",
                "object": {
                    "text": "to regain the composure"
                },
                "action": {
                    "verb": {
                        "text": "attempt",
                        "tense": "future"
                    },
                    "text": "attempt",
                    "normalized": "attempt"
                }
            },
            {
                "subject": {
                    "text": "we"
                },
                "sentence": " deliberate and transparent, and we will attempt to regain the composure,",
                "object": {
                    "text": "the composure"
                },
                "action": {
                    "verb": {
                        "text": "regain",
                        "tense": "future"
                    },
                    "text": "will attempt to regain",
                    "normalized": "will attempt to regain"
                }
            },
            {
                "subject": {
                    "text": "patience"
                },
                "sentence": " resolve, and patience needed to do what is best for our Borough, which",
                "object": {
                    "text": "what"
                },
                "action": {
                    "verb": {
                        "text": "do",
                        "tense": "future"
                    },
                    "text": "needed to do",
                    "normalized": "need to do"
                }
            },
            {
                "subject": {
                    "text": "all stakeholders"
                },
                "sentence": " Sometimes what is best for all stakeholders takes times and patience to",
                "object": {
                    "text": "times and patience"
                },
                "action": {
                    "verb": {
                        "text": "take",
                        "tense": "present"
                    },
                    "text": "takes",
                    "normalized": "take"
                }
            },
            {
                "subject": {
                    "text": "We"
                },
                "sentence": " We are currently researching options and developing a plan to",
                "action": {
                    "verb": {
                        "text": "be",
                        "tense": "present"
                    },
                    "text": "are",
                    "normalized": "be"
                }
            },
            {
                "subject": {
                    "text": "We"
                },
                "sentence": " We are currently researching options and developing a plan to",
                "object": {
                    "text": "options"
                },
                "action": {
                    "verb": {
                        "text": "research",
                        "tense": "present"
                    },
                    "text": "researching",
                    "normalized": "research"
                }
            },
            {
                "subject": {
                    "text": "We"
                },
                "sentence": " We are currently researching options and developing a plan to",
                "object": {
                    "text": "a plan"
                },
                "action": {
                    "verb": {
                        "text": "develop",
                        "tense": "present"
                    },
                    "text": "developing",
                    "normalized": "develop"
                }
            },
            {
                "subject": {
                    "text": "Our focus"
                },
                "sentence": " Our focus is to assess our current",
                "object": {
                    "text": "our current"
                },
                "action": {
                    "verb": {
                        "text": "assess",
                        "tense": "future"
                    },
                    "text": "to assess",
                    "normalized": "to assess"
                }
            },
            {
                "subject": {
                    "text": "creating a comprehensive overview"
                },
                "sentence": " strengths while creating a comprehensive overview, which will outline the",
                "object": {
                    "text": "the"
                },
                "action": {
                    "verb": {
                        "text": "outline",
                        "tense": "future"
                    },
                    "text": "will outline",
                    "normalized": "will outline"
                }
            },
            {
                "subject": {
                    "text": "qualifications"
                },
                "sentence": " qualifications which will best serve the needs of our borough moving forward.",
                "object": {
                    "text": "the needs of our borough moving forward"
                },
                "action": {
                    "verb": {
                        "text": "serve",
                        "tense": "future"
                    },
                    "text": "serve",
                    "normalized": "serve"
                }
            },
            {
                "subject": {
                    "text": "we"
                },
                "sentence": " When we are ready to advertise for this position, we will notify the community",
                "object": {
                    "text": "for this position"
                },
                "action": {
                    "verb": {
                        "text": "advertise",
                        "tense": "future"
                    },
                    "text": "to advertise",
                    "normalized": "to advertise"
                }
            },
            {
                "subject": {
                    "text": "we"
                },
                "sentence": " When we are ready to advertise for this position, we will notify the community",
                "action": {
                    "verb": {
                        "text": "notify",
                        "tense": "future"
                    },
                    "text": "will notify",
                    "normalized": "will notify"
                }
            },
            {
                "subject": {
                    "text": "we"
                },
                "sentence": " and publish the qualifications we are seeking.",
                "object": {
                    "text": "the qualifications"
                },
                "action": {
                    "verb": {
                        "text": "publish",
                        "tense": "present"
                    },
                    "text": "publish",
                    "normalized": "publish"
                }
            },
            {
                "subject": {
                    "text": "we"
                },
                "sentence": " and publish the qualifications we are seeking.",
                "object": {
                    "text": "the qualifications"
                },
                "action": {
                    "verb": {
                        "text": "seek",
                        "tense": "present"
                    },
                    "text": "are seeking",
                    "normalized": "be seek"
                }
            },
            {
                "subject": {
                    "text": "council"
                },
                "sentence": " council will manage affairs appropriately and effectively.",
                "object": {
                    "text": "affairs"
                },
                "action": {
                    "verb": {
                        "text": "manage",
                        "tense": "future"
                    },
                    "text": "will manage",
                    "normalized": "will manage"
                }
            },
            {
                "subject": {
                    "text": "you"
                },
                "sentence": " Thank you for your",
                "object": {
                    "text": "for your"
                },
                "action": {
                    "verb": {
                        "text": "Thank",
                        "tense": "present"
                    },
                    "text": "Thank",
                    "normalized": "Thank"
                }
            },
            {
                "subject": {
                    "text": "we"
                },
                "sentence": " understanding and patience as we navigate this period of transition.",
                "object": {
                    "text": "this period of transition"
                },
                "action": {
                    "verb": {
                        "text": "navigate",
                        "tense": "present"
                    },
                    "text": "navigate",
                    "normalized": "navigate"
                }
            }
        ],
        "categories": [
            {
                "score": 0.906702,
                "label": "/law, govt and politics"
            },
            {
                "score": 0.748228,
                "label": "/society/unrest and war"
            },
            {
                "score": 0.67634,
                "label": "/business and industrial/business operations"
            }
        ],
        "relations": [
            {
                "type": "agentOf",
                "sentence": "McSherrystown Borough has been advised that neither it nor its officials should publicly disclose personnel matters.",
                "score": 0.935342,
                "arguments": [
                    {
                        "text": "McSherrystown Borough",
                        "location": [
                            56,
                            77
                        ],
                        "entities": [
                            {
                                "type": "Person",
                                "text": "McSherrystown Borough"
                            }
                        ]
                    },
                    {
                        "text": "advised",
                        "location": [
                            87,
                            94
                        ],
                        "entities": [
                            {
                                "type": "EventCommunication",
                                "text": "advised"
                            }
                        ]
                    }
                ]
            },
            {
                "type": "memberOf",
                "sentence": "The Borough's response to an evolving personnel situation was meant to be deliberate and transparent, and we will attempt to regain the composure, resolve, and patience needed to do what is best for our Borough, which includes its taxpayers, residents, staff, and its elected officials.",
                "score": 0.244179,
                "arguments": [
                    {
                        "text": "our",
                        "location": [
                            1727,
                            1730
                        ],
                        "entities": [
                            {
                                "type": "Person",
                                "text": "residents"
                            }
                        ]
                    },
                    {
                        "text": "Borough",
                        "location": [
                            1731,
                            1738
                        ],
                        "entities": [
                            {
                                "type": "Organization",
                                "text": "Borough Code"
                            }
                        ]
                    }
                ]
            },
            {
                "type": "employedBy",
                "sentence": "The Borough's response to an evolving personnel situation was meant to be deliberate and transparent, and we will attempt to regain the composure, resolve, and patience needed to do what is best for our Borough, which includes its taxpayers, residents, staff, and its elected officials.",
                "score": 0.657267,
                "arguments": [
                    {
                        "text": "taxpayers",
                        "location": [
                            1759,
                            1768
                        ],
                        "entities": [
                            {
                                "type": "Person",
                                "text": "taxpayers"
                            }
                        ]
                    },
                    {
                        "text": "its",
                        "location": [
                            1755,
                            1758
                        ],
                        "entities": [
                            {
                                "type": "Organization",
                                "text": "Borough Code"
                            }
                        ]
                    }
                ]
            },
            {
                "type": "employedBy",
                "sentence": "The Borough's response to an evolving personnel situation was meant to be deliberate and transparent, and we will attempt to regain the composure, resolve, and patience needed to do what is best for our Borough, which includes its taxpayers, residents, staff, and its elected officials.",
                "score": 0.880832,
                "arguments": [
                    {
                        "text": "officials",
                        "location": [
                            1804,
                            1813
                        ],
                        "entities": [
                            {
                                "type": "Person",
                                "text": "officials"
                            }
                        ]
                    },
                    {
                        "text": "its",
                        "location": [
                            1792,
                            1795
                        ],
                        "entities": [
                            {
                                "type": "Organization",
                                "text": "Borough Code"
                            }
                        ]
                    }
                ]
            },
            {
                "type": "affectedBy",
                "sentence": "The Borough's response to an evolving personnel situation was meant to be deliberate and transparent, and we will attempt to regain the composure, resolve, and patience needed to do what is best for our Borough, which includes its taxpayers, residents, staff, and its elected officials.",
                "score": 0.198434,
                "arguments": [
                    {
                        "text": "officials",
                        "location": [
                            1804,
                            1813
                        ],
                        "entities": [
                            {
                                "type": "Person",
                                "text": "officials"
                            }
                        ]
                    },
                    {
                        "text": "elected",
                        "location": [
                            1796,
                            1803
                        ],
                        "entities": [
                            {
                                "type": "EventElection",
                                "text": "elected"
                            }
                        ]
                    }
                ]
            },
            {
                "type": "agentOf",
                "sentence": "When we are ready to advertise for this position, we will notify the community and publish the qualifications we are seeking.",
                "score": 0.910833,
                "arguments": [
                    {
                        "text": "we",
                        "location": [
                            2248,
                            2250
                        ],
                        "entities": [
                            {
                                "type": "Organization",
                                "text": "Borough Code"
                            }
                        ]
                    },
                    {
                        "text": "notify",
                        "location": [
                            2256,
                            2262
                        ],
                        "entities": [
                            {
                                "type": "EventCommunication",
                                "text": "notify"
                            }
                        ]
                    }
                ]
            },
            {
                "type": "employedBy",
                "sentence": "McSherrystown Borough has been advised that neither it nor its officials should publicly disclose personnel matters.",
                "score": 0.869044,
                "arguments": [
                    {
                        "text": "officials",
                        "location": [
                            119,
                            128
                        ],
                        "entities": [
                            {
                                "type": "Person",
                                "text": "officials"
                            }
                        ]
                    },
                    {
                        "text": "its",
                        "location": [
                            115,
                            118
                        ],
                        "entities": [
                            {
                                "type": "Organization",
                                "text": "its"
                            }
                        ]
                    }
                ]
            },
            {
                "type": "timeOf",
                "sentence": "Despite that advice, at the May 27, 2020 Borough Council meeting, a council member chose to ignore that advice and launched into his own commentary regarding a personnel issue which, I believe, was misinformed.",
                "score": 0.840671,
                "arguments": [
                    {
                        "text": "May 27, 2020",
                        "location": [
                            202,
                            214
                        ],
                        "entities": [
                            {
                                "type": "Date",
                                "text": "May 27, 2020"
                            }
                        ]
                    },
                    {
                        "text": "meeting",
                        "location": [
                            231,
                            238
                        ],
                        "entities": [
                            {
                                "type": "EventMeeting",
                                "text": "meeting"
                            }
                        ]
                    }
                ]
            },
            {
                "type": "participantIn",
                "sentence": "Despite that advice, at the May 27, 2020 Borough Council meeting, a council member chose to ignore that advice and launched into his own commentary regarding a personnel issue which, I believe, was misinformed.",
                "score": 0.493973,
                "arguments": [
                    {
                        "text": "Borough Council",
                        "location": [
                            215,
                            230
                        ],
                        "entities": [
                            {
                                "type": "Organization",
                                "text": "Borough Council"
                            }
                        ]
                    },
                    {
                        "text": "meeting",
                        "location": [
                            231,
                            238
                        ],
                        "entities": [
                            {
                                "type": "EventMeeting",
                                "text": "meeting"
                            }
                        ]
                    }
                ]
            },
            {
                "type": "memberOf",
                "sentence": "Despite that advice, at the May 27, 2020 Borough Council meeting, a council member chose to ignore that advice and launched into his own commentary regarding a personnel issue which, I believe, was misinformed.",
                "score": 0.537258,
                "arguments": [
                    {
                        "text": "member",
                        "location": [
                            250,
                            256
                        ],
                        "entities": [
                            {
                                "type": "Person",
                                "text": "member"
                            }
                        ]
                    },
                    {
                        "text": "council",
                        "location": [
                            242,
                            249
                        ],
                        "entities": [
                            {
                                "type": "Organization",
                                "text": "council",
                                "disambiguation": {
                                    "subtype": [
                                        "Multigov"
                                    ]
                                }
                            }
                        ]
                    }
                ]
            },
            {
                "type": "memberOf",
                "sentence": "A second council member took advantage of the chaos created by the outburst, also ignoring those instructions.",
                "score": 0.655736,
                "arguments": [
                    {
                        "text": "member",
                        "location": [
                            403,
                            409
                        ],
                        "entities": [
                            {
                                "type": "Person",
                                "text": "member"
                            }
                        ]
                    },
                    {
                        "text": "council",
                        "location": [
                            395,
                            402
                        ],
                        "entities": [
                            {
                                "type": "Organization",
                                "text": "council",
                                "disambiguation": {
                                    "subtype": [
                                        "Multigov"
                                    ]
                                }
                            }
                        ]
                    }
                ]
            },
            {
                "type": "managerOf",
                "sentence": "During these statements, the technology used to host the meeting did not permit me, as the council president to comment, to caution or otherwise interact with these council members.",
                "score": 0.826551,
                "arguments": [
                    {
                        "text": "president",
                        "location": [
                            737,
                            746
                        ],
                        "entities": [
                            {
                                "type": "Person",
                                "text": "president"
                            }
                        ]
                    },
                    {
                        "text": "council",
                        "location": [
                            729,
                            736
                        ],
                        "entities": [
                            {
                                "type": "Organization",
                                "text": "council",
                                "disambiguation": {
                                    "subtype": [
                                        "Multigov"
                                    ]
                                }
                            }
                        ]
                    }
                ]
            },
            {
                "type": "employedBy",
                "sentence": "During these statements, the technology used to host the meeting did not permit me, as the council president to comment, to caution or otherwise interact with these council members.",
                "score": 0.437151,
                "arguments": [
                    {
                        "text": "members",
                        "location": [
                            811,
                            818
                        ],
                        "entities": [
                            {
                                "type": "Person",
                                "text": "members"
                            }
                        ]
                    },
                    {
                        "text": "council",
                        "location": [
                            803,
                            810
                        ],
                        "entities": [
                            {
                                "type": "Organization",
                                "text": "council",
                                "disambiguation": {
                                    "subtype": [
                                        "Multigov"
                                    ]
                                }
                            }
                        ]
                    }
                ]
            },
            {
                "type": "memberOf",
                "sentence": "Although order was eventually restored, it is my opinion that the civility and decorum residents expect from their council was lost.",
                "score": 0.2442,
                "arguments": [
                    {
                        "text": "their",
                        "location": [
                            929,
                            934
                        ],
                        "entities": [
                            {
                                "type": "Person",
                                "text": "residents"
                            }
                        ]
                    },
                    {
                        "text": "council",
                        "location": [
                            935,
                            942
                        ],
                        "entities": [
                            {
                                "type": "Organization",
                                "text": "council",
                                "disambiguation": {
                                    "subtype": [
                                        "Multigov"
                                    ]
                                }
                            }
                        ]
                    }
                ]
            },
            {
                "type": "participantIn",
                "sentence": "While we are grateful for the ability technology grants us to bring these meetings to you, the unfortunate circumstances that occurred during this meeting has resulted in new measures that we will be implementing immediately to assure, should there be an additional attempt by any member(s) to cause a disruption, there will be immediate actions to stop disturbances followed swiftly by any corrective action which the Borough Code may permit.",
                "score": 0.869211,
                "arguments": [
                    {
                        "text": "us",
                        "location": [
                            1139,
                            1141
                        ],
                        "entities": [
                            {
                                "type": "Person",
                                "text": "residents"
                            }
                        ]
                    },
                    {
                        "text": "meetings",
                        "location": [
                            1157,
                            1165
                        ],
                        "entities": [
                            {
                                "type": "EventMeeting",
                                "text": "meetings"
                            }
                        ]
                    }
                ]
            }
        ],
        "keywords": [
            {
                "text": "second council member",
                "relevance": 0.742415,
                "count": 1
            },
            {
                "text": "Borough Council meeting",
                "relevance": 0.70287,
                "count": 1
            },
            {
                "text": "McSherrystown Borough",
                "relevance": 0.649341,
                "count": 1
            },
            {
                "text": "protected information",
                "relevance": 0.644309,
                "count": 1
            },
            {
                "text": "council members",
                "relevance": 0.643491,
                "count": 1
            },
            {
                "text": "immediate actions",
                "relevance": 0.625593,
                "count": 1
            },
            {
                "text": "unfortunate circumstances",
                "relevance": 0.604155,
                "count": 1
            },
            {
                "text": "additional attempt",
                "relevance": 0.583297,
                "count": 1
            },
            {
                "text": "council president",
                "relevance": 0.582762,
                "count": 1
            },
            {
                "text": "ability technology grants",
                "relevance": 0.553311,
                "count": 1
            },
            {
                "text": "William F. Smith Jr.",
                "relevance": 0.548532,
                "count": 1
            },
            {
                "text": "comprehensive overview",
                "relevance": 0.546027,
                "count": 1
            },
            {
                "text": "new measures",
                "relevance": 0.540874,
                "count": 1
            },
            {
                "text": "past borough personnel",
                "relevance": 0.532335,
                "count": 1
            },
            {
                "text": "advice",
                "relevance": 0.527714,
                "count": 2
            },
            {
                "text": "personnel matters",
                "relevance": 0.527444,
                "count": 1
            },
            {
                "text": "needs of our borough",
                "relevance": 0.526348,
                "count": 1
            },
            {
                "text": "patience",
                "relevance": 0.522621,
                "count": 3
            },
            {
                "text": "qualifications",
                "relevance": 0.522104,
                "count": 2
            },
            {
                "text": "Borough's response",
                "relevance": 0.521778,
                "count": 1
            },
            {
                "text": "member",
                "relevance": 0.518146,
                "count": 1
            },
            {
                "text": "technology",
                "relevance": 0.514956,
                "count": 1
            },
            {
                "text": "statements",
                "relevance": 0.514911,
                "count": 1
            },
            {
                "text": "opinion",
                "relevance": 0.514531,
                "count": 2
            },
            {
                "text": "stakeholders",
                "relevance": 0.513917,
                "count": 1
            },
            {
                "text": "Transition",
                "relevance": 0.512933,
                "count": 1
            },
            {
                "text": "Borough Code",
                "relevance": 0.512138,
                "count": 1
            },
            {
                "text": "advantage of the chaos",
                "relevance": 0.510754,
                "count": 1
            },
            {
                "text": "employees",
                "relevance": 0.50927,
                "count": 2
            },
            {
                "text": "council",
                "relevance": 0.509133,
                "count": 2
            },
            {
                "text": "taxpayers",
                "relevance": 0.508808,
                "count": 1
            },
            {
                "text": "options",
                "relevance": 0.508557,
                "count": 1
            },
            {
                "text": "civility",
                "relevance": 0.507408,
                "count": 1
            },
            {
                "text": "position",
                "relevance": 0.507281,
                "count": 1
            },
            {
                "text": "disturbances",
                "relevance": 0.50688,
                "count": 1
            },
            {
                "text": "Borough",
                "relevance": 0.506572,
                "count": 1
            },
            {
                "text": "staff",
                "relevance": 0.506363,
                "count": 2
            },
            {
                "text": "meantime",
                "relevance": 0.506032,
                "count": 1
            },
            {
                "text": "meetings",
                "relevance": 0.505954,
                "count": 1
            },
            {
                "text": "disruption",
                "relevance": 0.504679,
                "count": 1
            },
            {
                "text": "officials",
                "relevance": 0.504679,
                "count": 2
            },
            {
                "text": "affairs",
                "relevance": 0.504679,
                "count": 1
            },
            {
                "text": "community",
                "relevance": 0.504679,
                "count": 1
            },
            {
                "text": "plan",
                "relevance": 0.504679,
                "count": 1
            },
            {
                "text": "composure",
                "relevance": 0.504679,
                "count": 1
            },
            {
                "text": "outburst",
                "relevance": 0.504679,
                "count": 1
            },
            {
                "text": "privacy",
                "relevance": 0.504679,
                "count": 1
            },
            {
                "text": "order",
                "relevance": 0.504679,
                "count": 1
            },
            {
                "text": "instructions",
                "relevance": 0.504679,
                "count": 1
            },
            {
                "text": "Gettysburg Times",
                "relevance": 0.504562,
                "count": 1
            }
        ]
    },
    "freqeuncy": "Daily",
    "extracted_metadata": {
        "sha1": "b1cf580496b93cf080b90de8ec55350b3f4d9359",
        "filename": "202006070000NEWSBANKNEWSPPRSB2FE1952190471E8EFC99B13DD43601.json",
        "file_type": "json"
    },
    "companyRecord": "",
    "publicationTime": "2020-06-07T00:00:00-04:00",
    "title": "Transition in McSherrystown",
    "html": "<p>Transition in <location idsrc=\"xmltag.org\" value=\"LU/us.pa.mcsown\">McSherrystown</location></p>\n<p>Editor, <org>Gettysburg Times</org>,</p>\n\n<p><location idsrc=\"xmltag.org\" value=\"LU/us.pa.mcsown\">McSherrystown Borough</location> has been advised that neither it nor its officials should publicly disclose personnel matters.</p>\n\n<p>Despite that advice, at the <chron>May 27, 2020</chron> <org>Borough Council</org> meeting, a council member chose to ignore that advice and launched into his own commentary regarding a personnel issue which, I believe, was misinformed.</p>\n\n<p>A second council member took advantage of the chaos created by the outburst, also ignoring those instructions. In my opinion, sensitive and potentially legally-protected information concerning current and past borough personnel was discussed publicly. During these statements, the technology used to host the meeting did not permit me, as the council president to comment, to caution or otherwise interact with these council members. Although order was eventually restored, it is my opinion that the civility and decorum residents expect from their council was lost.</p>\n\n<p>Equally concerning to me is that employees may feel as if the privacy, to which they are entitled as employees, was compromised. While we are grateful for the ability technology grants us to bring these meetings to you, the unfortunate circumstances that occurred during this meeting has resulted in new measures that we will be implementing immediately to assure, should there be an additional attempt by any member(s) to cause a disruption, there will be immediate actions to stop disturbances followed swiftly by any corrective action which the Borough Code may permit.</p>\n\n<p>The Borough's response to an evolving personnel situation was meant to be deliberate and transparent, and we will attempt to regain the composure, resolve, and patience needed to do what is best for our Borough, which includes its taxpayers, residents, staff, and its elected officials.</p>\n\n<p>Sometimes what is best for all stakeholders takes times and patience to discern clearly. We are currently researching options and developing a plan to move forward, cautiously, and deliberately. Our focus is to assess our current strengths while creating a comprehensive overview, which will outline the qualifications which will best serve the needs of our borough moving forward. When we are ready to advertise for this position, we will notify the community and publish the qualifications we are seeking. In the meantime, our staff and council will manage affairs appropriately and effectively. Thank you for your understanding and patience as we navigate this period of transition.</p>\n\n<p><person>William F. Smith Jr</person>.,</p>\n\n<p><location idsrc=\"xmltag.org\" value=\"LU/us.pa.mcsown\">McSherrystown</location></p>",
    "geoFocus": [
        [
            "GU/us.pa.geturg",
            "Gettysburg"
        ]
    ]
}