{
    "id": "352dbc2c-8ee6-4a66-9c33-52db03d9ffb5",
    "result_metadata": {
        "score": 1
    },
    "copyright": "",
    "geoOrigin": "",
    "sourceType": "",
    "source": "",
    "corpus_document_id": "73191750552569096055",
    "description": "JCompared to other groups of healthcare practitioners, nurses may have the poorest perceptions of workplace safety climate and the highest rates of injuries and sick time, suggests a single-hospital study in the May/June issue of the Journal of Healthcare Management.",
    "serviceName": "Health Pharma News",
    "locationCode": [],
    "sourceClass": "",
    "subjectCode": [
        {
            "parent": null,
            "relevance_score": "9",
            "description": "Business and Commerce",
            "code": "IS/biz#9#50#99",
            "level": 0
        },
        {
            "parent": "IS/biz",
            "relevance_score": "9",
            "description": "Human Resources",
            "code": "IS/biz.hr#9#50#99",
            "level": 1
        },
        {
            "parent": "IS/biz.hr",
            "relevance_score": "9",
            "description": "Workplace Safety",
            "code": "IS/biz.worksafe#9#99#50",
            "level": 2
        },
        {
            "parent": null,
            "relevance_score": "9",
            "description": "Health and Wellness",
            "code": "IS/haw#9#75#99",
            "level": 0
        }
    ],
    "text": "Study: Nurses may have poorest perceptions of workplace safety climate\nCompared to other groups of healthcare practitioners, nurses may have the\npoorest perceptions of workplace safety climate and the highest rates of\ninjuries and sick time, suggests a single-hospital study in the May/June issue\nof the Journal of Healthcare Management. It is an official publication of the\nAmerican College of Healthcare Executives (ACHE). The journal is published in\nthe Lippincott portfolio by Wolters Kluwer. Low ratings of workplace safety\nmay also be associated with increased job stress and decreased job\nsatisfaction for nurses, healthcare aides, and allied healthcare\nprofessionals, according to the new research by Gwen E. McGhan, PhD, and\ncolleagues of University of Calgary. They write, \"Considering the importance\nof safety climate perceptions for the well-being of care practitioners,\nhealthcare organizations need to prioritize workplace safety to optimize\npractitioners' perceptions.\" The survey study included three groups of\nhealthcare professionals at one Canadian hospital: nurses, healthcare aides,\nand allied health professionals (for example, physical and occupational\ntherapists). All groups completed a 10-item individual workplace safety\nclimate scale, rating their agreement/disagreement with job descriptions such\nas \"unsafe,\" \"risky,\" or \"could get hurt.\" Perceptions of workplace safety\nclimate were compared among groups, and associations with ratings of job\nstress, job satisfaction, and turnover intentions were assessed. The analysis\nincluded 144 responses (survey response rate 28 percent) from three hospital\nunits where all three groups of professionals worked. Nurses had the lowest\nratings of workplace safety climate, followed closely by healthcare aides. In\ncontrast, allied health professionals had significantly higher safety\nperceptions. \"Nurses reported the poorest safety perceptions, lowest job\nsatisfaction, and highest stress, while allied health professionals reported\nthe highest safety perceptions and job satisfaction and the lowest stress,\"\nDr. McGhan and coauthors write. Turnover intentions (for example, \"How often\ndo you consider leaving your job?\") were also highest for nurses and lowest\nfor allied health professionals. Workplace safety climate perceptions were\nalso related to reported injuries and illnesses: 68.3 percent of all injuries\noccurred in nurses, compared to 23.3 percent for healthcare aides and 8.3\npercent for allied health professionals. As individual safety perceptions\ndecreased, the odds of being injured at work more than doubled. The higher\ninjury rates in nurses and aides might reflect their greater involvement in\ndirect, hands-on patient care, the researchers suggest. Nurses accounted for\n53.2 percent of all paid sick time, healthcare aides for 42.2 percent, and\nallied health professionals for 4.6 percent. \"Healthcare organizations are\nstruggling to cope with a growing global shortage of healthcare\npractitioners,\" according to the authors. Along with growing caseloads and\nother factors, rates of injuries and illness in healthcare professionals -\namong the highest of any occupational group - may affect the ability to retain\nqualified practitioners. The new findings suggest that different groups of\nhealthcare practitioners have differing perceptions of workplace safety\nclimate, and that these perceptions affect job stress, job satisfaction, and\ninjury/illness rates. Dr. McGhan and coauthors conclude: Wolters Kluwer Health\nMcGhan, Gwen E., et al . (2020) Variations in Workplace Safety Climate\nPerceptions and Outcomes Across Healthcare Provider Positions. Journal of\nHealthcare Management .\n[doi.org/10.1097/JHM-D-19-00112](http://doi.org/10.1097/JHM-D-19-00112) .\nPosted in: Medical Research News | Healthcare News Tags: Education ,\nHealthcare , Hospital , Research , Stress",
    "industryCode": [],
    "naviga_enrichment": {
        "org": [
            "Journal of Healthcare Management",
            "American College of Healthcare Executives",
            "University of Calgary",
            "Medical Research News"
        ],
        "location": [],
        "person": [
            "Wolters Kluwer",
            "Gwen E. McGhan",
            "Dr. McGhan"
        ],
        "companies": [
            "Journal of Healthcare Management",
            "University of Calgary",
            "American College of Healthcare Executives",
            "Medical Research News"
        ]
    },
    "geoOrigin_code": "",
    "language": "en",
    "filename": "202006050406AMSPIDERHEPHNEWS_X9FOG0XA_D71FC7A58C9620269B5F9E59EFD262A7_2.XML",
    "providerName": "Acquire Media Spider",
    "enriched_text": {
        "entities": [
            {
                "count": 1,
                "sentiment": {
                    "score": 0,
                    "label": "neutral"
                },
                "text": "Journal of Healthcare Management",
                "relevance": 0.827352,
                "type": "PrintMedia",
                "disambiguation": {
                    "subtype": [
                        "Journal",
                        "Magazine"
                    ],
                    "name": "Journal of Healthcare Management",
                    "dbpedia_resource": "http://dbpedia.org/resource/Journal_of_Healthcare_Management"
                }
            },
            {
                "count": 1,
                "sentiment": {
                    "score": 0,
                    "label": "neutral"
                },
                "text": "American College of Healthcare Executives",
                "relevance": 0.812121,
                "type": "Organization",
                "disambiguation": {
                    "subtype": [],
                    "name": "American College of Healthcare Executives",
                    "dbpedia_resource": "http://dbpedia.org/resource/American_College_of_Healthcare_Executives"
                }
            },
            {
                "count": 4,
                "sentiment": {
                    "score": 0,
                    "label": "neutral"
                },
                "text": "Gwen E. McGhan",
                "relevance": 0.715293,
                "type": "Person"
            },
            {
                "count": 1,
                "sentiment": {
                    "score": 0,
                    "label": "neutral"
                },
                "text": "Wolters Kluwer",
                "relevance": 0.500653,
                "type": "Company",
                "disambiguation": {
                    "subtype": [],
                    "name": "Wolters Kluwer",
                    "dbpedia_resource": "http://dbpedia.org/resource/Wolters_Kluwer"
                }
            },
            {
                "count": 1,
                "sentiment": {
                    "score": 0,
                    "label": "neutral"
                },
                "text": "Wolters Kluwer Health",
                "relevance": 0.463404,
                "type": "PrintMedia"
            },
            {
                "count": 1,
                "sentiment": {
                    "score": 0,
                    "label": "neutral"
                },
                "text": "official",
                "relevance": 0.369278,
                "type": "JobTitle"
            },
            {
                "count": 1,
                "sentiment": {
                    "score": 0,
                    "label": "neutral"
                },
                "text": "University of Calgary",
                "relevance": 0.362645,
                "type": "Organization",
                "disambiguation": {
                    "subtype": [
                        "Location",
                        "CollegeUniversity",
                        "University"
                    ],
                    "name": "University of Calgary",
                    "dbpedia_resource": "http://dbpedia.org/resource/University_of_Calgary"
                }
            },
            {
                "count": 1,
                "sentiment": {
                    "score": 0,
                    "label": "neutral"
                },
                "text": "Journal of",
                "relevance": 0.361832,
                "type": "PrintMedia",
                "disambiguation": {
                    "subtype": [],
                    "name": "Journal of Applied Social Psychology",
                    "dbpedia_resource": "http://dbpedia.org/resource/Journal_of_Applied_Social_Psychology"
                }
            },
            {
                "count": 1,
                "sentiment": {
                    "score": 0,
                    "label": "neutral"
                },
                "text": "Medical Research",
                "relevance": 0.326589,
                "type": "PrintMedia"
            },
            {
                "count": 1,
                "sentiment": {
                    "score": 0,
                    "label": "neutral"
                },
                "text": "Gwen E.",
                "relevance": 0.310347,
                "type": "Person"
            },
            {
                "count": 1,
                "sentiment": {
                    "score": 0,
                    "label": "neutral"
                },
                "text": "23.3 percent",
                "relevance": 0.310347,
                "type": "Quantity"
            },
            {
                "count": 1,
                "sentiment": {
                    "score": 0,
                    "label": "neutral"
                },
                "text": "42.2 percent",
                "relevance": 0.310347,
                "type": "Quantity"
            },
            {
                "count": 1,
                "sentiment": {
                    "score": 0,
                    "label": "neutral"
                },
                "text": "53.2 percent",
                "relevance": 0.310347,
                "type": "Quantity"
            },
            {
                "count": 1,
                "sentiment": {
                    "score": 0,
                    "label": "neutral"
                },
                "text": "68.3 percent",
                "relevance": 0.310347,
                "type": "Quantity"
            },
            {
                "count": 1,
                "sentiment": {
                    "score": 0,
                    "label": "neutral"
                },
                "text": "4.6 percent",
                "relevance": 0.310347,
                "type": "Quantity"
            },
            {
                "count": 1,
                "sentiment": {
                    "score": 0,
                    "label": "neutral"
                },
                "text": "8.3\npercent",
                "relevance": 0.310347,
                "type": "Quantity"
            },
            {
                "count": 1,
                "sentiment": {
                    "score": 0,
                    "label": "neutral"
                },
                "text": "28 percent",
                "relevance": 0.310347,
                "type": "Quantity"
            }
        ],
        "semantic_roles": [
            {
                "subject": {
                    "text": "Nurses"
                },
                "sentence": "Study: Nurses may have poorest perceptions of workplace safety climate",
                "object": {
                    "text": "poorest perceptions of workplace safety climate"
                },
                "action": {
                    "verb": {
                        "text": "have",
                        "tense": "future"
                    },
                    "text": "may have",
                    "normalized": "may have"
                }
            },
            {
                "subject": {
                    "text": "injuries and sick time,"
                },
                "sentence": " injuries and sick time, suggests a single-hospital study in the May/June issue",
                "object": {
                    "text": "a single-hospital study in the May/June issue"
                },
                "action": {
                    "verb": {
                        "text": "suggest",
                        "tense": "present"
                    },
                    "text": "suggests",
                    "normalized": "suggest"
                }
            },
            {
                "subject": {
                    "text": "The journal"
                },
                "sentence": " The journal is published in",
                "object": {
                    "text": "published in"
                },
                "action": {
                    "verb": {
                        "text": "be",
                        "tense": "present"
                    },
                    "text": "is",
                    "normalized": "be"
                }
            },
            {
                "subject": {
                    "text": "professionals"
                },
                "sentence": " professionals, according to the new research by Gwen E. McGhan, PhD, and",
                "object": {
                    "text": "to the new research by Gwen E. McGhan, PhD"
                },
                "action": {
                    "verb": {
                        "text": "accord",
                        "tense": "present"
                    },
                    "text": "according",
                    "normalized": "accord"
                }
            },
            {
                "subject": {
                    "text": "They"
                },
                "sentence": " They write, \"Considering the importance",
                "object": {
                    "text": "the importance"
                },
                "action": {
                    "verb": {
                        "text": "Considering",
                        "tense": "present"
                    },
                    "text": "Considering",
                    "normalized": "Considering"
                }
            },
            {
                "subject": {
                    "text": "healthcare organizations"
                },
                "sentence": " healthcare organizations need to prioritize workplace safety to optimize",
                "object": {
                    "text": "to prioritize workplace safety to optimize"
                },
                "action": {
                    "verb": {
                        "text": "need",
                        "tense": "present"
                    },
                    "text": "need",
                    "normalized": "need"
                }
            },
            {
                "subject": {
                    "text": "healthcare organizations"
                },
                "sentence": " healthcare organizations need to prioritize workplace safety to optimize",
                "object": {
                    "text": "workplace safety"
                },
                "action": {
                    "verb": {
                        "text": "prioritize",
                        "tense": "future"
                    },
                    "text": "need to prioritize",
                    "normalized": "need to prioritize"
                }
            },
            {
                "subject": {
                    "text": "three groups of"
                },
                "sentence": " The survey study included three groups of",
                "object": {
                    "text": "The survey study"
                },
                "action": {
                    "verb": {
                        "text": "include",
                        "tense": "past"
                    },
                    "text": "included",
                    "normalized": "include"
                }
            },
            {
                "subject": {
                    "text": "therapists). All groups"
                },
                "sentence": " therapists). All groups completed a 10-item individual workplace safety",
                "object": {
                    "text": "a 10-item individual workplace safety"
                },
                "action": {
                    "verb": {
                        "text": "complete",
                        "tense": "past"
                    },
                    "text": "completed",
                    "normalized": "complete"
                }
            },
            {
                "subject": {
                    "text": "climate"
                },
                "sentence": " climate were compared among groups, and associations with ratings of job",
                "object": {
                    "text": "among groups, and associations with ratings of job"
                },
                "action": {
                    "verb": {
                        "text": "compare",
                        "tense": "past"
                    },
                    "text": "were compared",
                    "normalized": "be compare"
                }
            },
            {
                "subject": {
                    "text": "stress, job satisfaction, and turnover intentions"
                },
                "sentence": " stress, job satisfaction, and turnover intentions were assessed.",
                "object": {
                    "text": "assessed"
                },
                "action": {
                    "verb": {
                        "text": "be",
                        "tense": "past"
                    },
                    "text": "were",
                    "normalized": "be"
                }
            },
            {
                "subject": {
                    "text": "Nurses"
                },
                "sentence": " Nurses had the lowest",
                "object": {
                    "text": "the lowest"
                },
                "action": {
                    "verb": {
                        "text": "have",
                        "tense": "past"
                    },
                    "text": "had",
                    "normalized": "have"
                }
            },
            {
                "subject": {
                    "text": "by healthcare aides"
                },
                "sentence": " ratings of workplace safety climate, followed closely by healthcare aides.",
                "object": {
                    "text": "ratings of workplace safety climate"
                },
                "action": {
                    "verb": {
                        "text": "follow",
                        "tense": "past"
                    },
                    "text": "followed",
                    "normalized": "follow"
                }
            },
            {
                "subject": {
                    "text": "allied health professionals"
                },
                "sentence": " contrast, allied health professionals had significantly higher safety",
                "object": {
                    "text": "significantly higher safety"
                },
                "action": {
                    "verb": {
                        "text": "have",
                        "tense": "past"
                    },
                    "text": "had",
                    "normalized": "have"
                }
            },
            {
                "subject": {
                    "text": "perceptions. \"Nurses"
                },
                "sentence": " perceptions. \"Nurses reported the poorest safety perceptions, lowest job",
                "object": {
                    "text": "the poorest safety perceptions"
                },
                "action": {
                    "verb": {
                        "text": "report",
                        "tense": "past"
                    },
                    "text": "reported",
                    "normalized": "report"
                }
            },
            {
                "subject": {
                    "text": "you"
                },
                "sentence": " do you consider leaving your job?\") were also highest for nurses and lowest",
                "object": {
                    "text": "leaving your job"
                },
                "action": {
                    "verb": {
                        "text": "consider",
                        "tense": "present"
                    },
                    "text": "consider",
                    "normalized": "consider"
                }
            },
            {
                "subject": {
                    "text": "you"
                },
                "sentence": " do you consider leaving your job?\") were also highest for nurses and lowest",
                "object": {
                    "text": "your job"
                },
                "action": {
                    "verb": {
                        "text": "leave",
                        "tense": "present"
                    },
                    "text": "consider leaving",
                    "normalized": "consider leave"
                }
            },
            {
                "subject": {
                    "text": "nurses"
                },
                "sentence": " occurred in nurses, compared to 23.3 percent for healthcare aides and 8.3",
                "object": {
                    "text": "to 23.3 percent for healthcare aides and 8"
                },
                "action": {
                    "verb": {
                        "text": "compare",
                        "tense": "past"
                    },
                    "text": "compared",
                    "normalized": "compare"
                }
            },
            {
                "subject": {
                    "text": "their greater involvement in"
                },
                "sentence": " injury rates in nurses and aides might reflect their greater involvement in",
                "object": {
                    "text": "injury rates in nurses and aides"
                },
                "action": {
                    "verb": {
                        "text": "reflect",
                        "tense": "present"
                    },
                    "text": "might reflect",
                    "normalized": "might reflect"
                }
            },
            {
                "subject": {
                    "text": "53.2 percent of all"
                },
                "sentence": " 53.2 percent of all paid sick time, healthcare aides for 42.2 percent, and",
                "action": {
                    "verb": {
                        "text": "pay",
                        "tense": "past"
                    },
                    "text": "paid",
                    "normalized": "pay"
                }
            },
            {
                "subject": {
                    "text": "health professionals"
                },
                "sentence": " allied health professionals for 4.6 percent.",
                "object": {
                    "text": "for 4.6 percent"
                },
                "action": {
                    "verb": {
                        "text": "ally",
                        "tense": "past"
                    },
                    "text": "allied",
                    "normalized": "ally"
                }
            },
            {
                "subject": {
                    "text": "practitioners"
                },
                "sentence": " practitioners,\" according to the authors.",
                "object": {
                    "text": "to the authors"
                },
                "action": {
                    "verb": {
                        "text": "accord",
                        "tense": "present"
                    },
                    "text": "according",
                    "normalized": "accord"
                }
            },
            {
                "subject": {
                    "text": "among the highest of any occupational group -"
                },
                "sentence": " among the highest of any occupational group - may affect the ability to retain",
                "object": {
                    "text": "the ability to retain"
                },
                "action": {
                    "verb": {
                        "text": "affect",
                        "tense": "future"
                    },
                    "text": "may affect",
                    "normalized": "may affect"
                }
            },
            {
                "subject": {
                    "text": "The new findings"
                },
                "sentence": " The new findings suggest that different groups of",
                "object": {
                    "text": "that different groups of"
                },
                "action": {
                    "verb": {
                        "text": "suggest",
                        "tense": "present"
                    },
                    "text": "suggest",
                    "normalized": "suggest"
                }
            },
            {
                "subject": {
                    "text": "healthcare practitioners"
                },
                "sentence": " healthcare practitioners have differing perceptions of workplace safety",
                "object": {
                    "text": "differing perceptions of workplace safety"
                },
                "action": {
                    "verb": {
                        "text": "have",
                        "tense": "present"
                    },
                    "text": "have",
                    "normalized": "have"
                }
            },
            {
                "subject": {
                    "text": "healthcare practitioners"
                },
                "sentence": " healthcare practitioners have differing perceptions of workplace safety",
                "object": {
                    "text": "perceptions of workplace safety"
                },
                "action": {
                    "verb": {
                        "text": "differ",
                        "tense": "present"
                    },
                    "text": "have differing",
                    "normalized": "have differ"
                }
            },
            {
                "subject": {
                    "text": "these perceptions"
                },
                "sentence": " climate, and that these perceptions affect job stress, job satisfaction, and",
                "object": {
                    "text": "job stress, job satisfaction"
                },
                "action": {
                    "verb": {
                        "text": "affect",
                        "tense": "present"
                    },
                    "text": "affect",
                    "normalized": "affect"
                }
            },
            {
                "subject": {
                    "text": "Dr. McGhan and coauthors"
                },
                "sentence": " Dr. McGhan and coauthors conclude: Wolters Kluwer Health",
                "object": {
                    "text": "Wolters Kluwer Health"
                },
                "action": {
                    "verb": {
                        "text": "conclude",
                        "tense": "present"
                    },
                    "text": "conclude",
                    "normalized": "conclude"
                }
            }
        ],
        "categories": [
            {
                "score": 0.858544,
                "label": "/education/homework and study tips"
            },
            {
                "score": 0.841504,
                "label": "/careers/nursing"
            },
            {
                "score": 0.834272,
                "label": "/health and fitness"
            }
        ],
        "relations": [
            {
                "type": "employedBy",
                "sentence": "It is an official publication of the American College of Healthcare Executives (ACHE).",
                "score": 0.823869,
                "arguments": [
                    {
                        "text": "Executives",
                        "location": [
                            406,
                            416
                        ],
                        "entities": [
                            {
                                "type": "Person",
                                "text": "Executives"
                            }
                        ]
                    },
                    {
                        "text": "American College of Healthcare",
                        "location": [
                            375,
                            405
                        ],
                        "entities": [
                            {
                                "type": "Organization",
                                "text": "American College of Healthcare",
                                "disambiguation": {
                                    "subtype": [
                                        "Educational"
                                    ]
                                }
                            }
                        ]
                    }
                ]
            },
            {
                "type": "partOfMany",
                "sentence": "The analysis included 144 responses (survey response rate 28 percent) from three hospital units where all three groups of professionals worked.",
                "score": 0.608055,
                "arguments": [
                    {
                        "text": "groups",
                        "location": [
                            1651,
                            1657
                        ],
                        "entities": [
                            {
                                "type": "Person",
                                "text": "groups"
                            }
                        ]
                    },
                    {
                        "text": "professionals",
                        "location": [
                            1661,
                            1674
                        ],
                        "entities": [
                            {
                                "type": "Person",
                                "text": "professionals"
                            }
                        ]
                    }
                ]
            },
            {
                "type": "agentOf",
                "sentence": "\"Nurses reported the poorest safety perceptions, lowest job satisfaction, and highest stress, while allied health professionals reported the highest safety perceptions and job satisfaction and the lowest stress,\" Dr. McGhan and coauthors write.",
                "score": 0.978147,
                "arguments": [
                    {
                        "text": "Nurses",
                        "location": [
                            1867,
                            1873
                        ],
                        "entities": [
                            {
                                "type": "Person",
                                "text": "researchers"
                            }
                        ]
                    },
                    {
                        "text": "reported",
                        "location": [
                            1874,
                            1882
                        ],
                        "entities": [
                            {
                                "type": "EventCommunication",
                                "text": "reported"
                            }
                        ]
                    }
                ]
            },
            {
                "type": "agentOf",
                "sentence": "\"Nurses reported the poorest safety perceptions, lowest job satisfaction, and highest stress, while allied health professionals reported the highest safety perceptions and job satisfaction and the lowest stress,\" Dr. McGhan and coauthors write.",
                "score": 0.947388,
                "arguments": [
                    {
                        "text": "professionals",
                        "location": [
                            1980,
                            1993
                        ],
                        "entities": [
                            {
                                "type": "Person",
                                "text": "professionals"
                            }
                        ]
                    },
                    {
                        "text": "reported",
                        "location": [
                            1994,
                            2002
                        ],
                        "entities": [
                            {
                                "type": "EventCommunication",
                                "text": "reported"
                            }
                        ]
                    }
                ]
            },
            {
                "type": "agentOf",
                "sentence": "\"Nurses reported the poorest safety perceptions, lowest job satisfaction, and highest stress, while allied health professionals reported the highest safety perceptions and job satisfaction and the lowest stress,\" Dr. McGhan and coauthors write.",
                "score": 0.704101,
                "arguments": [
                    {
                        "text": "McGhan",
                        "location": [
                            2083,
                            2089
                        ],
                        "entities": [
                            {
                                "type": "Person",
                                "text": "Gwen E. McGhan"
                            }
                        ]
                    },
                    {
                        "text": "write",
                        "location": [
                            2104,
                            2109
                        ],
                        "entities": [
                            {
                                "type": "EventCommunication",
                                "text": "write"
                            }
                        ]
                    }
                ]
            },
            {
                "type": "agentOf",
                "sentence": "\"Nurses reported the poorest safety perceptions, lowest job satisfaction, and highest stress, while allied health professionals reported the highest safety perceptions and job satisfaction and the lowest stress,\" Dr. McGhan and coauthors write.",
                "score": 0.893869,
                "arguments": [
                    {
                        "text": "coauthors",
                        "location": [
                            2094,
                            2103
                        ],
                        "entities": [
                            {
                                "type": "Person",
                                "text": "coauthors"
                            }
                        ]
                    },
                    {
                        "text": "write",
                        "location": [
                            2104,
                            2109
                        ],
                        "entities": [
                            {
                                "type": "EventCommunication",
                                "text": "write"
                            }
                        ]
                    }
                ]
            },
            {
                "type": "agentOf",
                "sentence": "The higher injury rates in nurses and aides might reflect their greater involvement in direct, hands-on patient care, the researchers suggest.",
                "score": 0.9917,
                "arguments": [
                    {
                        "text": "researchers",
                        "location": [
                            2719,
                            2730
                        ],
                        "entities": [
                            {
                                "type": "Person",
                                "text": "researchers"
                            }
                        ]
                    },
                    {
                        "text": "suggest",
                        "location": [
                            2731,
                            2738
                        ],
                        "entities": [
                            {
                                "type": "EventCommunication",
                                "text": "suggests"
                            }
                        ]
                    }
                ]
            },
            {
                "type": "partOfMany",
                "sentence": "Dr. McGhan and coauthors conclude: Wolters Kluwer Health McGhan, Gwen E., et al .",
                "score": 0.48349,
                "arguments": [
                    {
                        "text": "Wolters Kluwer",
                        "location": [
                            3485,
                            3499
                        ],
                        "entities": [
                            {
                                "type": "Person",
                                "text": "Wolters Kluwer"
                            }
                        ]
                    },
                    {
                        "text": "coauthors",
                        "location": [
                            3465,
                            3474
                        ],
                        "entities": [
                            {
                                "type": "Person",
                                "text": "coauthors"
                            }
                        ]
                    }
                ]
            },
            {
                "type": "residesIn",
                "sentence": "Low ratings of workplace safety may also be associated with increased job stress and decreased job satisfaction for nurses, healthcare aides, and allied healthcare professionals, according to the new research by Gwen E. McGhan, PhD, and colleagues of University of Calgary.",
                "score": 0.932136,
                "arguments": [
                    {
                        "text": "Gwen E. McGhan",
                        "location": [
                            709,
                            723
                        ],
                        "entities": [
                            {
                                "type": "Person",
                                "text": "Gwen E. McGhan"
                            }
                        ]
                    },
                    {
                        "text": "PhD",
                        "location": [
                            725,
                            728
                        ],
                        "entities": [
                            {
                                "type": "GeopoliticalEntity",
                                "text": "PhD"
                            }
                        ]
                    }
                ]
            },
            {
                "type": "employedBy",
                "sentence": "Low ratings of workplace safety may also be associated with increased job stress and decreased job satisfaction for nurses, healthcare aides, and allied healthcare professionals, according to the new research by Gwen E. McGhan, PhD, and colleagues of University of Calgary.",
                "score": 0.469181,
                "arguments": [
                    {
                        "text": "Gwen E. McGhan",
                        "location": [
                            709,
                            723
                        ],
                        "entities": [
                            {
                                "type": "Person",
                                "text": "Gwen E. McGhan"
                            }
                        ]
                    },
                    {
                        "text": "University of Calgary",
                        "location": [
                            748,
                            769
                        ],
                        "entities": [
                            {
                                "type": "Organization",
                                "text": "University of Calgary",
                                "disambiguation": {
                                    "subtype": [
                                        "Educational"
                                    ]
                                }
                            }
                        ]
                    }
                ]
            },
            {
                "type": "educatedAt",
                "sentence": "Low ratings of workplace safety may also be associated with increased job stress and decreased job satisfaction for nurses, healthcare aides, and allied healthcare professionals, according to the new research by Gwen E. McGhan, PhD, and colleagues of University of Calgary.",
                "score": 0.502519,
                "arguments": [
                    {
                        "text": "colleagues",
                        "location": [
                            734,
                            744
                        ],
                        "entities": [
                            {
                                "type": "Person",
                                "text": "colleagues"
                            }
                        ]
                    },
                    {
                        "text": "University of Calgary",
                        "location": [
                            748,
                            769
                        ],
                        "entities": [
                            {
                                "type": "Organization",
                                "text": "University of Calgary",
                                "disambiguation": {
                                    "subtype": [
                                        "Educational"
                                    ]
                                }
                            }
                        ]
                    }
                ]
            },
            {
                "type": "agentOf",
                "sentence": "They write, \"Considering the importance of safety climate perceptions for the well-being of care practitioners, healthcare organizations need to prioritize workplace safety to optimize practitioners' perceptions.",
                "score": 0.939993,
                "arguments": [
                    {
                        "text": "They",
                        "location": [
                            771,
                            775
                        ],
                        "entities": [
                            {
                                "type": "Person",
                                "text": "aides"
                            }
                        ]
                    },
                    {
                        "text": "write",
                        "location": [
                            776,
                            781
                        ],
                        "entities": [
                            {
                                "type": "EventCommunication",
                                "text": "write"
                            }
                        ]
                    }
                ]
            },
            {
                "type": "partOfMany",
                "sentence": "\" The survey study included three groups of healthcare professionals at one Canadian hospital: nurses, healthcare aides, and allied health professionals (for example, physical and occupational therapists).",
                "score": 0.631355,
                "arguments": [
                    {
                        "text": "groups",
                        "location": [
                            1017,
                            1023
                        ],
                        "entities": [
                            {
                                "type": "Person",
                                "text": "groups"
                            }
                        ]
                    },
                    {
                        "text": "professionals",
                        "location": [
                            1038,
                            1051
                        ],
                        "entities": [
                            {
                                "type": "Person",
                                "text": "professionals"
                            }
                        ]
                    }
                ]
            },
            {
                "type": "partOfMany",
                "sentence": "\" The survey study included three groups of healthcare professionals at one Canadian hospital: nurses, healthcare aides, and allied health professionals (for example, physical and occupational therapists).",
                "score": 0.49832,
                "arguments": [
                    {
                        "text": "nurses",
                        "location": [
                            1078,
                            1084
                        ],
                        "entities": [
                            {
                                "type": "Person",
                                "text": "researchers"
                            }
                        ]
                    },
                    {
                        "text": "groups",
                        "location": [
                            1017,
                            1023
                        ],
                        "entities": [
                            {
                                "type": "Person",
                                "text": "groups"
                            }
                        ]
                    }
                ]
            },
            {
                "type": "basedIn",
                "sentence": "\" The survey study included three groups of healthcare professionals at one Canadian hospital: nurses, healthcare aides, and allied health professionals (for example, physical and occupational therapists).",
                "score": 0.502251,
                "arguments": [
                    {
                        "text": "hospital",
                        "location": [
                            1068,
                            1076
                        ],
                        "entities": [
                            {
                                "type": "Organization",
                                "text": "hospital"
                            }
                        ]
                    },
                    {
                        "text": "Canadian",
                        "location": [
                            1059,
                            1067
                        ],
                        "entities": [
                            {
                                "type": "GeopoliticalEntity",
                                "text": "Canadian",
                                "disambiguation": {
                                    "subtype": [
                                        "Country"
                                    ]
                                }
                            }
                        ]
                    }
                ]
            },
            {
                "type": "memberOf",
                "sentence": "\" The survey study included three groups of healthcare professionals at one Canadian hospital: nurses, healthcare aides, and allied health professionals (for example, physical and occupational therapists).",
                "score": 0.386394,
                "arguments": [
                    {
                        "text": "nurses",
                        "location": [
                            1078,
                            1084
                        ],
                        "entities": [
                            {
                                "type": "Person",
                                "text": "researchers"
                            }
                        ]
                    },
                    {
                        "text": "hospital",
                        "location": [
                            1068,
                            1076
                        ],
                        "entities": [
                            {
                                "type": "Organization",
                                "text": "hospital"
                            }
                        ]
                    }
                ]
            }
        ],
        "keywords": [
            {
                "text": "poorest perceptions of workplace safety climate",
                "relevance": 0.779334,
                "count": 2
            },
            {
                "text": "groups of healthcare practitioners",
                "relevance": 0.750171,
                "count": 1
            },
            {
                "text": "healthcare professionals",
                "relevance": 0.686034,
                "count": 2
            },
            {
                "text": "highest rates",
                "relevance": 0.647278,
                "count": 1
            },
            {
                "text": "health professionals",
                "relevance": 0.639017,
                "count": 6
            },
            {
                "text": "job satisfaction",
                "relevance": 0.610655,
                "count": 3
            },
            {
                "text": "survey study",
                "relevance": 0.609355,
                "count": 1
            },
            {
                "text": "job stress",
                "relevance": 0.597691,
                "count": 2
            },
            {
                "text": "Journal of Healthcare Management",
                "relevance": 0.589913,
                "count": 1
            },
            {
                "text": "healthcare organizations",
                "relevance": 0.567305,
                "count": 2
            },
            {
                "text": "single-hospital study",
                "relevance": 0.565563,
                "count": 1
            },
            {
                "text": "new research",
                "relevance": 0.564419,
                "count": 1
            },
            {
                "text": "survey response rate",
                "relevance": 0.564246,
                "count": 1
            },
            {
                "text": "American College of Healthcare Executives",
                "relevance": 0.55734,
                "count": 1
            },
            {
                "text": "safety climate perceptions",
                "relevance": 0.554359,
                "count": 1
            },
            {
                "text": "sick time",
                "relevance": 0.553411,
                "count": 2
            },
            {
                "text": "Low ratings of workplace safety",
                "relevance": 0.548746,
                "count": 1
            },
            {
                "text": "workplace safety",
                "relevance": 0.548609,
                "count": 1
            },
            {
                "text": "Nurses",
                "relevance": 0.541894,
                "count": 10
            },
            {
                "text": "Gwen E. McGhan",
                "relevance": 0.541819,
                "count": 1
            },
            {
                "text": "Dr. McGhan",
                "relevance": 0.538347,
                "count": 2
            },
            {
                "text": "healthcare aides",
                "relevance": 0.535566,
                "count": 5
            },
            {
                "text": "patient care",
                "relevance": 0.531505,
                "count": 1
            },
            {
                "text": "highest stress",
                "relevance": 0.53112,
                "count": 1
            },
            {
                "text": "different groups",
                "relevance": 0.530311,
                "count": 1
            },
            {
                "text": "injuries",
                "relevance": 0.527626,
                "count": 3
            },
            {
                "text": "responses",
                "relevance": 0.526569,
                "count": 1
            },
            {
                "text": "official publication",
                "relevance": 0.526552,
                "count": 1
            },
            {
                "text": "Study",
                "relevance": 0.526385,
                "count": 1
            },
            {
                "text": "groups of professionals",
                "relevance": 0.523177,
                "count": 1
            },
            {
                "text": "greater involvement",
                "relevance": 0.519852,
                "count": 1
            },
            {
                "text": "June issue",
                "relevance": 0.519852,
                "count": 1
            },
            {
                "text": "workplace safety climate",
                "relevance": 0.519284,
                "count": 1
            },
            {
                "text": "being of care practitioners",
                "relevance": 0.518167,
                "count": 1
            },
            {
                "text": "groups",
                "relevance": 0.514869,
                "count": 3
            },
            {
                "text": "Medical Research News",
                "relevance": 0.514246,
                "count": 1
            },
            {
                "text": "new findings",
                "relevance": 0.510758,
                "count": 1
            },
            {
                "text": "illnesses",
                "relevance": 0.5099,
                "count": 1
            },
            {
                "text": "Workplace safety climate perceptions",
                "relevance": 0.509502,
                "count": 1
            },
            {
                "text": "contrast",
                "relevance": 0.509208,
                "count": 1
            },
            {
                "text": "coauthors",
                "relevance": 0.509022,
                "count": 2
            },
            {
                "text": "practitioners' perceptions",
                "relevance": 0.508951,
                "count": 1
            },
            {
                "text": "factors",
                "relevance": 0.508344,
                "count": 1
            },
            {
                "text": "hands",
                "relevance": 0.507752,
                "count": 1
            },
            {
                "text": "Canadian hospital",
                "relevance": 0.507709,
                "count": 1
            },
            {
                "text": "job descriptions",
                "relevance": 0.507678,
                "count": 1
            },
            {
                "text": "Perceptions",
                "relevance": 0.507102,
                "count": 3
            },
            {
                "text": "Variations",
                "relevance": 0.506434,
                "count": 1
            },
            {
                "text": "odds",
                "relevance": 0.506045,
                "count": 1
            },
            {
                "text": "injury",
                "relevance": 0.505531,
                "count": 1
            }
        ]
    },
    "freqeuncy": "",
    "extracted_metadata": {
        "sha1": "2ee52f889515a36d4669940e679d2c28391dd1b0",
        "filename": "202006050406AMSPIDERHEPHNEWS_X9FOG0XA_D71FC7A58C9620269B5F9E59EFD262A7_2.json",
        "file_type": "json"
    },
    "companyRecord": "|||American College of Healthcare Executives|extractor|DUNS:144210093;NECOID:5261322;ACORN:3722121324|MENTION||||XXXX|REFERENCE",
    "publicationTime": "2020-06-05T04:06:00-04:00",
    "title": "Study: Nurses may have poorest perceptions of workplace safety climate [News-Medical.Net]",
    "html": "<p>Study: Nurses may have poorest perceptions of workplace safety climate Compared to other groups of healthcare practitioners, nurses may have the poorest perceptions of workplace safety climate and the highest rates of injuries and sick time, suggests a single-hospital study in the May/June issue of the <org>Journal of Healthcare Management</org>.  It is an official publication of the <org idsrc=\"xmltag.org\" value=\"ACORN:3722121324\">American College of Healthcare Executives</org> (ACHE). The journal is published in the Lippincott portfolio by <person>Wolters Kluwer</person>. Low ratings of workplace safety may also be associated with increased job stress and decreased job satisfaction for nurses, healthcare aides, and allied healthcare professionals, according to the new research by <person>Gwen E. McGhan</person>, PhD, and colleagues of <org>University of Calgary</org>. They write, \"Considering the importance of safety climate perceptions for the well-being of care practitioners, healthcare organizations need to prioritize workplace safety to optimize practitioners' perceptions.\" The survey study included three groups of healthcare professionals at one Canadian hospital: nurses, healthcare aides, and allied health professionals (for example, physical and occupational therapists). All groups completed a 10-item individual workplace safety climate scale, rating their agreement/disagreement with job descriptions such as \"unsafe,\" \"risky,\" or \"could get hurt.\" Perceptions of workplace safety climate were compared among groups, and associations with ratings of job stress, job satisfaction, and turnover intentions were assessed. The analysis included 144 responses (survey response rate 28 percent) from three hospital units where all three groups of professionals worked. Nurses had the lowest ratings of workplace safety climate, followed closely by healthcare aides. In contrast, allied health professionals had significantly higher safety perceptions. \"Nurses reported the poorest safety perceptions, lowest job satisfaction, and highest stress, while allied health professionals reported the highest safety perceptions and job satisfaction and the lowest stress,\" <person>Dr. McGhan</person> and coauthors write. Turnover intentions (for example, \"How often do you consider leaving your job?\") were also highest for nurses and lowest for allied health professionals. Workplace safety climate perceptions were also related to reported injuries and illnesses: 68.3 percent of all injuries occurred in nurses, compared to 23.3 percent for healthcare aides and 8.3 percent for allied health professionals. As individual safety perceptions decreased, the odds of being injured at work more than doubled. The higher injury rates in nurses and aides might reflect their greater involvement in direct, hands-on patient care, the researchers suggest. Nurses accounted for 53.2 percent of all paid sick time, healthcare aides for 42.2 percent, and allied health professionals for 4.6 percent. \"Healthcare organizations are struggling to cope with a growing global shortage of healthcare practitioners,\" according to the authors. Along with growing caseloads and other factors, rates of injuries and illness in healthcare professionals - among the highest of any occupational group - may affect the ability to retain qualified practitioners. The new findings suggest that different groups of healthcare practitioners have differing perceptions of workplace safety climate, and that these perceptions affect job stress, job satisfaction, and injury/illness rates. <person>Dr. McGhan</person> and coauthors conclude:  Wolters Kluwer Health  McGhan, Gwen E., et al . (2020) Variations in Workplace Safety Climate Perceptions and Outcomes Across Healthcare Provider Positions. <org>Journal of Healthcare Management</org> . <a href=\"http://doi.org/10.1097/JHM-D-19-00112\">doi.org/10.1097/JHM-D-19-00112</a> . Posted in: <org>Medical Research News</org> | Healthcare News  Tags: Education , Healthcare , Hospital , Research , Stress</p>",
    "geoFocus": []
}