{
    "id": "35d5bd18-8890-4658-979a-8815d6166d7d",
    "result_metadata": {
        "score": 1
    },
    "copyright": "\u00a9 Copyright \u00a9 2020 The Trimble Banner, Landmark Community Newspapers LLC (LCNI). All rights reserved.",
    "geoOrigin": "Bedford, Kentucky",
    "sourceType": "Newspaper",
    "source": "Trimble Banner, The (Bedford, KY)",
    "corpus_document_id": "40086766667937923297",
    "description": "The following decisions were rendered Tuesday, May 26, 2020, in Trimble County District Court with the Hon. Jerry D. Crosby II presiding. Amjad Mahmoud, 1992, first-degree wanton endangerment; violation of conditons of release; possession of defaced firearm, continued to June 2.",
    "serviceName": "Newspapers",
    "locationCode": [],
    "sourceClass": "General News",
    "subjectCode": [],
    "text": "Items published in court news are public record.\n\nThe Trimble Banner publishes all misdemeanors, felonies and small-claims\njudgments recorded in district court, as well as all civil suits recorded in\ncircuit court. Juvenile court cases are not published.\n\nCrime reports are provided by local law enforcement agencies. Charges or\ncitations reported to The Trimble Banner do not imply guilt.\n\nThe following cases were heard the week of March 23 by the Hon. Judge Diana E.\nWheeler.\n\nThe following decisions were rendered Tuesday, May 26, 2020, in Trimble County\nDistrict Court with the Hon. Jerry D. Crosby II presiding.\n\nFELONY\n\nAmjad Mahmoud, 1992, first-degree wanton endangerment; violation of conditons\nof release; possession of defaced firearm, continued to June 2.",
    "industryCode": [],
    "naviga_enrichment": {
        "org": [
            "Trimble County District Court"
        ],
        "location": [],
        "person": [
            "Judge Diana E. Wheeler",
            "Jerry D. Crosby II",
            "Amjad Mahmoud"
        ],
        "companies": [
            "Trimble County District Court"
        ]
    },
    "geoOrigin_code": "RU/us.ky.bedfor",
    "language": "English",
    "filename": "202006050000NEWSBANKNEWSPPRSE30A8D6958AB888D56B8EDC75107A21.XML",
    "providerName": "NewsBank",
    "enriched_text": {
        "entities": [
            {
                "count": 2,
                "sentiment": {
                    "score": -0.614289,
                    "label": "negative"
                },
                "text": "Trimble Banner",
                "relevance": 0.83894,
                "type": "Company"
            },
            {
                "count": 2,
                "sentiment": {
                    "score": 0,
                    "label": "neutral"
                },
                "text": "District Court",
                "relevance": 0.7898,
                "type": "Organization",
                "disambiguation": {
                    "subtype": [],
                    "name": "District Courts of New Zealand",
                    "dbpedia_resource": "http://dbpedia.org/resource/District_Courts_of_New_Zealand"
                }
            },
            {
                "count": 1,
                "sentiment": {
                    "score": 0,
                    "label": "neutral"
                },
                "text": "Trimble County",
                "relevance": 0.480064,
                "type": "Location",
                "disambiguation": {
                    "subtype": [
                        "City"
                    ]
                }
            },
            {
                "count": 1,
                "sentiment": {
                    "score": 0,
                    "label": "neutral"
                },
                "text": "Amjad Mahmoud",
                "relevance": 0.374831,
                "type": "Person"
            },
            {
                "count": 1,
                "sentiment": {
                    "score": 0,
                    "label": "neutral"
                },
                "text": "Jerry D. Crosby",
                "relevance": 0.302182,
                "type": "Person"
            },
            {
                "count": 1,
                "sentiment": {
                    "score": -0.320778,
                    "label": "negative"
                },
                "text": "Diana E",
                "relevance": 0.293573,
                "type": "Person"
            },
            {
                "count": 1,
                "sentiment": {
                    "score": -0.667072,
                    "label": "negative"
                },
                "text": "endangerment",
                "relevance": 0.287845,
                "type": "Crime"
            },
            {
                "count": 1,
                "sentiment": {
                    "score": 0,
                    "label": "neutral"
                },
                "text": "Wheeler",
                "relevance": 0.259876,
                "type": "Person"
            }
        ],
        "semantic_roles": [
            {
                "subject": {
                    "text": "Items"
                },
                "sentence": "Items published in court news are public record.",
                "action": {
                    "verb": {
                        "text": "publish",
                        "tense": "past"
                    },
                    "text": "published",
                    "normalized": "publish"
                }
            },
            {
                "subject": {
                    "text": "Items published in court news"
                },
                "sentence": "Items published in court news are public record.",
                "object": {
                    "text": "public record"
                },
                "action": {
                    "verb": {
                        "text": "be",
                        "tense": "present"
                    },
                    "text": "are",
                    "normalized": "be"
                }
            },
            {
                "subject": {
                    "text": "The Trimble Banner"
                },
                "sentence": " The Trimble Banner publishes all misdemeanors, felonies and small-claims",
                "object": {
                    "text": "all misdemeanors, felonies and small-claims"
                },
                "action": {
                    "verb": {
                        "text": "publish",
                        "tense": "present"
                    },
                    "text": "publishes",
                    "normalized": "publish"
                }
            },
            {
                "subject": {
                    "text": "judgments"
                },
                "sentence": " judgments recorded in district court, as well as all civil suits recorded in",
                "action": {
                    "verb": {
                        "text": "record",
                        "tense": "past"
                    },
                    "text": "recorded",
                    "normalized": "record"
                }
            },
            {
                "subject": {
                    "text": "Crime reports"
                },
                "sentence": " Crime reports are provided by local law enforcement agencies.",
                "object": {
                    "text": "provided by local law enforcement agencies"
                },
                "action": {
                    "verb": {
                        "text": "be",
                        "tense": "present"
                    },
                    "text": "are",
                    "normalized": "be"
                }
            },
            {
                "subject": {
                    "text": "by local law enforcement agencies"
                },
                "sentence": " Crime reports are provided by local law enforcement agencies.",
                "object": {
                    "text": "Crime reports"
                },
                "action": {
                    "verb": {
                        "text": "provide",
                        "tense": "past"
                    },
                    "text": "are provided",
                    "normalized": "be provide"
                }
            },
            {
                "subject": {
                    "text": "citations"
                },
                "sentence": " citations reported to The Trimble Banner do not imply guilt.",
                "object": {
                    "text": "to The Trimble Banner do not imply guilt"
                },
                "action": {
                    "verb": {
                        "text": "report",
                        "tense": "past"
                    },
                    "text": "reported",
                    "normalized": "report"
                }
            },
            {
                "subject": {
                    "text": "The Trimble Banner"
                },
                "sentence": " citations reported to The Trimble Banner do not imply guilt.",
                "object": {
                    "text": "guilt"
                },
                "action": {
                    "verb": {
                        "text": "imply",
                        "tense": "present",
                        "negated": true
                    },
                    "text": "imply",
                    "normalized": "imply"
                }
            },
            {
                "subject": {
                    "text": "The following cases"
                },
                "sentence": " The following cases were heard the week of March 23 by the Hon.",
                "object": {
                    "text": "heard"
                },
                "action": {
                    "verb": {
                        "text": "be",
                        "tense": "past"
                    },
                    "text": "were",
                    "normalized": "be"
                }
            },
            {
                "subject": {
                    "text": "The following decisions"
                },
                "sentence": " The following decisions were rendered Tuesday, May 26, 2020, in Trimble County",
                "object": {
                    "text": "rendered Tuesday, May 26, 2020, in Trimble County"
                },
                "action": {
                    "verb": {
                        "text": "be",
                        "tense": "past"
                    },
                    "text": "were",
                    "normalized": "be"
                }
            },
            {
                "subject": {
                    "text": "The following decisions"
                },
                "sentence": " The following decisions were rendered Tuesday, May 26, 2020, in Trimble County",
                "action": {
                    "verb": {
                        "text": "render",
                        "tense": "past"
                    },
                    "text": "were rendered",
                    "normalized": "be render"
                }
            }
        ],
        "categories": [
            {
                "score": 0.997672,
                "label": "/law, govt and politics/law enforcement"
            },
            {
                "score": 0.916054,
                "label": "/society/crime"
            }
        ],
        "relations": [
            {
                "type": "agentOf",
                "sentence": "The Trimble Banner publishes all misdemeanors, felonies and small-claims judgments recorded in district court, as well as all civil suits recorded in circuit court.",
                "score": 0.519567,
                "arguments": [
                    {
                        "text": "Trimble Banner",
                        "location": [
                            54,
                            68
                        ],
                        "entities": [
                            {
                                "type": "Organization",
                                "text": "Trimble Banner"
                            }
                        ]
                    },
                    {
                        "text": "felonies",
                        "location": [
                            97,
                            105
                        ],
                        "entities": [
                            {
                                "type": "Crime",
                                "text": "felonies"
                            }
                        ]
                    }
                ]
            },
            {
                "type": "agentOf",
                "sentence": "Juvenile court cases are not published.",
                "score": 0.947662,
                "arguments": [
                    {
                        "text": "court",
                        "location": [
                            224,
                            229
                        ],
                        "entities": [
                            {
                                "type": "Organization",
                                "text": "circuit court"
                            }
                        ]
                    },
                    {
                        "text": "cases",
                        "location": [
                            230,
                            235
                        ],
                        "entities": [
                            {
                                "type": "EventLegal",
                                "text": "cases"
                            }
                        ]
                    }
                ]
            },
            {
                "type": "timeOf",
                "sentence": "The following cases were heard the week of March 23 by the Hon.",
                "score": 0.728009,
                "arguments": [
                    {
                        "text": "March 23",
                        "location": [
                            434,
                            442
                        ],
                        "entities": [
                            {
                                "type": "Date",
                                "text": "March 23"
                            }
                        ]
                    },
                    {
                        "text": "cases",
                        "location": [
                            405,
                            410
                        ],
                        "entities": [
                            {
                                "type": "EventLegal",
                                "text": "cases"
                            }
                        ]
                    }
                ]
            }
        ],
        "keywords": [
            {
                "text": "following cases",
                "relevance": 0.882675,
                "count": 1
            },
            {
                "text": "district court",
                "relevance": 0.756936,
                "count": 1
            },
            {
                "text": "public record",
                "relevance": 0.713227,
                "count": 1
            },
            {
                "text": "Crime reports",
                "relevance": 0.698368,
                "count": 1
            },
            {
                "text": "court news",
                "relevance": 0.694133,
                "count": 1
            },
            {
                "text": "following decisions",
                "relevance": 0.674784,
                "count": 1
            },
            {
                "text": "Juvenile court cases",
                "relevance": 0.646778,
                "count": 1
            },
            {
                "text": "Trimble Banner",
                "relevance": 0.63649,
                "count": 2
            },
            {
                "text": "local law enforcement agencies",
                "relevance": 0.636147,
                "count": 1
            },
            {
                "text": "circuit court",
                "relevance": 0.63399,
                "count": 1
            },
            {
                "text": "civil suits",
                "relevance": 0.608931,
                "count": 1
            },
            {
                "text": "release",
                "relevance": 0.547453,
                "count": 1
            },
            {
                "text": "citations",
                "relevance": 0.545809,
                "count": 1
            },
            {
                "text": "degree wanton endangerment",
                "relevance": 0.531478,
                "count": 1
            },
            {
                "text": "Items",
                "relevance": 0.530599,
                "count": 1
            },
            {
                "text": "Hon. Judge Diana",
                "relevance": 0.527628,
                "count": 1
            },
            {
                "text": "possession",
                "relevance": 0.526849,
                "count": 1
            },
            {
                "text": "misdemeanors",
                "relevance": 0.517811,
                "count": 1
            },
            {
                "text": "Hon. Jerry D. Crosby",
                "relevance": 0.516512,
                "count": 1
            },
            {
                "text": "week of March",
                "relevance": 0.51518,
                "count": 1
            },
            {
                "text": "firearm",
                "relevance": 0.514692,
                "count": 1
            },
            {
                "text": "felonies",
                "relevance": 0.514692,
                "count": 1
            },
            {
                "text": "guilt",
                "relevance": 0.509995,
                "count": 1
            },
            {
                "text": "June",
                "relevance": 0.509995,
                "count": 1
            },
            {
                "text": "Wheeler",
                "relevance": 0.509995,
                "count": 1
            },
            {
                "text": "Charges",
                "relevance": 0.509995,
                "count": 1
            },
            {
                "text": "violation of conditons",
                "relevance": 0.447753,
                "count": 1
            },
            {
                "text": "Tuesday",
                "relevance": 0.392981,
                "count": 1
            },
            {
                "text": "May",
                "relevance": 0.389259,
                "count": 1
            },
            {
                "text": "presiding",
                "relevance": 0.381312,
                "count": 1
            }
        ]
    },
    "freqeuncy": "Weekly",
    "extracted_metadata": {
        "sha1": "353cffaf0aee7f598810bbd1f3d0a86de264500d",
        "filename": "202006050000NEWSBANKNEWSPPRSE30A8D6958AB888D56B8EDC75107A21.json",
        "file_type": "json"
    },
    "companyRecord": "",
    "publicationTime": "2020-06-05T00:00:00-04:00",
    "title": "Public Record | June 4, 2020",
    "html": "<p>Items published in court news are public record.</p>\n<p>The Trimble Banner publishes all misdemeanors, felonies and small-claims judgments recorded in district court, as well as all civil suits recorded in circuit court. Juvenile court cases are not published.</p>\n\n<p>Crime reports are provided by local law enforcement agencies. Charges or citations reported to The Trimble Banner do not imply guilt.</p>\n\n<p>The following cases were heard the week of <chron>March 23</chron> by the Hon. <person>Judge Diana E. Wheeler</person>.</p>\n\n<p>The following decisions were rendered <chron>Tuesday, May 26, 2020</chron>, in <org>Trimble County District Court</org> with the Hon. <person>Jerry D. Crosby II</person> presiding.</p>\n\n<p>FELONY</p>\n\n<p><person>Amjad Mahmoud</person>, 1992, first-degree wanton endangerment; violation of conditons of release; possession of defaced firearm, continued to <chron>June 2</chron>.</p>",
    "geoFocus": [
        [
            "GU/us.ky.bedfor",
            "Bedford"
        ]
    ]
}