{
    "id": "392c3ed5-ef58-4a57-a443-b8163fa96f66",
    "result_metadata": {
        "score": 1
    },
    "copyright": "Copyright Euromoney Institutional Investor PLC Apr 29, 2020",
    "geoOrigin": "London, England, United Kingdom",
    "sourceType": "Professional, Business, or Trade Journal",
    "source": "International Financial Law Review (UK)",
    "corpus_document_id": "53940683788790660082",
    "description": "Last week Congressman David Cicilline, head of the US House antitrust subcommittee, proposed including a temporary moratorium on all mergers in the next Covid-19 bill. Cicilline told Politico that:\u201c As millions of businesses struggle to stay afloat, private equity firms and dominant corporations are positioned to swoop in for a buying spree.\u201d.",
    "serviceName": "Journals",
    "locationCode": [],
    "sourceClass": "Finance, Law",
    "subjectCode": [
        {
            "parent": null,
            "relevance_score": "9",
            "description": "Business and Commerce",
            "code": "IS/biz#9#50#99",
            "level": 0
        },
        {
            "parent": "IS/impact",
            "relevance_score": "9",
            "description": "Mergers and Acquisitions",
            "code": "IS/biz.manda#9#99#87",
            "level": 1
        },
        {
            "parent": null,
            "relevance_score": "9",
            "description": "Trading Impact (ICE Codes) Important Corporate Events",
            "code": "IS/impact#9#50#99",
            "level": 0
        },
        {
            "parent": "IS/biz.manda",
            "relevance_score": "8",
            "description": "Mergers",
            "code": "IS/biz.mergers#8#87#50",
            "level": 2
        }
    ],
    "text": "If a proposed moratorium on US mergers was to go ahead it could have\ndisastrous effects on the market and add increased pressure in areas already\nunder stress.\n\nLast week Congressman David Cicilline, head of the US House antitrust\nsubcommittee, proposed including a temporary moratorium on all mergers in the\nnext Covid-19 bill. Cicilline told Politico that: \"As millions of businesses\nstruggle to stay afloat, private equity firms and dominant corporations are\npositioned to swoop in for a buying spree.\"\n\nThe proposal would allow for mergers of firms undergoing bankruptcy or on the\nverge of failure.\n\n\"This is not complicated. Our country can leave room for merger activity that\nis necessary to ensuring that distressed firms have a fresh start through the\nbankruptcy process or through necessary divestitures while also ensuring that\nwe do not undergo another period of rampant consolidation,\" he added.\n\nHowever, sources have told IFLR that if this proposed ban were to gain\ntraction and pass through congress the ramifications would outweigh the\nbenefits.\n\n\"Allowing this proposal to move forward with these exceptions might actually\ncreate additional pressure or accelerate proposed acquisitions of smaller\nrivals. Bigger firms targeting smaller, potentially failing firms is not\nokay,\" said Diana Moss, president of the American Antitrust Institute. \"That\nthat is an exempted form of consolidation.\"\n\n\"This was a concern anyway given the higher levels of concentration, the\nemergence of large firms and a pattern of acquisitions,\" she added. \"Allowing\nthat to move forward under the moratorium might actually accelerate those\ntypes of proposals. That is not something that we would want to see in the\nlonger term.\"\n\nThe proposed moratorium is predictable and understandable given the situation\nof the US economy. There is documented evidence of the underlying systemic\nproblems in the US regarding competition, which has seen a stark decline over\nthe last few years. The backdrop of the Covid-19 crisis provides a platform\nfor legislative proposals temporarily to halt merger activity.\n\n_**See also: Managing an extreme corporate crisis, lessons from Rolls Royce**_\n\nBruce Hoffman, former director of competition at the Federal Trade Commission\n(FTC) and now a partner at Cleary Gottlieb, understands the impulse behind the\nproposal but does not consider it necessary, going as far as to say that it\nwould be harmful.\n\n\"There are a lot of reasons for transactions. Some transactions can increase\nefficiency, or improve the financial condition of firms that are actually\nproviding a service that's relevant to responding to the pandemic,\" he said,\nadding: \"The 'truly failing' or bankruptcy exception would be grossly under\ninclusive for any circumstance where either firm might be able to improve the\nproduction or distribution of materials by those firms that might be in\nfinancial distress, or simply unable to provide the best service or\ndistribution possible.\"\n\nMerging could put these firms in a better position to provide that service, or\nresult in a circumstance where two firms pool two different assets in order to\naddress a specific part of the pandemic.\n\n\"There is a lot of potential for harm.\"\n\n **\"There is a lot of potential for harm\"**  \n  \n---  \n  \nOther mergers, that don't involve failing firms that could have potentially\nsignificant deficiencies, could also help keep the markets afloat and the\neconomy moving.\n\n **Political challenges**\n\nThe biggest question is whether this would get politically would get any\ntraction if it were to come out as part of a stimulus package or as a\nstandalone bill. Either way it would require bipartisan support, which is\nunlikely.\n\nAny bill that were to move forward on a moratorium would have to be extremely\nspecific and consider the potential ramifications of the incentives created.\n\"After the moratorium there will likely be a lot of energy and pent up\nproposals for acquisitions and mergers, and legislation would need to address\nthat,\" said Moss.\n\n\"One very practical question is if there is more pent up consolidation\nactivity, incentives and proposals to consolidate, how the agencies will deal\nwith this tidal wave coming at them afterward,\" she added.\n\nThere have also been suggestions that the proposal is based on a pre-existing\nantipathy for private equity in general.\n\n\"That concern is just totally misplaced. There's no indication that\nacquisitions by private equity firms create any kind of competitive harm. To\nthe contrary, private equity can have no involvement in a particular industry\nand shore it up, with financial assets and managerial capabilities,\" said\nHoffman.\n\nA private equity firm might not compete in a market where some of the\ncompanies who do are really struggling and might need financial support. In\nthat situation, the private equity firm could provide that support without\nreducing competition. Some companies that are really struggling really need\nfinancial support. \"The last thing the government should be doing is making it\nharder for companies to get financial support from acquirers that are not\nstrategic presences in the markets in which they're competing,\" he concluded.\n\n_**See also: Coronavirus, private equity investing in a distressed\nenvironment**_",
    "industryCode": [],
    "naviga_enrichment": {
        "org": [
            "US House",
            "Politico",
            "American Antitrust Institute",
            "Federal Trade Commission"
        ],
        "location": [],
        "person": [
            "<p>Last week Congressman <person>David Cicilline",
            "Diana Moss",
            "<p><person>Bruce Hoffman"
        ],
        "companies": [
            "American Antitrust Institute",
            "Federal Trade Commission",
            "Politico",
            "US House"
        ]
    },
    "geoOrigin_code": "RU/gb.eng.london",
    "language": "English",
    "filename": "202004290000PROQUESTJOURNALS_2407946018.XML",
    "providerName": "ProQuest Information & Learning",
    "enriched_text": {
        "entities": [
            {
                "count": 3,
                "sentiment": {
                    "score": -0.573995,
                    "label": "negative"
                },
                "text": "US",
                "relevance": 0.84587,
                "type": "Location",
                "disambiguation": {
                    "subtype": [
                        "Region",
                        "AdministrativeDivision",
                        "GovernmentalJurisdiction",
                        "FilmEditor",
                        "Country"
                    ],
                    "name": "United States",
                    "dbpedia_resource": "http://dbpedia.org/resource/United_States"
                }
            },
            {
                "count": 2,
                "sentiment": {
                    "score": 0.075002,
                    "label": "positive"
                },
                "text": "Congressman David Cicilline",
                "relevance": 0.683957,
                "type": "Person",
                "disambiguation": {
                    "subtype": [
                        "Politician"
                    ],
                    "name": "David Cicilline",
                    "dbpedia_resource": "http://dbpedia.org/resource/David_Cicilline"
                }
            },
            {
                "count": 2,
                "sentiment": {
                    "score": 0.709561,
                    "label": "positive"
                },
                "text": "Bruce Hoffman",
                "relevance": 0.656618,
                "type": "Person",
                "disambiguation": {
                    "subtype": [],
                    "name": "Bruce Hoffman",
                    "dbpedia_resource": "http://dbpedia.org/resource/Bruce_Hoffman"
                }
            },
            {
                "count": 2,
                "sentiment": {
                    "score": 0,
                    "label": "neutral"
                },
                "text": "Diana Moss",
                "relevance": 0.654638,
                "type": "Person"
            },
            {
                "count": 1,
                "sentiment": {
                    "score": 0,
                    "label": "neutral"
                },
                "text": "US House",
                "relevance": 0.583625,
                "type": "Organization",
                "disambiguation": {
                    "subtype": [
                        "GovernmentalBody",
                        "Legislature"
                    ],
                    "name": "United States House of Representatives",
                    "dbpedia_resource": "http://dbpedia.org/resource/United_States_House_of_Representatives"
                }
            },
            {
                "count": 2,
                "sentiment": {
                    "score": 0,
                    "label": "neutral"
                },
                "text": "Federal Trade Commission",
                "relevance": 0.566237,
                "type": "Organization",
                "disambiguation": {
                    "subtype": [],
                    "name": "Federal Trade Commission",
                    "dbpedia_resource": "http://dbpedia.org/resource/Federal_Trade_Commission"
                }
            },
            {
                "count": 1,
                "sentiment": {
                    "score": 0.416665,
                    "label": "positive"
                },
                "text": "Politico",
                "relevance": 0.561051,
                "type": "PrintMedia",
                "disambiguation": {
                    "subtype": [],
                    "name": "Politico",
                    "dbpedia_resource": "http://dbpedia.org/resource/Politico"
                }
            },
            {
                "count": 1,
                "sentiment": {
                    "score": -0.366691,
                    "label": "negative"
                },
                "text": "IFLR",
                "relevance": 0.510799,
                "type": "Organization",
                "disambiguation": {
                    "subtype": [],
                    "name": "Institute for Food Laws and Regulations",
                    "dbpedia_resource": "http://dbpedia.org/resource/Institute_for_Food_Laws_and_Regulations"
                }
            },
            {
                "count": 1,
                "sentiment": {
                    "score": 0,
                    "label": "neutral"
                },
                "text": "American Antitrust Institute",
                "relevance": 0.510592,
                "type": "Organization",
                "disambiguation": {
                    "subtype": [],
                    "name": "American Antitrust Institute",
                    "dbpedia_resource": "http://dbpedia.org/resource/American_Antitrust_Institute"
                }
            },
            {
                "count": 1,
                "sentiment": {
                    "score": 0,
                    "label": "neutral"
                },
                "text": "Cleary Gottlieb",
                "relevance": 0.509808,
                "type": "Company",
                "disambiguation": {
                    "subtype": [],
                    "name": "Cleary Gottlieb Steen & Hamilton",
                    "dbpedia_resource": "http://dbpedia.org/resource/Cleary_Gottlieb_Steen_&_Hamilton"
                }
            },
            {
                "count": 1,
                "sentiment": {
                    "score": 0,
                    "label": "neutral"
                },
                "text": "congress",
                "relevance": 0.502728,
                "type": "Organization",
                "disambiguation": {
                    "subtype": [
                        "Dedicator",
                        "GovernmentalBody",
                        "Legislature",
                        "NaturalOrCulturalPreservationAgency"
                    ],
                    "name": "United States Congress",
                    "dbpedia_resource": "http://dbpedia.org/resource/United_States_Congress"
                }
            },
            {
                "count": 1,
                "sentiment": {
                    "score": 0,
                    "label": "neutral"
                },
                "text": "president",
                "relevance": 0.433571,
                "type": "JobTitle"
            },
            {
                "count": 1,
                "sentiment": {
                    "score": 0,
                    "label": "neutral"
                },
                "text": "partner",
                "relevance": 0.421051,
                "type": "JobTitle"
            },
            {
                "count": 1,
                "sentiment": {
                    "score": 0,
                    "label": "neutral"
                },
                "text": "director",
                "relevance": 0.418708,
                "type": "JobTitle"
            }
        ],
        "semantic_roles": [
            {
                "subject": {
                    "text": "increased pressure"
                },
                "sentence": " disastrous effects on the market and add increased pressure in areas already",
                "action": {
                    "verb": {
                        "text": "add",
                        "tense": "present"
                    },
                    "text": "add",
                    "normalized": "add"
                }
            },
            {
                "subject": {
                    "text": "The proposal"
                },
                "sentence": " The proposal would allow for mergers of firms undergoing bankruptcy or on the",
                "object": {
                    "text": "for mergers of firms undergoing bankruptcy or on the"
                },
                "action": {
                    "verb": {
                        "text": "allow",
                        "tense": "future"
                    },
                    "text": "would allow",
                    "normalized": "would allow"
                }
            },
            {
                "subject": {
                    "text": "Our country"
                },
                "sentence": " Our country can leave room for merger activity that",
                "object": {
                    "text": "room for merger activity that"
                },
                "action": {
                    "verb": {
                        "text": "leave",
                        "tense": "future"
                    },
                    "text": "can leave",
                    "normalized": "can leave"
                }
            },
            {
                "subject": {
                    "text": "distressed firms"
                },
                "sentence": " is necessary to ensuring that distressed firms have a fresh start through the",
                "object": {
                    "text": "a fresh start"
                },
                "action": {
                    "verb": {
                        "text": "have",
                        "tense": "present"
                    },
                    "text": "have",
                    "normalized": "have"
                }
            },
            {
                "subject": {
                    "text": "bankruptcy process or through necessary divestitures"
                },
                "sentence": " bankruptcy process or through necessary divestitures while also ensuring that",
                "object": {
                    "text": "that"
                },
                "action": {
                    "verb": {
                        "text": "ensure",
                        "tense": "present"
                    },
                    "text": "ensuring",
                    "normalized": "ensure"
                }
            },
            {
                "subject": {
                    "text": "we"
                },
                "sentence": " we do not undergo another period of rampant consolidation,\" he added.",
                "object": {
                    "text": "another period of rampant consolidation"
                },
                "action": {
                    "verb": {
                        "text": "undergo",
                        "tense": "present",
                        "negated": true
                    },
                    "text": "undergo",
                    "normalized": "undergo"
                }
            },
            {
                "subject": {
                    "text": "he"
                },
                "sentence": " we do not undergo another period of rampant consolidation,\" he added.",
                "object": {
                    "text": "we do not undergo another period of rampant consolidation"
                },
                "action": {
                    "verb": {
                        "text": "add",
                        "tense": "past"
                    },
                    "text": "added",
                    "normalized": "add"
                }
            },
            {
                "subject": {
                    "text": "sources"
                },
                "sentence": " However, sources have told IFLR that if this proposed ban were to gain",
                "object": {
                    "text": "that if this proposed ban were to gain"
                },
                "action": {
                    "verb": {
                        "text": "tell",
                        "tense": "past"
                    },
                    "text": "have told",
                    "normalized": "have tell"
                }
            },
            {
                "subject": {
                    "text": "traction and pass through congress the ramifications"
                },
                "sentence": " traction and pass through congress the ramifications would outweigh the",
                "object": {
                    "text": "the"
                },
                "action": {
                    "verb": {
                        "text": "outweigh",
                        "tense": "future"
                    },
                    "text": "would outweigh",
                    "normalized": "would outweigh"
                }
            },
            {
                "subject": {
                    "text": "rivals. Bigger firms"
                },
                "sentence": " rivals. Bigger firms targeting smaller, potentially failing firms is not",
                "object": {
                    "text": "smaller"
                },
                "action": {
                    "verb": {
                        "text": "target",
                        "tense": "present"
                    },
                    "text": "targeting",
                    "normalized": "target"
                }
            },
            {
                "subject": {
                    "text": "Diana Moss, president of the American Antitrust Institute"
                },
                "sentence": " okay,\" said Diana Moss, president of the American Antitrust Institute.",
                "object": {
                    "text": "okay"
                },
                "action": {
                    "verb": {
                        "text": "say",
                        "tense": "past"
                    },
                    "text": "said",
                    "normalized": "say"
                }
            },
            {
                "subject": {
                    "text": "that"
                },
                "sentence": " that is an exempted form of consolidation.\"",
                "object": {
                    "text": "an exempted form of consolidation"
                },
                "action": {
                    "verb": {
                        "text": "be",
                        "tense": "present"
                    },
                    "text": "is",
                    "normalized": "be"
                }
            },
            {
                "subject": {
                    "text": "This"
                },
                "sentence": " \"This was a concern anyway given the higher levels of concentration, the",
                "object": {
                    "text": "a concern"
                },
                "action": {
                    "verb": {
                        "text": "be",
                        "tense": "past"
                    },
                    "text": "was",
                    "normalized": "be"
                }
            },
            {
                "subject": {
                    "text": "the higher levels of concentration"
                },
                "sentence": " \"This was a concern anyway given the higher levels of concentration, the",
                "object": {
                    "text": "a concern"
                },
                "action": {
                    "verb": {
                        "text": "give",
                        "tense": "past"
                    },
                    "text": "given",
                    "normalized": "give"
                }
            },
            {
                "subject": {
                    "text": "she"
                },
                "sentence": " emergence of large firms and a pattern of acquisitions,\" she added.",
                "object": {
                    "text": "emergence of large firms and a pattern of acquisitions"
                },
                "action": {
                    "verb": {
                        "text": "add",
                        "tense": "past"
                    },
                    "text": "added",
                    "normalized": "add"
                }
            },
            {
                "subject": {
                    "text": "those"
                },
                "sentence": " that to move forward under the moratorium might actually accelerate those",
                "object": {
                    "text": "that to move forward under the moratorium"
                },
                "action": {
                    "verb": {
                        "text": "accelerate",
                        "tense": "present"
                    },
                    "text": "might actually accelerate",
                    "normalized": "might actually accelerate"
                }
            },
            {
                "subject": {
                    "text": "That"
                },
                "sentence": " That is not something that we would want to see in the",
                "object": {
                    "text": "not something that we would want to see in the"
                },
                "action": {
                    "verb": {
                        "text": "be",
                        "tense": "present"
                    },
                    "text": "is",
                    "normalized": "be"
                }
            },
            {
                "subject": {
                    "text": "The proposed moratorium"
                },
                "sentence": " The proposed moratorium is predictable and understandable given the situation",
                "object": {
                    "text": "predictable"
                },
                "action": {
                    "verb": {
                        "text": "be",
                        "tense": "present"
                    },
                    "text": "is",
                    "normalized": "be"
                }
            },
            {
                "subject": {
                    "text": "competition"
                },
                "sentence": " problems in the US regarding competition, which has seen a stark decline over",
                "object": {
                    "text": "seen a stark decline over"
                },
                "action": {
                    "verb": {
                        "text": "have",
                        "tense": "present"
                    },
                    "text": "has",
                    "normalized": "have"
                }
            },
            {
                "subject": {
                    "text": "competition"
                },
                "sentence": " problems in the US regarding competition, which has seen a stark decline over",
                "object": {
                    "text": "a stark decline over"
                },
                "action": {
                    "verb": {
                        "text": "see",
                        "tense": "past"
                    },
                    "text": "has seen",
                    "normalized": "have see"
                }
            },
            {
                "subject": {
                    "text": "The backdrop of the Covid-19 crisis"
                },
                "sentence": " The backdrop of the Covid-19 crisis provides a platform",
                "object": {
                    "text": "a platform"
                },
                "action": {
                    "verb": {
                        "text": "provide",
                        "tense": "present"
                    },
                    "text": "provides",
                    "normalized": "provide"
                }
            },
            {
                "subject": {
                    "text": "legislative proposals"
                },
                "sentence": " for legislative proposals temporarily to halt merger activity.",
                "object": {
                    "text": "merger activity"
                },
                "action": {
                    "verb": {
                        "text": "halt",
                        "tense": "future"
                    },
                    "text": "temporarily to halt",
                    "normalized": "temporarily to halt"
                }
            },
            {
                "subject": {
                    "text": "FTC) and now a partner at Cleary Gottlieb,"
                },
                "sentence": " (FTC) and now a partner at Cleary Gottlieb, understands the impulse behind the",
                "object": {
                    "text": "the impulse behind the"
                },
                "action": {
                    "verb": {
                        "text": "understand",
                        "tense": "present"
                    },
                    "text": "understands",
                    "normalized": "understand"
                }
            },
            {
                "subject": {
                    "text": "a service"
                },
                "sentence": " providing a service that's relevant to responding to the pandemic,\" he said,",
                "object": {
                    "text": "that's relevant to responding to the pandemic"
                },
                "action": {
                    "verb": {
                        "text": "provide",
                        "tense": "present"
                    },
                    "text": "providing",
                    "normalized": "provide"
                }
            },
            {
                "subject": {
                    "text": "a service"
                },
                "sentence": " providing a service that's relevant to responding to the pandemic,\" he said,",
                "object": {
                    "text": "relevant to responding to the pandemic"
                },
                "action": {
                    "verb": {
                        "text": "has",
                        "tense": "present"
                    },
                    "text": "that",
                    "normalized": "that"
                }
            },
            {
                "subject": {
                    "text": "a service"
                },
                "sentence": " providing a service that's relevant to responding to the pandemic,\" he said,",
                "object": {
                    "text": "to the pandemic"
                },
                "action": {
                    "verb": {
                        "text": "respond",
                        "tense": "future"
                    },
                    "text": "responding",
                    "normalized": "respond"
                }
            },
            {
                "subject": {
                    "text": "he"
                },
                "sentence": " providing a service that's relevant to responding to the pandemic,\" he said,",
                "object": {
                    "text": "providing a service that's relevant to responding to the pandemic"
                },
                "action": {
                    "verb": {
                        "text": "say",
                        "tense": "past"
                    },
                    "text": "said",
                    "normalized": "say"
                }
            },
            {
                "subject": {
                    "text": "The 'truly"
                },
                "sentence": " adding: \"The 'truly failing' or bankruptcy exception would be grossly under",
                "object": {
                    "text": "' or bankruptcy exception"
                },
                "action": {
                    "verb": {
                        "text": "fail",
                        "tense": "present"
                    },
                    "text": "failing",
                    "normalized": "fail"
                }
            },
            {
                "subject": {
                    "text": "either firm"
                },
                "sentence": " inclusive for any circumstance where either firm might be able to improve the",
                "object": {
                    "text": "the"
                },
                "action": {
                    "verb": {
                        "text": "improve",
                        "tense": "future"
                    },
                    "text": "to improve",
                    "normalized": "to improve"
                }
            },
            {
                "subject": {
                    "text": "financial distress"
                },
                "sentence": " financial distress, or simply unable to provide the best service or",
                "object": {
                    "text": "the best service"
                },
                "action": {
                    "verb": {
                        "text": "provide",
                        "tense": "future"
                    },
                    "text": "to provide",
                    "normalized": "to provide"
                }
            },
            {
                "subject": {
                    "text": "Merging"
                },
                "sentence": " Merging could put these firms in a better position to provide that service, or",
                "object": {
                    "text": "these firms"
                },
                "action": {
                    "verb": {
                        "text": "put",
                        "tense": "future"
                    },
                    "text": "could put",
                    "normalized": "could put"
                }
            },
            {
                "subject": {
                    "text": "two firms"
                },
                "sentence": " result in a circumstance where two firms pool two different assets in order to",
                "object": {
                    "text": "two different assets"
                },
                "action": {
                    "verb": {
                        "text": "pool",
                        "tense": "present"
                    },
                    "text": "pool",
                    "normalized": "pool"
                }
            },
            {
                "subject": {
                    "text": "a lot of potential"
                },
                "sentence": " \"There is a lot of potential for harm.\"",
                "object": {
                    "text": "for harm"
                },
                "action": {
                    "verb": {
                        "text": "be",
                        "tense": "present"
                    },
                    "text": "is",
                    "normalized": "be"
                }
            },
            {
                "subject": {
                    "text": "a lot of potential"
                },
                "sentence": " **\"There is a lot of potential for harm\"**",
                "object": {
                    "text": "for harm"
                },
                "action": {
                    "verb": {
                        "text": "be",
                        "tense": "present"
                    },
                    "text": "is",
                    "normalized": "be"
                }
            },
            {
                "subject": {
                    "text": "firms"
                },
                "sentence": " Other mergers, that don't involve failing firms that could have potentially",
                "object": {
                    "text": "that could have potentially"
                },
                "action": {
                    "verb": {
                        "text": "fail",
                        "tense": "future"
                    },
                    "text": "don't involve failing",
                    "normalized": "don't involve fail"
                }
            },
            {
                "subject": {
                    "text": "significant deficiencies"
                },
                "sentence": " significant deficiencies, could also help keep the markets afloat and the",
                "object": {
                    "text": "keep the markets afloat"
                },
                "action": {
                    "verb": {
                        "text": "help",
                        "tense": "future"
                    },
                    "text": "help",
                    "normalized": "help"
                }
            },
            {
                "subject": {
                    "text": "significant deficiencies"
                },
                "sentence": " significant deficiencies, could also help keep the markets afloat and the",
                "object": {
                    "text": "the markets afloat"
                },
                "action": {
                    "verb": {
                        "text": "keep",
                        "tense": "future"
                    },
                    "text": "could also help keep",
                    "normalized": "could also help keep"
                }
            },
            {
                "subject": {
                    "text": "this"
                },
                "sentence": " The biggest question is whether this would get politically would get any",
                "object": {
                    "text": "politically would get any"
                },
                "action": {
                    "verb": {
                        "text": "get",
                        "tense": "future"
                    },
                    "text": "would get",
                    "normalized": "would get"
                }
            },
            {
                "subject": {
                    "text": "this"
                },
                "sentence": " The biggest question is whether this would get politically would get any",
                "object": {
                    "text": "any"
                },
                "action": {
                    "verb": {
                        "text": "get",
                        "tense": "future"
                    },
                    "text": "would get",
                    "normalized": "would get"
                }
            },
            {
                "subject": {
                    "text": "it"
                },
                "sentence": " Either way it would require bipartisan support, which is",
                "object": {
                    "text": "bipartisan support"
                },
                "action": {
                    "verb": {
                        "text": "require",
                        "tense": "future"
                    },
                    "text": "would require",
                    "normalized": "would require"
                }
            },
            {
                "subject": {
                    "text": "Any bill that"
                },
                "sentence": " Any bill that were to move forward on a moratorium would have to be extremely",
                "object": {
                    "text": "to move forward on a moratorium"
                },
                "action": {
                    "verb": {
                        "text": "be",
                        "tense": "past"
                    },
                    "text": "were",
                    "normalized": "be"
                }
            },
            {
                "subject": {
                    "text": "Any bill"
                },
                "sentence": " Any bill that were to move forward on a moratorium would have to be extremely",
                "object": {
                    "text": "extremely"
                },
                "action": {
                    "verb": {
                        "text": "be",
                        "tense": "future"
                    },
                    "text": "would have to be",
                    "normalized": "would have to be"
                }
            },
            {
                "subject": {
                    "text": "this tidal wave"
                },
                "sentence": " with this tidal wave coming at them afterward,\" she added.",
                "action": {
                    "verb": {
                        "text": "come",
                        "tense": "present"
                    },
                    "text": "coming",
                    "normalized": "come"
                }
            },
            {
                "subject": {
                    "text": "she"
                },
                "sentence": " with this tidal wave coming at them afterward,\" she added.",
                "object": {
                    "text": "with this tidal wave coming at them afterward"
                },
                "action": {
                    "verb": {
                        "text": "add",
                        "tense": "past"
                    },
                    "text": "added",
                    "normalized": "add"
                }
            },
            {
                "subject": {
                    "text": "That concern"
                },
                "sentence": " \"That concern is just totally misplaced.",
                "object": {
                    "text": "just totally misplaced"
                },
                "action": {
                    "verb": {
                        "text": "be",
                        "tense": "present"
                    },
                    "text": "is",
                    "normalized": "be"
                }
            },
            {
                "subject": {
                    "text": "There"
                },
                "sentence": " There's no indication that",
                "object": {
                    "text": "no indication that"
                },
                "action": {
                    "verb": {
                        "text": "has",
                        "tense": "present"
                    },
                    "text": "has",
                    "normalized": "has"
                }
            },
            {
                "subject": {
                    "text": "acquisitions by private equity firms"
                },
                "sentence": " acquisitions by private equity firms create any kind of competitive harm.",
                "object": {
                    "text": "any kind of competitive harm"
                },
                "action": {
                    "verb": {
                        "text": "create",
                        "tense": "present"
                    },
                    "text": "create",
                    "normalized": "create"
                }
            },
            {
                "subject": {
                    "text": "private equity"
                },
                "sentence": " the contrary, private equity can have no involvement in a particular industry",
                "object": {
                    "text": "no involvement in a particular industry"
                },
                "action": {
                    "verb": {
                        "text": "have",
                        "tense": "future"
                    },
                    "text": "can have",
                    "normalized": "can have"
                }
            },
            {
                "subject": {
                    "text": "A private equity firm"
                },
                "sentence": " A private equity firm might not compete in a market where some of the",
                "action": {
                    "verb": {
                        "text": "compete",
                        "tense": "present",
                        "negated": true
                    },
                    "text": "compete",
                    "normalized": "compete"
                }
            },
            {
                "subject": {
                    "text": "companies"
                },
                "sentence": " companies who do are really struggling and might need financial support.",
                "object": {
                    "text": "really struggling"
                },
                "action": {
                    "verb": {
                        "text": "be",
                        "tense": "present"
                    },
                    "text": "are",
                    "normalized": "be"
                }
            }
        ],
        "categories": [
            {
                "score": 0.881647,
                "label": "/finance/investing"
            },
            {
                "score": 0.881647,
                "label": "/finance/investing/beginning investing"
            },
            {
                "score": 0.868134,
                "label": "/finance/financial news"
            }
        ],
        "relations": [
            {
                "type": "agentOf",
                "sentence": "Cicilline told Politico that: \"As millions of businesses struggle to stay afloat, private equity firms and dominant corporations are positioned to swoop in for a buying spree.\"",
                "score": 0.994276,
                "arguments": [
                    {
                        "text": "Cicilline",
                        "location": [
                            329,
                            338
                        ],
                        "entities": [
                            {
                                "type": "Person",
                                "text": "David Cicilline"
                            }
                        ]
                    },
                    {
                        "text": "told",
                        "location": [
                            339,
                            343
                        ],
                        "entities": [
                            {
                                "type": "EventCommunication",
                                "text": "added"
                            }
                        ]
                    }
                ]
            },
            {
                "type": "agentOf",
                "sentence": "Our country can leave room for merger activity that is necessary to ensuring that distressed firms have a fresh start through the bankruptcy process or through necessary divestitures while also ensuring that we do not undergo another period of rampant consolidation,\" he added.",
                "score": 0.969214,
                "arguments": [
                    {
                        "text": "he",
                        "location": [
                            898,
                            900
                        ],
                        "entities": [
                            {
                                "type": "Person",
                                "text": "David Cicilline"
                            }
                        ]
                    },
                    {
                        "text": "added",
                        "location": [
                            901,
                            906
                        ],
                        "entities": [
                            {
                                "type": "EventCommunication",
                                "text": "added"
                            }
                        ]
                    }
                ]
            },
            {
                "type": "employedBy",
                "sentence": "Bruce Hoffman, former director of competition at the Federal Trade Commission (FTC) and now a partner at Cleary Gottlieb, understands the impulse behind the proposal but does not consider it necessary, going as far as to say that it would be harmful.",
                "score": 0.507853,
                "arguments": [
                    {
                        "text": "director of competition",
                        "location": [
                            2197,
                            2220
                        ],
                        "entities": [
                            {
                                "type": "Person",
                                "text": "Bruce Hoffman"
                            }
                        ]
                    },
                    {
                        "text": "Federal Trade Commission",
                        "location": [
                            2228,
                            2252
                        ],
                        "entities": [
                            {
                                "type": "Organization",
                                "text": "Federal Trade Commission",
                                "disambiguation": {
                                    "subtype": [
                                        "Government"
                                    ]
                                }
                            }
                        ]
                    }
                ]
            },
            {
                "type": "agentOf",
                "sentence": "Some transactions can increase efficiency, or improve the financial condition of firms that are actually providing a service that's relevant to responding to the pandemic,\" he said, adding: \"The 'truly failing' or bankruptcy exception would be grossly under inclusive for any circumstance where either firm might be able to improve the production or distribution of materials by those firms that might be in financial distress, or simply unable to provide the best service or distribution possible.\"",
                "score": 0.968409,
                "arguments": [
                    {
                        "text": "he",
                        "location": [
                            2646,
                            2648
                        ],
                        "entities": [
                            {
                                "type": "Person",
                                "text": "Bruce Hoffman"
                            }
                        ]
                    },
                    {
                        "text": "said",
                        "location": [
                            2649,
                            2653
                        ],
                        "entities": [
                            {
                                "type": "EventCommunication",
                                "text": "adding"
                            }
                        ]
                    }
                ]
            },
            {
                "type": "agentOf",
                "sentence": "To the contrary, private equity can have no involvement in a particular industry and shore it up, with financial assets and managerial capabilities,\" said Hoffman.",
                "score": 0.989875,
                "arguments": [
                    {
                        "text": "Hoffman",
                        "location": [
                            4644,
                            4651
                        ],
                        "entities": [
                            {
                                "type": "Person",
                                "text": "Bruce Hoffman"
                            }
                        ]
                    },
                    {
                        "text": "said",
                        "location": [
                            4639,
                            4643
                        ],
                        "entities": [
                            {
                                "type": "EventCommunication",
                                "text": "adding"
                            }
                        ]
                    }
                ]
            },
            {
                "type": "ownerOf",
                "sentence": "Merging could put these firms in a better position to provide that service, or result in a circumstance where two firms pool two different assets in order to address a specific part of the pandemic.",
                "score": 0.555341,
                "arguments": [
                    {
                        "text": "firms",
                        "location": [
                            3088,
                            3093
                        ],
                        "entities": [
                            {
                                "type": "Organization",
                                "text": "companies"
                            }
                        ]
                    },
                    {
                        "text": "pool",
                        "location": [
                            3094,
                            3098
                        ],
                        "entities": [
                            {
                                "type": "Facility",
                                "text": "pool"
                            }
                        ]
                    }
                ]
            },
            {
                "type": "agentOf",
                "sentence": "\"After the moratorium there will likely be a lot of energy and pent up proposals for acquisitions and mergers, and legislation would need to address that,\" said Moss.",
                "score": 0.980693,
                "arguments": [
                    {
                        "text": "Moss",
                        "location": [
                            4011,
                            4015
                        ],
                        "entities": [
                            {
                                "type": "Person",
                                "text": "Diana Moss"
                            }
                        ]
                    },
                    {
                        "text": "said",
                        "location": [
                            4006,
                            4010
                        ],
                        "entities": [
                            {
                                "type": "EventCommunication",
                                "text": "adding"
                            }
                        ]
                    }
                ]
            },
            {
                "type": "agentOf",
                "sentence": "\"One very practical question is if there is more pent up consolidation activity, incentives and proposals to consolidate, how the agencies will deal with this tidal wave coming at them afterward,\" she added.",
                "score": 0.981495,
                "arguments": [
                    {
                        "text": "she",
                        "location": [
                            4215,
                            4218
                        ],
                        "entities": [
                            {
                                "type": "Person",
                                "text": "Diana Moss"
                            }
                        ]
                    },
                    {
                        "text": "added",
                        "location": [
                            4219,
                            4224
                        ],
                        "entities": [
                            {
                                "type": "EventCommunication",
                                "text": "adding"
                            }
                        ]
                    }
                ]
            },
            {
                "type": "affectedBy",
                "sentence": "There's no indication that acquisitions by private equity firms create any kind of competitive harm.",
                "score": 0.644854,
                "arguments": [
                    {
                        "text": "firms",
                        "location": [
                            4446,
                            4451
                        ],
                        "entities": [
                            {
                                "type": "Organization",
                                "text": "companies"
                            }
                        ]
                    },
                    {
                        "text": "acquisitions",
                        "location": [
                            4415,
                            4427
                        ],
                        "entities": [
                            {
                                "type": "EventBusiness",
                                "text": "acquisitions"
                            }
                        ]
                    }
                ]
            },
            {
                "type": "agentOf",
                "sentence": "\"The last thing the government should be doing is making it harder for companies to get financial support from acquirers that are not strategic presences in the markets in which they're competing,\" he concluded.",
                "score": 0.987249,
                "arguments": [
                    {
                        "text": "he",
                        "location": [
                            5168,
                            5170
                        ],
                        "entities": [
                            {
                                "type": "Person",
                                "text": "Bruce Hoffman"
                            }
                        ]
                    },
                    {
                        "text": "concluded",
                        "location": [
                            5171,
                            5180
                        ],
                        "entities": [
                            {
                                "type": "EventCommunication",
                                "text": "concluded"
                            }
                        ]
                    }
                ]
            },
            {
                "type": "affectedBy",
                "sentence": "Cicilline told Politico that: \"As millions of businesses struggle to stay afloat, private equity firms and dominant corporations are positioned to swoop in for a buying spree.\"",
                "score": 0.928497,
                "arguments": [
                    {
                        "text": "Politico",
                        "location": [
                            344,
                            352
                        ],
                        "entities": [
                            {
                                "type": "Organization",
                                "text": "Politico",
                                "disambiguation": {
                                    "subtype": [
                                        "Commercial"
                                    ]
                                }
                            }
                        ]
                    },
                    {
                        "text": "told",
                        "location": [
                            339,
                            343
                        ],
                        "entities": [
                            {
                                "type": "EventCommunication",
                                "text": "added"
                            }
                        ]
                    }
                ]
            },
            {
                "type": "affectedBy",
                "sentence": "Our country can leave room for merger activity that is necessary to ensuring that distressed firms have a fresh start through the bankruptcy process or through necessary divestitures while also ensuring that we do not undergo another period of rampant consolidation,\" he added.",
                "score": 0.42985,
                "arguments": [
                    {
                        "text": "firms",
                        "location": [
                            723,
                            728
                        ],
                        "entities": [
                            {
                                "type": "Organization",
                                "text": "companies"
                            }
                        ]
                    },
                    {
                        "text": "merger",
                        "location": [
                            661,
                            667
                        ],
                        "entities": [
                            {
                                "type": "EventBusiness",
                                "text": "merger"
                            }
                        ]
                    }
                ]
            },
            {
                "type": "agentOf",
                "sentence": "However, sources have told IFLR that if this proposed ban were to gain traction and pass through congress the ramifications would outweigh the benefits.",
                "score": 0.948691,
                "arguments": [
                    {
                        "text": "sources",
                        "location": [
                            918,
                            925
                        ],
                        "entities": [
                            {
                                "type": "Person",
                                "text": "sources"
                            }
                        ]
                    },
                    {
                        "text": "told",
                        "location": [
                            931,
                            935
                        ],
                        "entities": [
                            {
                                "type": "EventCommunication",
                                "text": "added"
                            }
                        ]
                    }
                ]
            },
            {
                "type": "affectedBy",
                "sentence": "However, sources have told IFLR that if this proposed ban were to gain traction and pass through congress the ramifications would outweigh the benefits.",
                "score": 0.961105,
                "arguments": [
                    {
                        "text": "IFLR",
                        "location": [
                            936,
                            940
                        ],
                        "entities": [
                            {
                                "type": "Organization",
                                "text": "IFLR",
                                "disambiguation": {
                                    "subtype": [
                                        "Commercial"
                                    ]
                                }
                            }
                        ]
                    },
                    {
                        "text": "told",
                        "location": [
                            931,
                            935
                        ],
                        "entities": [
                            {
                                "type": "EventCommunication",
                                "text": "added"
                            }
                        ]
                    }
                ]
            },
            {
                "type": "affectedBy",
                "sentence": "\"Allowing this proposal to move forward with these exceptions might actually create additional pressure or accelerate proposed acquisitions of smaller rivals.",
                "score": 0.781298,
                "arguments": [
                    {
                        "text": "rivals",
                        "location": [
                            1214,
                            1220
                        ],
                        "entities": [
                            {
                                "type": "Organization",
                                "text": "rivals",
                                "disambiguation": {
                                    "subtype": [
                                        "Sports"
                                    ]
                                }
                            }
                        ]
                    },
                    {
                        "text": "acquisitions",
                        "location": [
                            1190,
                            1202
                        ],
                        "entities": [
                            {
                                "type": "EventBusiness",
                                "text": "acquisitions"
                            }
                        ]
                    }
                ]
            },
            {
                "type": "agentOf",
                "sentence": "Bigger firms targeting smaller, potentially failing firms is not okay,\" said Diana Moss, president of the American Antitrust Institute.",
                "score": 0.899109,
                "arguments": [
                    {
                        "text": "Diana Moss",
                        "location": [
                            1299,
                            1309
                        ],
                        "entities": [
                            {
                                "type": "Person",
                                "text": "Diana Moss"
                            }
                        ]
                    },
                    {
                        "text": "said",
                        "location": [
                            1294,
                            1298
                        ],
                        "entities": [
                            {
                                "type": "EventCommunication",
                                "text": "added"
                            }
                        ]
                    }
                ]
            },
            {
                "type": "agentOf",
                "sentence": "\"This was a concern anyway given the higher levels of concentration, the emergence of large firms and a pattern of acquisitions,\" she added.",
                "score": 0.985684,
                "arguments": [
                    {
                        "text": "she",
                        "location": [
                            1539,
                            1542
                        ],
                        "entities": [
                            {
                                "type": "Person",
                                "text": "Diana Moss"
                            }
                        ]
                    },
                    {
                        "text": "added",
                        "location": [
                            1543,
                            1548
                        ],
                        "entities": [
                            {
                                "type": "EventCommunication",
                                "text": "added"
                            }
                        ]
                    }
                ]
            },
            {
                "type": "managerOf",
                "sentence": "Bigger firms targeting smaller, potentially failing firms is not okay,\" said Diana Moss, president of the American Antitrust Institute.",
                "score": 0.782298,
                "arguments": [
                    {
                        "text": "president",
                        "location": [
                            1311,
                            1320
                        ],
                        "entities": [
                            {
                                "type": "Person",
                                "text": "Diana Moss"
                            }
                        ]
                    },
                    {
                        "text": "American Antitrust Institute",
                        "location": [
                            1328,
                            1356
                        ],
                        "entities": [
                            {
                                "type": "Organization",
                                "text": "American Antitrust Institute"
                            }
                        ]
                    }
                ]
            },
            {
                "type": "agentOf",
                "sentence": "\"This was a concern anyway given the higher levels of concentration, the emergence of large firms and a pattern of acquisitions,\" she added.",
                "score": 0.394227,
                "arguments": [
                    {
                        "text": "firms",
                        "location": [
                            1501,
                            1506
                        ],
                        "entities": [
                            {
                                "type": "Organization",
                                "text": "companies"
                            }
                        ]
                    },
                    {
                        "text": "acquisitions",
                        "location": [
                            1524,
                            1536
                        ],
                        "entities": [
                            {
                                "type": "EventBusiness",
                                "text": "acquisitions"
                            }
                        ]
                    }
                ]
            }
        ],
        "keywords": [
            {
                "text": "Last week Congressman David Cicilline",
                "relevance": 0.681383,
                "count": 1
            },
            {
                "text": "private equity firms",
                "relevance": 0.668119,
                "count": 2
            },
            {
                "text": "proposed moratorium",
                "relevance": 0.635675,
                "count": 2
            },
            {
                "text": "US mergers",
                "relevance": 0.60232,
                "count": 1
            },
            {
                "text": "legislative proposals",
                "relevance": 0.572824,
                "count": 1
            },
            {
                "text": "last thing",
                "relevance": 0.564543,
                "count": 1
            },
            {
                "text": "private equity",
                "relevance": 0.556978,
                "count": 3
            },
            {
                "text": "Bruce Hoffman",
                "relevance": 0.550972,
                "count": 1
            },
            {
                "text": "mergers of firms",
                "relevance": 0.5467,
                "count": 1
            },
            {
                "text": "types of proposals",
                "relevance": 0.546219,
                "count": 1
            },
            {
                "text": "disastrous effects",
                "relevance": 0.5459,
                "count": 1
            },
            {
                "text": "better position",
                "relevance": 0.544278,
                "count": 1
            },
            {
                "text": "potential ramifications of the incentives",
                "relevance": 0.541461,
                "count": 1
            },
            {
                "text": "proposal",
                "relevance": 0.537257,
                "count": 4
            },
            {
                "text": "tidal wave",
                "relevance": 0.536907,
                "count": 1
            },
            {
                "text": "emergence of large firms",
                "relevance": 0.534416,
                "count": 1
            },
            {
                "text": "merger activity",
                "relevance": 0.53281,
                "count": 2
            },
            {
                "text": "financial distress",
                "relevance": 0.532386,
                "count": 1
            },
            {
                "text": "specific part",
                "relevance": 0.532333,
                "count": 1
            },
            {
                "text": "financial condition of firms",
                "relevance": 0.532171,
                "count": 1
            },
            {
                "text": "next Covid-19 bill",
                "relevance": 0.531509,
                "count": 1
            },
            {
                "text": "distressed firms",
                "relevance": 0.530959,
                "count": 1
            },
            {
                "text": "Bigger firms",
                "relevance": 0.529802,
                "count": 1
            },
            {
                "text": "head of the US House",
                "relevance": 0.52743,
                "count": 1
            },
            {
                "text": "temporary moratorium",
                "relevance": 0.527227,
                "count": 1
            },
            {
                "text": "private equity firm",
                "relevance": 0.524744,
                "count": 2
            },
            {
                "text": "significant deficiencies",
                "relevance": 0.523962,
                "count": 1
            },
            {
                "text": "Federal Trade Commission",
                "relevance": 0.52365,
                "count": 1
            },
            {
                "text": "longer term",
                "relevance": 0.523111,
                "count": 1
            },
            {
                "text": "additional pressure",
                "relevance": 0.521978,
                "count": 1
            },
            {
                "text": "financial assets",
                "relevance": 0.521305,
                "count": 1
            },
            {
                "text": "companies",
                "relevance": 0.517845,
                "count": 3
            },
            {
                "text": "bipartisan support",
                "relevance": 0.517736,
                "count": 1
            },
            {
                "text": "lot of reasons",
                "relevance": 0.517393,
                "count": 1
            },
            {
                "text": "former director of competition",
                "relevance": 0.51736,
                "count": 1
            },
            {
                "text": "particular industry",
                "relevance": 0.517278,
                "count": 1
            },
            {
                "text": "Rolls Royce",
                "relevance": 0.517278,
                "count": 1
            },
            {
                "text": "fresh start",
                "relevance": 0.517278,
                "count": 1
            },
            {
                "text": "practical question",
                "relevance": 0.516402,
                "count": 1
            },
            {
                "text": "backdrop of the Covid-19 crisis",
                "relevance": 0.516339,
                "count": 1
            },
            {
                "text": "sources",
                "relevance": 0.515785,
                "count": 1
            },
            {
                "text": "financial support",
                "relevance": 0.514965,
                "count": 3
            },
            {
                "text": "acquisitions",
                "relevance": 0.513744,
                "count": 3
            },
            {
                "text": "traction",
                "relevance": 0.513457,
                "count": 2
            },
            {
                "text": "pattern of acquisitions",
                "relevance": 0.513289,
                "count": 1
            },
            {
                "text": "biggest question",
                "relevance": 0.513183,
                "count": 1
            },
            {
                "text": "necessary divestitures",
                "relevance": 0.511823,
                "count": 1
            },
            {
                "text": "extreme corporate crisis",
                "relevance": 0.511455,
                "count": 1
            },
            {
                "text": "country",
                "relevance": 0.511156,
                "count": 1
            },
            {
                "text": "strategic presences",
                "relevance": 0.510717,
                "count": 1
            }
        ]
    },
    "freqeuncy": "Monthly",
    "extracted_metadata": {
        "sha1": "3e3894416af560db2bf7b5af23252f9896c7da1f",
        "filename": "202004290000PROQUESTJOURNALS_2407946018.json",
        "file_type": "json"
    },
    "companyRecord": "|||Federal Trade Commission|extractor|DUNS:003257797;NECOID:248082649;ACORN:2373566280;UDUNS:161906193;UACORN:2653674111|MENTION||||XXXX|REFERENCE",
    "publicationTime": "2020-04-29T00:00:00-04:00",
    "title": "Cicilline's proposed merger ban will do more harm than good",
    "html": "<p>If a proposed moratorium on US mergers was to go ahead it could have disastrous effects on the market and add increased pressure in areas already under stress. </p><p>Last week Congressman <person>David Cicilline</person>, head of the <org idsrc=\"xmltag.org\" value=\"ACORN:0054902789\">US House</org> antitrust subcommittee, proposed including a temporary moratorium on all mergers in the next Covid-19 bill. Cicilline told <org>Politico</org> that: &#8220;As millions of businesses struggle to stay afloat, private equity firms and dominant corporations are positioned to swoop in for a buying spree.&#8221; </p><p>The proposal would allow for mergers of firms undergoing bankruptcy or on the verge of failure.</p><p>&#8220;This is not complicated. Our country can leave room for merger activity that is necessary to ensuring that distressed firms have a fresh start through the bankruptcy process or through necessary divestitures while also ensuring that we do not undergo another period of rampant consolidation,\" he added. </p><p>However, sources have told IFLR that if this proposed ban were to gain traction and pass through congress the ramifications would outweigh the benefits. </p><p>\"Allowing this proposal to move forward with these exceptions might actually create additional pressure or accelerate proposed acquisitions of smaller rivals. Bigger firms targeting smaller, potentially failing firms is not okay,\" said <person>Diana Moss</person>, president of the <org>American Antitrust Institute</org>. \"That that is an exempted form of consolidation.\" </p><p>\"This was a concern anyway given the higher levels of concentration, the emergence of large firms and a pattern of acquisitions,\" she added. \"Allowing that to move forward under the moratorium might actually accelerate those types of proposals. That is not something that we would want to see in the longer term.\"</p><p>The proposed moratorium is predictable and understandable given the situation of the US economy. There is documented evidence of the underlying systemic problems in the US regarding competition, which has seen a stark decline over the last few years. The backdrop of the Covid-19 crisis provides a platform for legislative proposals temporarily to halt merger activity. </p><p><i><b>See also: Managing an extreme corporate crisis, lessons from Rolls Royce</b></i></p><p><person>Bruce Hoffman</person>, former director of competition at the <org idsrc=\"xmltag.org\" value=\"ACORN:2373566280\">Federal Trade Commission</org> (FTC) and now a partner at Cleary Gottlieb, understands the impulse behind the proposal but does not consider it necessary, going as far as to say that it would be harmful. </p><p>\"There are a lot of reasons for transactions. Some transactions can increase efficiency, or improve the financial condition of firms that are actually providing a service that's relevant to responding to the pandemic,\" he said, adding: \"The &#8216;truly failing&#8217; or bankruptcy exception would be grossly under inclusive for any circumstance where either firm might be able to improve the production or distribution of materials by those firms that might be in financial distress, or simply unable to provide the best service or distribution possible.\"</p><p>Merging could put these firms in a better position to provide that service, or result in a circumstance where two firms pool two different assets in order to address a specific part of the pandemic. </p><p>\"There is a lot of potential for harm.\"</p><table><tbody><tr><td><p><b>\"There is a lot of potential for harm\"</b></p></td></tr></tbody></table><p>Other mergers, that don't involve failing firms that could have potentially significant deficiencies, could also help keep the markets afloat and the economy moving.</p><p><b>Political challenges</b></p><p>The biggest question is whether this would get politically would get any traction if it were to come out as part of a stimulus package or as a standalone bill. Either way it would require bipartisan support, which is unlikely. </p><p>Any bill that were to move forward on a moratorium would have to be extremely specific and consider the potential ramifications of the incentives created. \"After the moratorium there will likely be a lot of energy and pent up proposals for acquisitions and mergers, and legislation would need to address that,\" said Moss. </p><p>\"One very practical question is if there is more pent up consolidation activity, incentives and proposals to consolidate, how the agencies will deal with this tidal wave coming at them afterward,\" she added. </p><p>There have also been suggestions that the proposal is based on a pre-existing antipathy for private equity in general. </p><p>\"That concern is just totally misplaced. There's no indication that acquisitions by private equity firms create any kind of competitive harm. To the contrary, private equity can have no involvement in a particular industry and shore it up, with financial assets and managerial capabilities,\" said Hoffman. </p><p>A private equity firm might not compete in a market where some of the companies who do are really struggling and might need financial support. In that situation, the private equity firm could provide that support without reducing competition. Some companies that are really struggling really need financial support. \"The last thing the government should be doing is making it harder for companies to get financial support from acquirers that are not strategic presences in the markets in which they're competing,\" he concluded. </p><p><i><b>See also: Coronavirus, private equity investing in a distressed environment</b></i></p>",
    "geoFocus": [
        [
            "GR/glb",
            "Global"
        ]
    ]
}