{
    "id": "3bd0abe2-8473-4324-b7ab-779365f60b71",
    "result_metadata": {
        "score": 1
    },
    "copyright": "Copyright LNP Media Group Inc. Jun 5, 2020",
    "geoOrigin": "Lancaster, Pennsylvania",
    "sourceType": "Newspaper",
    "source": "Intelligencer Journal (Lancaster, PA)",
    "corpus_document_id": "22640620960860797877",
    "description": "Firefighters were dispatched at 10:22 a.m. to the 200 block of Monterey Road. The fire started behind EG Outdoor Products, while trash was being burned, according to Bird-In-Hand fire chief Don Boyer. \u2014Blaine Shahan June 3, 2020.",
    "serviceName": "Newspapers",
    "locationCode": [],
    "sourceClass": "General News",
    "subjectCode": [
        {
            "parent": null,
            "relevance_score": "9",
            "description": "Life and Society",
            "code": "IS/lifesoc#9#50#99",
            "level": 0
        },
        {
            "parent": "IS/lifesoc",
            "relevance_score": "9",
            "description": "Accidents and Disasters",
            "code": "IS/lifesoc.accdis#9#50#99",
            "level": 1
        },
        {
            "parent": "IS/lifesoc.accdis",
            "relevance_score": "9",
            "description": "Fires",
            "code": "IS/lifesoc.fire#9#99#50",
            "level": 2
        }
    ],
    "text": "_**Editor's note:** This story was initially published on Wednesday, June 3,\nbut has been updated with more information from the fire chief. _\n\nMore than two dozen units responded to a massive commercial fire in Upper\nLeacock Township on Wednesday.\n\nFirefighters were dispatched at 10:22 a.m. to the 200 block of Monterey Road.\n\nThe fire started behind EG Outdoor Products, while trash was being burned,\naccording to Bird-In-Hand fire chief Don Boyer.\n\nThe flames caught onto the shop, which primarily built outdoor furniture, and\nthen burned the neighboring barn, Boyer said.\n\nThe loss was estimated around $1.5 million, according to Boyer, who said the\nshop had a couple CNC machines inside and a lot of material.\n\nHeavy smoke was visible for miles, caused by the burning of polymer material,\nwhich is oil-based, Boyer said.\n\n\\------------\n\n_Tweet:_\n\nFirefighters battling fire at 248 Monterey Road Upper Leacock Township.\n\u2066@LancasterOnline\u2069\n[pic.twitter.com/vZvmoyihtq](http://pic.twitter.com/vZvmoyihtq)\n\n-- Blaine Shahan (@BlaineShahanLNP) June 3, 2020\n\n\\------------\n\nNo injuries were reported in the fire, but one firefighter was taken to the\nhospital for smoke inhalation, Boyer said. He was released the same day.\n\n_This post will be updated._\n\n**Today's Top Stories**\n\nCredito: LANCASTERONLINE | Staff",
    "industryCode": [],
    "naviga_enrichment": {
        "org": [],
        "location": [
            "Monterey Road"
        ],
        "person": [
            "Don Boyer",
            "Blaine Shahan"
        ],
        "companies": []
    },
    "geoOrigin_code": "RU/us.pa.lancas",
    "language": "English",
    "filename": "202006050000PROQUESTNEWPAPER_2409862174.XML",
    "providerName": "ProQuest Information & Learning",
    "enriched_text": {
        "entities": [
            {
                "count": 6,
                "sentiment": {
                    "score": 0,
                    "label": "neutral"
                },
                "text": "Don Boyer",
                "relevance": 0.937183,
                "type": "Person"
            },
            {
                "count": 1,
                "sentiment": {
                    "score": 0,
                    "label": "neutral"
                },
                "text": "Monterey Road Upper Leacock Township",
                "relevance": 0.500768,
                "type": "Facility"
            },
            {
                "count": 1,
                "sentiment": {
                    "score": 0,
                    "label": "neutral"
                },
                "text": "Leacock Township",
                "relevance": 0.347539,
                "type": "Person"
            },
            {
                "count": 1,
                "sentiment": {
                    "score": -0.502479,
                    "label": "negative"
                },
                "text": "smoke inhalation",
                "relevance": 0.28478,
                "type": "HealthCondition",
                "disambiguation": {
                    "subtype": [
                        "DiseaseOrMedicalCondition",
                        "CauseOfDeath"
                    ],
                    "name": "Smoke inhalation",
                    "dbpedia_resource": "http://dbpedia.org/resource/Smoke_inhalation"
                }
            },
            {
                "count": 1,
                "sentiment": {
                    "score": 0,
                    "label": "neutral"
                },
                "text": "EG Outdoor Products",
                "relevance": 0.283895,
                "type": "Company"
            },
            {
                "count": 1,
                "sentiment": {
                    "score": 0,
                    "label": "neutral"
                },
                "text": "Upper",
                "relevance": 0.266799,
                "type": "Location",
                "disambiguation": {
                    "subtype": [
                        "City"
                    ],
                    "name": "Haldimand County",
                    "dbpedia_resource": "http://dbpedia.org/resource/Haldimand_County"
                }
            },
            {
                "count": 1,
                "sentiment": {
                    "score": 0,
                    "label": "neutral"
                },
                "text": "Blaine Shahan",
                "relevance": 0.245567,
                "type": "Person"
            },
            {
                "count": 1,
                "sentiment": {
                    "score": 0,
                    "label": "neutral"
                },
                "text": "_**Editor",
                "relevance": 0.229139,
                "type": "JobTitle"
            },
            {
                "count": 1,
                "sentiment": {
                    "score": 0,
                    "label": "neutral"
                },
                "text": "Credito",
                "relevance": 0.189258,
                "type": "Person"
            },
            {
                "count": 1,
                "sentiment": {
                    "score": 0,
                    "label": "neutral"
                },
                "text": "$1.5 million",
                "relevance": 0.189258,
                "type": "Quantity"
            }
        ],
        "semantic_roles": [
            {
                "subject": {
                    "text": "** This story"
                },
                "sentence": "_**Editor's note:** This story was initially published on Wednesday, June 3,",
                "object": {
                    "text": "initially published on Wednesday, June 3,"
                },
                "action": {
                    "verb": {
                        "text": "be",
                        "tense": "past"
                    },
                    "text": "was",
                    "normalized": "be"
                }
            },
            {
                "subject": {
                    "text": "This story"
                },
                "sentence": "_**Editor's note:** This story was initially published on Wednesday, June 3,",
                "action": {
                    "verb": {
                        "text": "publish",
                        "tense": "past"
                    },
                    "text": "published",
                    "normalized": "publish"
                }
            },
            {
                "subject": {
                    "text": "The fire"
                },
                "sentence": " The fire started behind EG Outdoor Products, while trash was being burned,",
                "object": {
                    "text": "behind EG Outdoor Products"
                },
                "action": {
                    "verb": {
                        "text": "start",
                        "tense": "past"
                    },
                    "text": "started",
                    "normalized": "start"
                }
            },
            {
                "subject": {
                    "text": "trash"
                },
                "sentence": " The fire started behind EG Outdoor Products, while trash was being burned,",
                "object": {
                    "text": "being burned,"
                },
                "action": {
                    "verb": {
                        "text": "be",
                        "tense": "past"
                    },
                    "text": "was",
                    "normalized": "be"
                }
            },
            {
                "subject": {
                    "text": "trash"
                },
                "sentence": " The fire started behind EG Outdoor Products, while trash was being burned,",
                "object": {
                    "text": "burned,"
                },
                "action": {
                    "verb": {
                        "text": "be",
                        "tense": "past"
                    },
                    "text": "being",
                    "normalized": "be"
                }
            },
            {
                "subject": {
                    "text": "The flames"
                },
                "sentence": " The flames caught onto the shop, which primarily built outdoor furniture, and",
                "object": {
                    "text": "onto the shop, which primarily built outdoor furniture"
                },
                "action": {
                    "verb": {
                        "text": "catch",
                        "tense": "past"
                    },
                    "text": "caught",
                    "normalized": "catch"
                }
            },
            {
                "subject": {
                    "text": "the shop"
                },
                "sentence": " The flames caught onto the shop, which primarily built outdoor furniture, and",
                "object": {
                    "text": "outdoor furniture"
                },
                "action": {
                    "verb": {
                        "text": "build",
                        "tense": "past"
                    },
                    "text": "built",
                    "normalized": "build"
                }
            },
            {
                "subject": {
                    "text": "the neighboring barn"
                },
                "sentence": " then burned the neighboring barn, Boyer said.",
                "action": {
                    "verb": {
                        "text": "burn",
                        "tense": "past"
                    },
                    "text": "burned",
                    "normalized": "burn"
                }
            },
            {
                "subject": {
                    "text": "Boyer"
                },
                "sentence": " then burned the neighboring barn, Boyer said.",
                "action": {
                    "verb": {
                        "text": "say",
                        "tense": "past"
                    },
                    "text": "said",
                    "normalized": "say"
                }
            },
            {
                "subject": {
                    "text": "The loss"
                },
                "sentence": " The loss was estimated around $1.5 million, according to Boyer, who said the",
                "object": {
                    "text": "estimated around $1.5 million"
                },
                "action": {
                    "verb": {
                        "text": "be",
                        "tense": "past"
                    },
                    "text": "was",
                    "normalized": "be"
                }
            },
            {
                "subject": {
                    "text": "The loss"
                },
                "sentence": " The loss was estimated around $1.5 million, according to Boyer, who said the",
                "object": {
                    "text": "around $1.5 million"
                },
                "action": {
                    "verb": {
                        "text": "estimate",
                        "tense": "past"
                    },
                    "text": "was estimated",
                    "normalized": "be estimate"
                }
            },
            {
                "subject": {
                    "text": "The loss was estimated around $1.5 million"
                },
                "sentence": " The loss was estimated around $1.5 million, according to Boyer, who said the",
                "object": {
                    "text": "to Boyer"
                },
                "action": {
                    "verb": {
                        "text": "accord",
                        "tense": "present"
                    },
                    "text": "according",
                    "normalized": "accord"
                }
            },
            {
                "subject": {
                    "text": "shop"
                },
                "sentence": " shop had a couple CNC machines inside and a lot of material.",
                "object": {
                    "text": "a couple CNC machines"
                },
                "action": {
                    "verb": {
                        "text": "have",
                        "tense": "past"
                    },
                    "text": "had",
                    "normalized": "have"
                }
            },
            {
                "subject": {
                    "text": "Heavy smoke"
                },
                "sentence": " Heavy smoke was visible for miles, caused by the burning of polymer material,",
                "object": {
                    "text": "visible for miles, caused by the burning of polymer material,"
                },
                "action": {
                    "verb": {
                        "text": "be",
                        "tense": "past"
                    },
                    "text": "was",
                    "normalized": "be"
                }
            },
            {
                "subject": {
                    "text": "by the burning of polymer material,"
                },
                "sentence": " Heavy smoke was visible for miles, caused by the burning of polymer material,",
                "object": {
                    "text": "Heavy smoke"
                },
                "action": {
                    "verb": {
                        "text": "cause",
                        "tense": "past"
                    },
                    "text": "caused",
                    "normalized": "cause"
                }
            },
            {
                "subject": {
                    "text": "Firefighters"
                },
                "sentence": " Firefighters battling fire at 248 Monterey Road Upper Leacock Township.",
                "object": {
                    "text": "fire"
                },
                "action": {
                    "verb": {
                        "text": "battle",
                        "tense": "present"
                    },
                    "text": "battling",
                    "normalized": "battle"
                }
            },
            {
                "subject": {
                    "text": "No injuries"
                },
                "sentence": " No injuries were reported in the fire, but one firefighter was taken to the",
                "object": {
                    "text": "reported in the fire"
                },
                "action": {
                    "verb": {
                        "text": "be",
                        "tense": "past"
                    },
                    "text": "were",
                    "normalized": "be"
                }
            },
            {
                "subject": {
                    "text": "No injuries"
                },
                "sentence": " No injuries were reported in the fire, but one firefighter was taken to the",
                "action": {
                    "verb": {
                        "text": "report",
                        "tense": "past"
                    },
                    "text": "were reported",
                    "normalized": "be report"
                }
            },
            {
                "subject": {
                    "text": "Boyer"
                },
                "sentence": " hospital for smoke inhalation, Boyer said.",
                "object": {
                    "text": "hospital for smoke inhalation"
                },
                "action": {
                    "verb": {
                        "text": "say",
                        "tense": "past"
                    },
                    "text": "said",
                    "normalized": "say"
                }
            },
            {
                "subject": {
                    "text": "He"
                },
                "sentence": " He was released the same day.",
                "object": {
                    "text": "released the same day"
                },
                "action": {
                    "verb": {
                        "text": "be",
                        "tense": "past"
                    },
                    "text": "was",
                    "normalized": "be"
                }
            },
            {
                "subject": {
                    "text": "He"
                },
                "sentence": " He was released the same day.",
                "action": {
                    "verb": {
                        "text": "release",
                        "tense": "past"
                    },
                    "text": "was released",
                    "normalized": "be release"
                }
            },
            {
                "subject": {
                    "text": "_This post"
                },
                "sentence": " _This post will be updated._",
                "object": {
                    "text": "updated"
                },
                "action": {
                    "verb": {
                        "text": "be",
                        "tense": "future"
                    },
                    "text": "be",
                    "normalized": "be"
                }
            }
        ],
        "categories": [
            {
                "score": 0.777382,
                "label": "/law, govt and politics/law enforcement/fire department"
            },
            {
                "score": 0.532039,
                "label": "/health and fitness/men's health"
            }
        ],
        "relations": [
            {
                "type": "affectedBy",
                "sentence": "_**Editor's note:** This story was initially published on Wednesday, June 3, but has been updated with more information from the fire chief. _",
                "score": 0.469161,
                "arguments": [
                    {
                        "text": "chief",
                        "location": [
                            134,
                            139
                        ],
                        "entities": [
                            {
                                "type": "Person",
                                "text": "chief"
                            }
                        ]
                    },
                    {
                        "text": "fire",
                        "location": [
                            129,
                            133
                        ],
                        "entities": [
                            {
                                "type": "NaturalDisaster",
                                "text": "fire"
                            }
                        ]
                    }
                ]
            },
            {
                "type": "affectedBy",
                "sentence": "More than two dozen units responded to a massive commercial fire in Upper Leacock Township on Wednesday.",
                "score": 0.389829,
                "arguments": [
                    {
                        "text": "Upper\nLeacock Township",
                        "location": [
                            212,
                            234
                        ],
                        "entities": [
                            {
                                "type": "GeopoliticalEntity",
                                "text": "Upper\nLeacock Township"
                            }
                        ]
                    },
                    {
                        "text": "fire",
                        "location": [
                            204,
                            208
                        ],
                        "entities": [
                            {
                                "type": "NaturalDisaster",
                                "text": "fire"
                            }
                        ]
                    }
                ]
            },
            {
                "type": "timeOf",
                "sentence": "More than two dozen units responded to a massive commercial fire in Upper Leacock Township on Wednesday.",
                "score": 0.956889,
                "arguments": [
                    {
                        "text": "Wednesday",
                        "location": [
                            238,
                            247
                        ],
                        "entities": [
                            {
                                "type": "Date",
                                "text": "Wednesday"
                            }
                        ]
                    },
                    {
                        "text": "fire",
                        "location": [
                            204,
                            208
                        ],
                        "entities": [
                            {
                                "type": "NaturalDisaster",
                                "text": "fire"
                            }
                        ]
                    }
                ]
            },
            {
                "type": "affectedBy",
                "sentence": "The fire started behind EG Outdoor Products, while trash was being burned, according to Bird-In-Hand fire chief Don Boyer.",
                "score": 0.399643,
                "arguments": [
                    {
                        "text": "chief",
                        "location": [
                            435,
                            440
                        ],
                        "entities": [
                            {
                                "type": "Person",
                                "text": "Don Boyer"
                            }
                        ]
                    },
                    {
                        "text": "fire",
                        "location": [
                            430,
                            434
                        ],
                        "entities": [
                            {
                                "type": "NaturalDisaster",
                                "text": "fire"
                            }
                        ]
                    }
                ]
            },
            {
                "type": "agentOf",
                "sentence": "The flames caught onto the shop, which primarily built outdoor furniture, and then burned the neighboring barn, Boyer said.",
                "score": 0.99828,
                "arguments": [
                    {
                        "text": "Boyer",
                        "location": [
                            565,
                            570
                        ],
                        "entities": [
                            {
                                "type": "Person",
                                "text": "Don Boyer"
                            }
                        ]
                    },
                    {
                        "text": "said",
                        "location": [
                            571,
                            575
                        ],
                        "entities": [
                            {
                                "type": "EventCommunication",
                                "text": "said"
                            }
                        ]
                    }
                ]
            },
            {
                "type": "agentOf",
                "sentence": "The loss was estimated around $1.5 million, according to Boyer, who said the shop had a couple CNC machines inside and a lot of material.",
                "score": 0.977408,
                "arguments": [
                    {
                        "text": "who",
                        "location": [
                            642,
                            645
                        ],
                        "entities": [
                            {
                                "type": "Person",
                                "text": "Don Boyer"
                            }
                        ]
                    },
                    {
                        "text": "said",
                        "location": [
                            646,
                            650
                        ],
                        "entities": [
                            {
                                "type": "EventCommunication",
                                "text": "said"
                            }
                        ]
                    }
                ]
            },
            {
                "type": "agentOf",
                "sentence": "Heavy smoke was visible for miles, caused by the burning of polymer material, which is oil-based, Boyer said.",
                "score": 0.99828,
                "arguments": [
                    {
                        "text": "Boyer",
                        "location": [
                            815,
                            820
                        ],
                        "entities": [
                            {
                                "type": "Person",
                                "text": "Don Boyer"
                            }
                        ]
                    },
                    {
                        "text": "said",
                        "location": [
                            821,
                            825
                        ],
                        "entities": [
                            {
                                "type": "EventCommunication",
                                "text": "said"
                            }
                        ]
                    }
                ]
            },
            {
                "type": "locatedAt",
                "sentence": "Firefighters battling fire at 248 Monterey Road Upper Leacock Township.",
                "score": 0.604672,
                "arguments": [
                    {
                        "text": "Firefighters",
                        "location": [
                            853,
                            865
                        ],
                        "entities": [
                            {
                                "type": "Person",
                                "text": "Firefighters"
                            }
                        ]
                    },
                    {
                        "text": "Monterey Road Upper",
                        "location": [
                            887,
                            906
                        ],
                        "entities": [
                            {
                                "type": "Facility",
                                "text": "Monterey Road Upper"
                            }
                        ]
                    }
                ]
            },
            {
                "type": "locatedAt",
                "sentence": "Firefighters battling fire at 248 Monterey Road Upper Leacock Township.",
                "score": 0.592516,
                "arguments": [
                    {
                        "text": "Leacock Township",
                        "location": [
                            907,
                            923
                        ],
                        "entities": [
                            {
                                "type": "Person",
                                "text": "Leacock Township"
                            }
                        ]
                    },
                    {
                        "text": "Monterey Road Upper",
                        "location": [
                            887,
                            906
                        ],
                        "entities": [
                            {
                                "type": "Facility",
                                "text": "Monterey Road Upper"
                            }
                        ]
                    }
                ]
            },
            {
                "type": "locatedAt",
                "sentence": "No injuries were reported in the fire, but one firefighter was taken to the hospital for smoke inhalation, Boyer said.",
                "score": 0.851512,
                "arguments": [
                    {
                        "text": "firefighter",
                        "location": [
                            1121,
                            1132
                        ],
                        "entities": [
                            {
                                "type": "Person",
                                "text": "firefighter"
                            }
                        ]
                    },
                    {
                        "text": "hospital",
                        "location": [
                            1150,
                            1158
                        ],
                        "entities": [
                            {
                                "type": "Organization",
                                "text": "hospital",
                                "disambiguation": {
                                    "subtype": [
                                        "Commercial"
                                    ]
                                }
                            }
                        ]
                    }
                ]
            },
            {
                "type": "agentOf",
                "sentence": "No injuries were reported in the fire, but one firefighter was taken to the hospital for smoke inhalation, Boyer said.",
                "score": 0.997952,
                "arguments": [
                    {
                        "text": "Boyer",
                        "location": [
                            1181,
                            1186
                        ],
                        "entities": [
                            {
                                "type": "Person",
                                "text": "Don Boyer"
                            }
                        ]
                    },
                    {
                        "text": "said",
                        "location": [
                            1187,
                            1191
                        ],
                        "entities": [
                            {
                                "type": "EventCommunication",
                                "text": "said"
                            }
                        ]
                    }
                ]
            }
        ],
        "keywords": [
            {
                "text": "fire chief",
                "relevance": 0.744295,
                "count": 1
            },
            {
                "text": "Heavy smoke",
                "relevance": 0.634443,
                "count": 1
            },
            {
                "text": "massive commercial fire",
                "relevance": 0.622705,
                "count": 1
            },
            {
                "text": "dozen units",
                "relevance": 0.604204,
                "count": 1
            },
            {
                "text": "Editor's note",
                "relevance": 0.600631,
                "count": 1
            },
            {
                "text": "EG Outdoor Products",
                "relevance": 0.579948,
                "count": 1
            },
            {
                "text": "smoke inhalation",
                "relevance": 0.574188,
                "count": 1
            },
            {
                "text": "post",
                "relevance": 0.560816,
                "count": 1
            },
            {
                "text": "Hand fire chief Don Boyer",
                "relevance": 0.558774,
                "count": 1
            },
            {
                "text": "flames",
                "relevance": 0.554762,
                "count": 1
            },
            {
                "text": "Firefighters",
                "relevance": 0.551924,
                "count": 2
            },
            {
                "text": "injuries",
                "relevance": 0.549601,
                "count": 1
            },
            {
                "text": "Today's Top Stories",
                "relevance": 0.543669,
                "count": 1
            },
            {
                "text": "loss",
                "relevance": 0.540976,
                "count": 1
            },
            {
                "text": "shop",
                "relevance": 0.54055,
                "count": 2
            },
            {
                "text": "block of Monterey Road",
                "relevance": 0.53891,
                "count": 1
            },
            {
                "text": "couple CNC machines",
                "relevance": 0.537225,
                "count": 1
            },
            {
                "text": "Monterey Road Upper Leacock Township",
                "relevance": 0.531845,
                "count": 1
            },
            {
                "text": "fire",
                "relevance": 0.521774,
                "count": 3
            },
            {
                "text": "hospital",
                "relevance": 0.521744,
                "count": 1
            },
            {
                "text": "Bird",
                "relevance": 0.518947,
                "count": 1
            },
            {
                "text": "Blaine Shahan",
                "relevance": 0.518235,
                "count": 1
            },
            {
                "text": "Credito",
                "relevance": 0.517749,
                "count": 1
            },
            {
                "text": "firefighter",
                "relevance": 0.517364,
                "count": 1
            },
            {
                "text": "oil",
                "relevance": 0.514029,
                "count": 1
            },
            {
                "text": "miles",
                "relevance": 0.513279,
                "count": 1
            },
            {
                "text": "information",
                "relevance": 0.51163,
                "count": 1
            },
            {
                "text": "story",
                "relevance": 0.511264,
                "count": 1
            },
            {
                "text": "trash",
                "relevance": 0.510983,
                "count": 1
            },
            {
                "text": "Staff",
                "relevance": 0.506735,
                "count": 1
            },
            {
                "text": "day",
                "relevance": 0.506735,
                "count": 1
            },
            {
                "text": "June",
                "relevance": 0.506735,
                "count": 2
            },
            {
                "text": "Tweet",
                "relevance": 0.506735,
                "count": 1
            },
            {
                "text": "Boyer",
                "relevance": 0.504131,
                "count": 4
            },
            {
                "text": "neighboring barn",
                "relevance": 0.503413,
                "count": 1
            },
            {
                "text": "burning of polymer material",
                "relevance": 0.498314,
                "count": 1
            },
            {
                "text": "outdoor furniture",
                "relevance": 0.49276,
                "count": 1
            },
            {
                "text": "lot of material",
                "relevance": 0.487611,
                "count": 1
            },
            {
                "text": "LANCASTERONLINE",
                "relevance": 0.447184,
                "count": 1
            },
            {
                "text": "@LancasterOnline",
                "relevance": 0.447184,
                "count": 1
            },
            {
                "text": "Wednesday",
                "relevance": 0.445298,
                "count": 2
            },
            {
                "text": "vZvmoyihtq",
                "relevance": 0.444355,
                "count": 1
            }
        ]
    },
    "freqeuncy": "Daily",
    "extracted_metadata": {
        "sha1": "e945c865fa6e243bd765af458483fa1a28dd7d98",
        "filename": "202006050000PROQUESTNEWPAPER_2409862174.json",
        "file_type": "json"
    },
    "companyRecord": "",
    "publicationTime": "2020-06-05T00:00:00-04:00",
    "title": "Upper Leacock Twp. fire destroys business, causing estimated $1.5M in damages: fire chief",
    "html": "<p><i><b>Editor's note:</b> This story was initially published on <chron>Wednesday, June 3</chron>, but has been updated with more information from the fire chief. </i></p>\n<p>More than two dozen units responded to a massive commercial fire in Upper Leacock Township on Wednesday.</p>\n<p>Firefighters were dispatched at <chron>10:22 a.m.</chron> to the 200 block of <location>Monterey Road</location>.</p>\n<p>The fire started behind EG Outdoor Products, while trash was being burned, according to Bird-In-Hand fire chief <person>Don Boyer</person>.</p>\n<p>The flames caught onto the shop, which primarily built outdoor furniture, and then burned the neighboring barn, Boyer said.</p>\n<p>The loss was estimated around <money>$1.5 million</money>, according to Boyer, who said the shop had a couple CNC machines inside and a lot of material.</p>\n<p>Heavy smoke was visible for miles, caused by the burning of polymer material, which is oil-based, Boyer said.</p>\n<p>------------</p>\n<p><i>Tweet:</i></p>\n<p>Firefighters battling fire at 248 Monterey Road Upper Leacock Township. &#8294;@LancasterOnline&#8297; <a href=\"http://pic.twitter.com/vZvmoyihtq\">pic.twitter.com/vZvmoyihtq</a></p>\n<p>&#8212; <person>Blaine Shahan</person> (@BlaineShahanLNP) <chron>June 3, 2020</chron></p>\n<p>------------</p>\n<p>No injuries were reported in the fire, but one firefighter was taken to the hospital for smoke inhalation, Boyer said. He was released the same day.</p>\n<p><i>This post will be updated.</i></p>\n<p><b> Today's Top Stories </b></p>\n<p>Cr&#233;dito: LANCASTERONLINE | Staff</p>",
    "geoFocus": [
        [
            "GU/us.pa.lancas",
            "Lancaster"
        ]
    ]
}