{
    "id": "3d12917b-736c-42dd-9308-8ad641847acd",
    "result_metadata": {
        "score": 1
    },
    "copyright": "(c) 2020 Dion Global Solutions Limited",
    "geoOrigin": "New Delhi, India",
    "sourceType": "Business & Financial Newswire",
    "source": "Dion Global Solutions Limited",
    "corpus_document_id": "85865054417712606325",
    "description": "As of March 2020, 6.89% is owned by Indian Promoters and 93.11% by Public. Top four Promoters holding highest number of shares of Panafic Industrials company are Sarita Gupta, Rajeev Kumar Gupta, Saroj Gupta and Anil Gupta. Published by HT Digital Content Services with permission from Dion Global Solutions Limited.",
    "serviceName": "South Asian Newspapers and Newswires",
    "locationCode": [
        {
            "code": "LP/in#9#99#50",
            "description": "",
            "relevance_score": "9"
        }
    ],
    "sourceClass": "Business and Commerce",
    "subjectCode": [],
    "text": "India, June 4 \\-- As of March 2020, 6.89% is owned by Indian Promoters and\n93.11% by Public.\n\nTop four Promoters holding highest number of shares of Panafic Industrials\ncompany are Sarita Gupta (26.63 lakhs shares / 3.24%), Rajeev Kumar Gupta\n(15.00 lakhs shares / 1.83%), Saroj Gupta (10.00 lakhs shares / 1.22%) and\nAnil Gupta (5.00 lakhs shares / 0.61%). Published by HT Digital Content\nServices with permission from Dion Global Solutions Limited. For any query\nwith respect to this article or any other content requirement, please contact\nEditor at [contentservices@htlive.com](mailto:contentservices@htlive.com)",
    "industryCode": [],
    "naviga_enrichment": {
        "org": [
            "Panafic Industrials"
        ],
        "location": [
            "India"
        ],
        "person": [
            "Sarita Gupta",
            "Rajeev Kumar Gupta",
            "Saroj Gupta",
            "Anil Gupta"
        ],
        "companies": [
            "Panafic Industrials"
        ]
    },
    "geoOrigin_code": "RU/in..newdel",
    "language": "English",
    "filename": "202006042359HIND____NEWS__SA_N-43198621_810.135.XML",
    "providerName": "HT Media",
    "enriched_text": {
        "entities": [
            {
                "count": 2,
                "sentiment": {
                    "score": 0,
                    "label": "neutral"
                },
                "text": "Rajeev Kumar Gupta",
                "relevance": 0.914676,
                "type": "Person"
            },
            {
                "count": 2,
                "sentiment": {
                    "score": 0,
                    "label": "neutral"
                },
                "text": "Sarita Gupta",
                "relevance": 0.710922,
                "type": "Person"
            },
            {
                "count": 1,
                "sentiment": {
                    "score": 0,
                    "label": "neutral"
                },
                "text": "Anil Gupta",
                "relevance": 0.618579,
                "type": "Person",
                "disambiguation": {
                    "subtype": [
                        "FilmCinematographer",
                        "TVProducer"
                    ],
                    "name": "Anil Gupta",
                    "dbpedia_resource": "http://dbpedia.org/resource/Anil_Gupta"
                }
            },
            {
                "count": 1,
                "sentiment": {
                    "score": 0,
                    "label": "neutral"
                },
                "text": "Panafic Industrials",
                "relevance": 0.283135,
                "type": "Company"
            },
            {
                "count": 1,
                "sentiment": {
                    "score": 0,
                    "label": "neutral"
                },
                "text": "Dion Global Solutions",
                "relevance": 0.276081,
                "type": "Company"
            },
            {
                "count": 1,
                "sentiment": {
                    "score": 0,
                    "label": "neutral"
                },
                "text": "India",
                "relevance": 0.236268,
                "type": "Location",
                "disambiguation": {
                    "subtype": [
                        "HumanLanguage",
                        "Region",
                        "GovernmentalJurisdiction",
                        "FilmEditor",
                        "Country"
                    ],
                    "name": "India",
                    "dbpedia_resource": "http://dbpedia.org/resource/India"
                }
            },
            {
                "count": 1,
                "sentiment": {
                    "score": 0,
                    "label": "neutral"
                },
                "text": "Editor",
                "relevance": 0.20806,
                "type": "JobTitle"
            },
            {
                "count": 2,
                "sentiment": {
                    "score": 0,
                    "label": "neutral"
                },
                "text": "contentservices@htlive.com",
                "relevance": 0.20806,
                "type": "EmailAddress"
            },
            {
                "count": 1,
                "sentiment": {
                    "score": 0,
                    "label": "neutral"
                },
                "text": "93.11%",
                "relevance": 0.20806,
                "type": "Quantity"
            },
            {
                "count": 1,
                "sentiment": {
                    "score": 0,
                    "label": "neutral"
                },
                "text": "0.61%",
                "relevance": 0.20806,
                "type": "Quantity"
            },
            {
                "count": 1,
                "sentiment": {
                    "score": 0,
                    "label": "neutral"
                },
                "text": "1.22%",
                "relevance": 0.20806,
                "type": "Quantity"
            },
            {
                "count": 1,
                "sentiment": {
                    "score": 0,
                    "label": "neutral"
                },
                "text": "1.83%",
                "relevance": 0.20806,
                "type": "Quantity"
            },
            {
                "count": 1,
                "sentiment": {
                    "score": 0,
                    "label": "neutral"
                },
                "text": "3.24%",
                "relevance": 0.20806,
                "type": "Quantity"
            },
            {
                "count": 1,
                "sentiment": {
                    "score": 0,
                    "label": "neutral"
                },
                "text": "6.89%",
                "relevance": 0.20806,
                "type": "Quantity"
            }
        ],
        "semantic_roles": [
            {
                "subject": {
                    "text": "Top four Promoters"
                },
                "sentence": " Top four Promoters holding highest number of shares of Panafic Industrials",
                "object": {
                    "text": "highest number of shares of Panafic Industrials"
                },
                "action": {
                    "verb": {
                        "text": "hold",
                        "tense": "present"
                    },
                    "text": "holding",
                    "normalized": "hold"
                }
            },
            {
                "subject": {
                    "text": "company"
                },
                "sentence": " company are Sarita Gupta (26.63 lakhs shares / 3.24%), Rajeev Kumar Gupta",
                "object": {
                    "text": "Sarita Gupta (26.63 lakhs shares / 3.24%), Rajeev Kumar Gupta"
                },
                "action": {
                    "verb": {
                        "text": "be",
                        "tense": "present"
                    },
                    "text": "are",
                    "normalized": "be"
                }
            }
        ],
        "categories": [
            {
                "score": 0.641907,
                "label": "/business and industrial/company"
            },
            {
                "score": 0.601562,
                "label": "/religion and spirituality/hinduism"
            },
            {
                "score": 0.585221,
                "label": "/real estate/buying and selling homes"
            }
        ],
        "relations": [],
        "keywords": [
            {
                "text": "highest number of shares",
                "relevance": 0.732101,
                "count": 1
            },
            {
                "text": "lakhs shares",
                "relevance": 0.723866,
                "count": 4
            },
            {
                "text": "Sarita Gupta",
                "relevance": 0.683042,
                "count": 1
            },
            {
                "text": "Indian Promoters",
                "relevance": 0.639546,
                "count": 1
            },
            {
                "text": "India",
                "relevance": 0.599548,
                "count": 1
            },
            {
                "text": "Dion Global Solutions Limited",
                "relevance": 0.58866,
                "count": 1
            },
            {
                "text": "Rajeev Kumar Gupta",
                "relevance": 0.574506,
                "count": 1
            },
            {
                "text": "respect",
                "relevance": 0.566667,
                "count": 1
            },
            {
                "text": "June",
                "relevance": 0.557106,
                "count": 1
            },
            {
                "text": "permission",
                "relevance": 0.542701,
                "count": 1
            },
            {
                "text": "Saroj Gupta",
                "relevance": 0.540286,
                "count": 1
            },
            {
                "text": "article",
                "relevance": 0.538007,
                "count": 1
            },
            {
                "text": "March",
                "relevance": 0.536013,
                "count": 1
            },
            {
                "text": "Anil Gupta",
                "relevance": 0.529559,
                "count": 1
            },
            {
                "text": "Editor",
                "relevance": 0.52942,
                "count": 1
            },
            {
                "text": "Promoters",
                "relevance": 0.525322,
                "count": 1
            },
            {
                "text": "query",
                "relevance": 0.515916,
                "count": 1
            },
            {
                "text": "content requirement",
                "relevance": 0.513471,
                "count": 1
            },
            {
                "text": "mailto",
                "relevance": 0.380076,
                "count": 1
            },
            {
                "text": "Public",
                "relevance": 0.380076,
                "count": 1
            }
        ]
    },
    "freqeuncy": "Daily",
    "extracted_metadata": {
        "sha1": "462cb560361763adfda1558cac68f1b192575efe",
        "filename": "202006042359HIND____NEWS__SA_N-43198621_810.135.json",
        "file_type": "json"
    },
    "companyRecord": "Bombay|538860|ISIN:INE655P01029|Panafic Industrials Limited|extractor|DUNS:916593721;NECOID:8382989;ACORN:5011382989|SIGNIFICANT||||XBOM|REFERENCE",
    "publicationTime": "2020-06-04T23:59:00-04:00",
    "title": "Panafic Industrials has submitted to BSE the Shareholding Pattern for the Period Ended March 31, 2020 [Dion Global Solutions Limited]",
    "html": "<block>\n<p><location idsrc=\"xmltag.org\" value=\"LC/in\">India</location>, <chron>June 4</chron> -- As of <chron>March 2020</chron>, 6.89% is owned by Indian Promoters and 93.11% by Public.</p>\n<p>Top four Promoters holding highest number of shares of <org idsrc=\"xmltag.org\" value=\"Bombay:538860\">Panafic Industrials</org> company are <person>Sarita Gupta</person> (26.63 lakhs shares / 3.24%), <person>Rajeev Kumar Gupta</person> (15.00 lakhs shares / 1.83%), <person>Saroj Gupta</person> (10.00 lakhs shares / 1.22%) and <person>Anil Gupta</person> (5.00 lakhs shares / 0.61%). Published by HT Digital Content Services with permission from Dion Global Solutions Limited. For any query with respect to this article or any other content requirement, please contact Editor at <a href=\"mailto:contentservices@htlive.com\">contentservices@htlive.com</a></p>\n</block>",
    "geoFocus": [
        [
            "GC/in",
            "India"
        ],
        [
            "GR/glb",
            "Global"
        ]
    ]
}