{
    "id": "3d9b6d26-28f4-49d2-bb62-725cbb378a33",
    "result_metadata": {
        "score": 1
    },
    "copyright": "Copyright 2020 Indian National Press (Bombay) Pvt. Ltd., distributed by Contify.com",
    "geoOrigin": "Mumbai, India",
    "sourceType": "Newspaper",
    "source": "Free Press Journal (India)",
    "corpus_document_id": "37092140887778873945",
    "description": "A Mumbai police constable received plaudits on social media for rushing to the assistance of a 14- year-old girl who was about to undergo open heart surgery. According to police, the teen was scheduled for open heart surgery at Hinduja Hospital on Wednesday and required A+ blood.  \"I received a WhatsApp message about the teen who needed blood.",
    "serviceName": "Contify News",
    "locationCode": [
        {
            "parent": "LR/as",
            "relevance_score": "9",
            "description": "Southern Asia",
            "code": "LB/sas#9#49#90",
            "level": 1
        },
        {
            "parent": "LB/sas",
            "relevance_score": "9",
            "description": "India",
            "code": "LC/in#9#50#90",
            "level": 2
        },
        {
            "parent": null,
            "relevance_score": "9",
            "description": "Asia",
            "code": "LR/as#9#49#90",
            "level": 0
        },
        {
            "code": "LR/asp#9#49#90",
            "description": "",
            "relevance_score": "9"
        }
    ],
    "sourceClass": "General News",
    "subjectCode": [
        {
            "parent": null,
            "relevance_score": "6",
            "description": "Life and Society",
            "code": "IS/lifesoc#6#50#63",
            "level": 0
        },
        {
            "parent": "IS/lifesoc",
            "relevance_score": "6",
            "description": "Communications",
            "code": "IS/lifesoc.comm#6#50#63",
            "level": 1
        },
        {
            "parent": "IS/lifesoc.comm",
            "relevance_score": "6",
            "description": "Social Media",
            "code": "IS/lifesoc.socmedia#6#63#50",
            "level": 2
        }
    ],
    "text": "A Mumbai police constable received plaudits on social media for rushing to the\nassistance of a 14-year-old girl who was about to undergo open heart surgery.\nShe was in need of A+ blood, but because of the prevailing cyclonic conditions\non Wednesday, her relatives could not reach on time. At this point, Constable\nAkash Gaikwad, 27, rushed to the scene and donated blood.\n\nAccording to police, the teen was scheduled for open heart surgery at Hinduja\nHospital on Wednesday and required A+ blood. But the situation was ominous,\nsince Cyclone Nisarga was on its way.\n\n\"I received a WhatsApp message about the teen who needed blood. In this\npandemic, people are afraid of donating blood. Given Wednesday's cyclonic\nconditions as well as the lockdown, I wondered how many donors would actually\nbe able to make it there. So I decided to go and donate blood,\" says Gaikwad,\nsimply.\n\nGaikwad is attached to the Local Arms unit and on Wednesday, he was posted in\nthe Mazgaon area.\n\nSensing the urgency of the situation faced by the girl, Gaikwad took\npermission from his superiors and rushed to do the needful. He is a\nprofessional bodybuilder and a regular blood donor.\n\nAfter a video of Gaikwad donating blood went viral on social media, he\nreceived kudos from many, including Maharashtra Home Minister Anil Deshmukh.",
    "industryCode": [],
    "naviga_enrichment": {
        "org": [
            "<p>According to police, the teen was scheduled for open heart surgery at <org>Hinduja Hospital",
            "<p>\"I received a <org idsrc=\"xmltag.org\" value=\"ACORN:2768321335\">WhatsApp"
        ],
        "location": [
            "Mumbai"
        ],
        "person": [
            "Akash Gaikwad",
            "<p>After a video of Gaikwad donating blood went viral on social media, he received kudos from many, including Maharashtra Home Minister <person>Anil Deshmukh"
        ],
        "companies": [
            "<p>\"I received a <org idsrc=\"xmltag.org\" value=\"ACORN:2768321335\">WhatsApp",
            "<p>According to police, the teen was scheduled for open heart surgery at <org>Hinduja Hospital"
        ]
    },
    "geoOrigin_code": "RU/in..bombay",
    "language": "English",
    "filename": "202006042348CONTIFY_NEWS____0053455770.XML",
    "providerName": "Information Solutions",
    "enriched_text": {
        "entities": [
            {
                "count": 5,
                "sentiment": {
                    "score": 0,
                    "label": "neutral"
                },
                "text": "Akash Gaikwad",
                "relevance": 0.919143,
                "type": "Person"
            },
            {
                "count": 1,
                "sentiment": {
                    "score": 0,
                    "label": "neutral"
                },
                "text": "Cyclone Nisarga",
                "relevance": 0.465773,
                "type": "Person"
            },
            {
                "count": 1,
                "sentiment": {
                    "score": 0,
                    "label": "neutral"
                },
                "text": "Constable",
                "relevance": 0.463207,
                "type": "Person"
            },
            {
                "count": 1,
                "sentiment": {
                    "score": 0.362649,
                    "label": "positive"
                },
                "text": "Minister Anil Deshmukh",
                "relevance": 0.456914,
                "type": "Person",
                "disambiguation": {
                    "subtype": [],
                    "name": "Anil Deshmukh",
                    "dbpedia_resource": "http://dbpedia.org/resource/Anil_Deshmukh"
                }
            },
            {
                "count": 1,
                "sentiment": {
                    "score": 0,
                    "label": "neutral"
                },
                "text": "Mumbai",
                "relevance": 0.431875,
                "type": "Location",
                "disambiguation": {
                    "subtype": [
                        "AdministrativeDivision",
                        "IndianCity",
                        "MilitaryPost",
                        "City"
                    ],
                    "name": "Mumbai",
                    "dbpedia_resource": "http://dbpedia.org/resource/Mumbai"
                }
            },
            {
                "count": 1,
                "sentiment": {
                    "score": -0.741123,
                    "label": "negative"
                },
                "text": "pandemic",
                "relevance": 0.382923,
                "type": "HealthCondition"
            },
            {
                "count": 1,
                "sentiment": {
                    "score": 0.362649,
                    "label": "positive"
                },
                "text": "Maharashtra Home",
                "relevance": 0.374807,
                "type": "Organization"
            },
            {
                "count": 1,
                "sentiment": {
                    "score": 0,
                    "label": "neutral"
                },
                "text": "Local Arms unit",
                "relevance": 0.361167,
                "type": "Organization"
            },
            {
                "count": 1,
                "sentiment": {
                    "score": -0.454771,
                    "label": "negative"
                },
                "text": "Hinduja",
                "relevance": 0.347805,
                "type": "Location",
                "disambiguation": {
                    "subtype": [
                        "City"
                    ]
                }
            },
            {
                "count": 1,
                "sentiment": {
                    "score": 0,
                    "label": "neutral"
                },
                "text": "14-year",
                "relevance": 0.347805,
                "type": "Quantity"
            }
        ],
        "semantic_roles": [
            {
                "subject": {
                    "text": "A Mumbai police constable"
                },
                "sentence": "A Mumbai police constable received plaudits on social media for rushing to the",
                "object": {
                    "text": "plaudits"
                },
                "action": {
                    "verb": {
                        "text": "receive",
                        "tense": "past"
                    },
                    "text": "received",
                    "normalized": "receive"
                }
            },
            {
                "subject": {
                    "text": "social media"
                },
                "sentence": "A Mumbai police constable received plaudits on social media for rushing to the",
                "object": {
                    "text": "to the"
                },
                "action": {
                    "verb": {
                        "text": "rush",
                        "tense": "present"
                    },
                    "text": "rushing",
                    "normalized": "rush"
                }
            },
            {
                "subject": {
                    "text": "assistance"
                },
                "sentence": " assistance of a 14-year-old girl who was about to undergo open heart surgery.",
                "object": {
                    "text": "about to undergo open heart surgery"
                },
                "action": {
                    "verb": {
                        "text": "be",
                        "tense": "past"
                    },
                    "text": "was",
                    "normalized": "be"
                }
            },
            {
                "subject": {
                    "text": "assistance of a 14-year-old girl"
                },
                "sentence": " assistance of a 14-year-old girl who was about to undergo open heart surgery.",
                "object": {
                    "text": "open heart surgery"
                },
                "action": {
                    "verb": {
                        "text": "undergo",
                        "tense": "past"
                    },
                    "text": "to undergo",
                    "normalized": "to undergo"
                }
            },
            {
                "subject": {
                    "text": "She"
                },
                "sentence": " She was in need of A+ blood, but because of the prevailing cyclonic conditions",
                "object": {
                    "text": "in need of A+ blood"
                },
                "action": {
                    "verb": {
                        "text": "be",
                        "tense": "past"
                    },
                    "text": "was",
                    "normalized": "be"
                }
            },
            {
                "subject": {
                    "text": "her relatives"
                },
                "sentence": " on Wednesday, her relatives could not reach on time.",
                "action": {
                    "verb": {
                        "text": "reach",
                        "tense": "future",
                        "negated": true
                    },
                    "text": "reach",
                    "normalized": "reach"
                }
            },
            {
                "subject": {
                    "text": "Akash Gaikwad, 27,"
                },
                "sentence": " Akash Gaikwad, 27, rushed to the scene and donated blood.",
                "object": {
                    "text": "to the scene and donated blood"
                },
                "action": {
                    "verb": {
                        "text": "rush",
                        "tense": "past"
                    },
                    "text": "rushed",
                    "normalized": "rush"
                }
            },
            {
                "subject": {
                    "text": "Akash Gaikwad, 27,"
                },
                "sentence": " Akash Gaikwad, 27, rushed to the scene and donated blood.",
                "object": {
                    "text": "blood"
                },
                "action": {
                    "verb": {
                        "text": "donate",
                        "tense": "past"
                    },
                    "text": "donated",
                    "normalized": "donate"
                }
            },
            {
                "subject": {
                    "text": "the teen"
                },
                "sentence": " According to police, the teen was scheduled for open heart surgery at Hinduja",
                "object": {
                    "text": "scheduled for open heart surgery"
                },
                "action": {
                    "verb": {
                        "text": "be",
                        "tense": "past"
                    },
                    "text": "was",
                    "normalized": "be"
                }
            },
            {
                "subject": {
                    "text": "the situation"
                },
                "sentence": " But the situation was ominous,",
                "object": {
                    "text": "ominous,"
                },
                "action": {
                    "verb": {
                        "text": "be",
                        "tense": "past"
                    },
                    "text": "was",
                    "normalized": "be"
                }
            },
            {
                "subject": {
                    "text": "I"
                },
                "sentence": " \"I received a WhatsApp message about the teen who needed blood.",
                "object": {
                    "text": "a WhatsApp message about the teen who needed blood"
                },
                "action": {
                    "verb": {
                        "text": "receive",
                        "tense": "past"
                    },
                    "text": "received",
                    "normalized": "receive"
                }
            },
            {
                "subject": {
                    "text": "the teen"
                },
                "sentence": " \"I received a WhatsApp message about the teen who needed blood.",
                "object": {
                    "text": "blood"
                },
                "action": {
                    "verb": {
                        "text": "need",
                        "tense": "past"
                    },
                    "text": "needed",
                    "normalized": "need"
                }
            },
            {
                "subject": {
                    "text": "people"
                },
                "sentence": " pandemic, people are afraid of donating blood.",
                "object": {
                    "text": "afraid of donating blood"
                },
                "action": {
                    "verb": {
                        "text": "be",
                        "tense": "present"
                    },
                    "text": "are",
                    "normalized": "be"
                }
            },
            {
                "subject": {
                    "text": "people"
                },
                "sentence": " pandemic, people are afraid of donating blood.",
                "object": {
                    "text": "blood"
                },
                "action": {
                    "verb": {
                        "text": "donate",
                        "tense": "future"
                    },
                    "text": "donating",
                    "normalized": "donate"
                }
            },
            {
                "subject": {
                    "text": "I"
                },
                "sentence": " conditions as well as the lockdown, I wondered how many donors would actually",
                "object": {
                    "text": "how many donors would actually"
                },
                "action": {
                    "verb": {
                        "text": "wonder",
                        "tense": "past"
                    },
                    "text": "wondered",
                    "normalized": "wonder"
                }
            },
            {
                "subject": {
                    "text": "it"
                },
                "sentence": " be able to make it there.",
                "action": {
                    "verb": {
                        "text": "make",
                        "tense": "future"
                    },
                    "text": "to make",
                    "normalized": "to make"
                }
            },
            {
                "subject": {
                    "text": "I"
                },
                "sentence": " So I decided to go and donate blood,\" says Gaikwad,",
                "object": {
                    "text": "to go and donate blood"
                },
                "action": {
                    "verb": {
                        "text": "decide",
                        "tense": "past"
                    },
                    "text": "decided",
                    "normalized": "decide"
                }
            },
            {
                "subject": {
                    "text": "I"
                },
                "sentence": " So I decided to go and donate blood,\" says Gaikwad,",
                "object": {
                    "text": "donate blood"
                },
                "action": {
                    "verb": {
                        "text": "go",
                        "tense": "future"
                    },
                    "text": "go",
                    "normalized": "go"
                }
            },
            {
                "subject": {
                    "text": "I"
                },
                "sentence": " So I decided to go and donate blood,\" says Gaikwad,",
                "object": {
                    "text": "blood"
                },
                "action": {
                    "verb": {
                        "text": "donate",
                        "tense": "present"
                    },
                    "text": "decided to go and donate",
                    "normalized": "decide to go and donate"
                }
            },
            {
                "subject": {
                    "text": "Gaikwad,"
                },
                "sentence": " So I decided to go and donate blood,\" says Gaikwad,",
                "object": {
                    "text": "So I decided to go and donate blood"
                },
                "action": {
                    "verb": {
                        "text": "say",
                        "tense": "present"
                    },
                    "text": "says",
                    "normalized": "say"
                }
            },
            {
                "subject": {
                    "text": "Gaikwad"
                },
                "sentence": " Gaikwad is attached to the Local Arms unit and on Wednesday, he was posted in",
                "object": {
                    "text": "attached to the Local Arms unit"
                },
                "action": {
                    "verb": {
                        "text": "be",
                        "tense": "present"
                    },
                    "text": "is",
                    "normalized": "be"
                }
            },
            {
                "subject": {
                    "text": "he"
                },
                "sentence": " Gaikwad is attached to the Local Arms unit and on Wednesday, he was posted in",
                "object": {
                    "text": "posted in"
                },
                "action": {
                    "verb": {
                        "text": "be",
                        "tense": "past"
                    },
                    "text": "was",
                    "normalized": "be"
                }
            },
            {
                "subject": {
                    "text": "Gaikwad"
                },
                "sentence": " Sensing the urgency of the situation faced by the girl, Gaikwad took",
                "object": {
                    "text": "the urgency of the situation faced by the girl"
                },
                "action": {
                    "verb": {
                        "text": "Sensing",
                        "tense": "present"
                    },
                    "text": "Sensing",
                    "normalized": "Sensing"
                }
            },
            {
                "subject": {
                    "text": "by the girl"
                },
                "sentence": " Sensing the urgency of the situation faced by the girl, Gaikwad took",
                "object": {
                    "text": "the situation"
                },
                "action": {
                    "verb": {
                        "text": "face",
                        "tense": "past"
                    },
                    "text": "faced",
                    "normalized": "face"
                }
            },
            {
                "subject": {
                    "text": "Gaikwad"
                },
                "sentence": " After a video of Gaikwad donating blood went viral on social media, he",
                "object": {
                    "text": "blood went viral on social media"
                },
                "action": {
                    "verb": {
                        "text": "donate",
                        "tense": "present"
                    },
                    "text": "donating",
                    "normalized": "donate"
                }
            },
            {
                "subject": {
                    "text": "Maharashtra Home Minister Anil Deshmukh"
                },
                "sentence": " received kudos from many, including Maharashtra Home Minister Anil Deshmukh.",
                "object": {
                    "text": "many"
                },
                "action": {
                    "verb": {
                        "text": "include",
                        "tense": "present"
                    },
                    "text": "including",
                    "normalized": "include"
                }
            }
        ],
        "categories": [
            {
                "score": 0.948352,
                "label": "/sports/bodybuilding"
            }
        ],
        "relations": [
            {
                "type": "basedIn",
                "sentence": "A Mumbai police constable received plaudits on social media for rushing to the assistance of a 14-year-old girl who was about to undergo open heart surgery.",
                "score": 0.712189,
                "arguments": [
                    {
                        "text": "police",
                        "location": [
                            9,
                            15
                        ],
                        "entities": [
                            {
                                "type": "Organization",
                                "text": "police",
                                "disambiguation": {
                                    "subtype": [
                                        "Government"
                                    ]
                                }
                            }
                        ]
                    },
                    {
                        "text": "Mumbai",
                        "location": [
                            2,
                            8
                        ],
                        "entities": [
                            {
                                "type": "GeopoliticalEntity",
                                "text": "Mumbai"
                            }
                        ]
                    }
                ]
            },
            {
                "type": "residesIn",
                "sentence": "After a video of Gaikwad donating blood went viral on social media, he received kudos from many, including Maharashtra Home Minister Anil Deshmukh.",
                "score": 0.482755,
                "arguments": [
                    {
                        "text": "Minister",
                        "location": [
                            1288,
                            1296
                        ],
                        "entities": [
                            {
                                "type": "Person",
                                "text": "Anil Deshmukh"
                            }
                        ]
                    },
                    {
                        "text": "Maharashtra Home",
                        "location": [
                            1271,
                            1287
                        ],
                        "entities": [
                            {
                                "type": "GeopoliticalEntity",
                                "text": "Maharashtra Home"
                            }
                        ]
                    }
                ]
            },
            {
                "type": "residesIn",
                "sentence": "A Mumbai police constable received plaudits on social media for rushing to the assistance of a 14-year-old girl who was about to undergo open heart surgery.",
                "score": 0.426908,
                "arguments": [
                    {
                        "text": "constable",
                        "location": [
                            16,
                            25
                        ],
                        "entities": [
                            {
                                "type": "Person",
                                "text": "constable"
                            }
                        ]
                    },
                    {
                        "text": "Mumbai",
                        "location": [
                            2,
                            8
                        ],
                        "entities": [
                            {
                                "type": "GeopoliticalEntity",
                                "text": "Mumbai"
                            }
                        ]
                    }
                ]
            },
            {
                "type": "employedBy",
                "sentence": "A Mumbai police constable received plaudits on social media for rushing to the assistance of a 14-year-old girl who was about to undergo open heart surgery.",
                "score": 0.923314,
                "arguments": [
                    {
                        "text": "constable",
                        "location": [
                            16,
                            25
                        ],
                        "entities": [
                            {
                                "type": "Person",
                                "text": "constable"
                            }
                        ]
                    },
                    {
                        "text": "police",
                        "location": [
                            9,
                            15
                        ],
                        "entities": [
                            {
                                "type": "Organization",
                                "text": "police",
                                "disambiguation": {
                                    "subtype": [
                                        "Government"
                                    ]
                                }
                            }
                        ]
                    }
                ]
            },
            {
                "type": "hasAttribute",
                "sentence": "A Mumbai police constable received plaudits on social media for rushing to the assistance of a 14-year-old girl who was about to undergo open heart surgery.",
                "score": 0.951749,
                "arguments": [
                    {
                        "text": "girl",
                        "location": [
                            107,
                            111
                        ],
                        "entities": [
                            {
                                "type": "Person",
                                "text": "teen"
                            }
                        ]
                    },
                    {
                        "text": "14-year-old",
                        "location": [
                            95,
                            106
                        ],
                        "entities": [
                            {
                                "type": "Age",
                                "text": "14-year-old"
                            }
                        ]
                    }
                ]
            },
            {
                "type": "hasAttribute",
                "sentence": "At this point, Constable Akash Gaikwad, 27, rushed to the scene and donated blood.",
                "score": 0.992508,
                "arguments": [
                    {
                        "text": "Constable\nAkash Gaikwad",
                        "location": [
                            304,
                            327
                        ],
                        "entities": [
                            {
                                "type": "Person",
                                "text": "Constable\nAkash Gaikwad"
                            }
                        ]
                    },
                    {
                        "text": "27",
                        "location": [
                            329,
                            331
                        ],
                        "entities": [
                            {
                                "type": "Age",
                                "text": "27"
                            }
                        ]
                    }
                ]
            },
            {
                "type": "locatedAt",
                "sentence": "At this point, Constable Akash Gaikwad, 27, rushed to the scene and donated blood.",
                "score": 0.442022,
                "arguments": [
                    {
                        "text": "Constable\nAkash Gaikwad",
                        "location": [
                            304,
                            327
                        ],
                        "entities": [
                            {
                                "type": "Person",
                                "text": "Constable\nAkash Gaikwad"
                            }
                        ]
                    },
                    {
                        "text": "scene",
                        "location": [
                            347,
                            352
                        ],
                        "entities": [
                            {
                                "type": "Facility",
                                "text": "scene"
                            }
                        ]
                    }
                ]
            },
            {
                "type": "locatedAt",
                "sentence": "According to police, the teen was scheduled for open heart surgery at Hinduja Hospital on Wednesday and required A+ blood.",
                "score": 0.511081,
                "arguments": [
                    {
                        "text": "teen",
                        "location": [
                            398,
                            402
                        ],
                        "entities": [
                            {
                                "type": "Person",
                                "text": "teen"
                            }
                        ]
                    },
                    {
                        "text": "Hinduja\nHospital",
                        "location": [
                            443,
                            459
                        ],
                        "entities": [
                            {
                                "type": "Organization",
                                "text": "Hinduja\nHospital"
                            }
                        ]
                    }
                ]
            },
            {
                "type": "agentOf",
                "sentence": "So I decided to go and donate blood,\" says Gaikwad, simply.",
                "score": 0.93949,
                "arguments": [
                    {
                        "text": "Gaikwad",
                        "location": [
                            859,
                            866
                        ],
                        "entities": [
                            {
                                "type": "Person",
                                "text": "Constable\nAkash Gaikwad"
                            }
                        ]
                    },
                    {
                        "text": "says",
                        "location": [
                            854,
                            858
                        ],
                        "entities": [
                            {
                                "type": "EventCommunication",
                                "text": "says"
                            }
                        ]
                    }
                ]
            },
            {
                "type": "managerOf",
                "sentence": "Sensing the urgency of the situation faced by the girl, Gaikwad took permission from his superiors and rushed to do the needful.",
                "score": 0.378771,
                "arguments": [
                    {
                        "text": "his",
                        "location": [
                            1059,
                            1062
                        ],
                        "entities": [
                            {
                                "type": "Person",
                                "text": "his"
                            }
                        ]
                    },
                    {
                        "text": "superiors",
                        "location": [
                            1063,
                            1072
                        ],
                        "entities": [
                            {
                                "type": "Person",
                                "text": "superiors"
                            }
                        ]
                    }
                ]
            }
        ],
        "keywords": [
            {
                "text": "Mumbai police constable",
                "relevance": 0.805684,
                "count": 1
            },
            {
                "text": "assistance of a 14-year-old girl",
                "relevance": 0.671841,
                "count": 1
            },
            {
                "text": "prevailing cyclonic conditions",
                "relevance": 0.593258,
                "count": 1
            },
            {
                "text": "urgency of the situation",
                "relevance": 0.585469,
                "count": 1
            },
            {
                "text": "open heart surgery",
                "relevance": 0.583767,
                "count": 2
            },
            {
                "text": "WhatsApp message",
                "relevance": 0.580299,
                "count": 1
            },
            {
                "text": "social media",
                "relevance": 0.563759,
                "count": 2
            },
            {
                "text": "Local Arms unit",
                "relevance": 0.560972,
                "count": 1
            },
            {
                "text": "professional bodybuilder",
                "relevance": 0.552016,
                "count": 1
            },
            {
                "text": "video of Gaikwad",
                "relevance": 0.545431,
                "count": 1
            },
            {
                "text": "Maharashtra Home Minister Anil Deshmukh",
                "relevance": 0.542755,
                "count": 1
            },
            {
                "text": "blood",
                "relevance": 0.533428,
                "count": 7
            },
            {
                "text": "Cyclone Nisarga",
                "relevance": 0.525467,
                "count": 1
            },
            {
                "text": "situation",
                "relevance": 0.525145,
                "count": 1
            },
            {
                "text": "permission",
                "relevance": 0.521746,
                "count": 1
            },
            {
                "text": "teen",
                "relevance": 0.520253,
                "count": 2
            },
            {
                "text": "kudos",
                "relevance": 0.519565,
                "count": 1
            },
            {
                "text": "point",
                "relevance": 0.515735,
                "count": 1
            },
            {
                "text": "lockdown",
                "relevance": 0.514828,
                "count": 1
            },
            {
                "text": "people",
                "relevance": 0.513517,
                "count": 1
            },
            {
                "text": "relatives",
                "relevance": 0.511851,
                "count": 1
            },
            {
                "text": "superiors",
                "relevance": 0.51176,
                "count": 1
            },
            {
                "text": "plaudits",
                "relevance": 0.510074,
                "count": 1
            },
            {
                "text": "girl",
                "relevance": 0.50983,
                "count": 1
            },
            {
                "text": "scene",
                "relevance": 0.509486,
                "count": 1
            },
            {
                "text": "way",
                "relevance": 0.506481,
                "count": 1
            },
            {
                "text": "donors",
                "relevance": 0.506481,
                "count": 1
            },
            {
                "text": "Mazgaon area",
                "relevance": 0.496523,
                "count": 1
            },
            {
                "text": "Gaikwad",
                "relevance": 0.488028,
                "count": 3
            },
            {
                "text": "regular blood donor",
                "relevance": 0.478801,
                "count": 1
            },
            {
                "text": "need",
                "relevance": 0.459123,
                "count": 1
            },
            {
                "text": "Wednesday",
                "relevance": 0.457836,
                "count": 4
            },
            {
                "text": "time",
                "relevance": 0.435219,
                "count": 1
            }
        ]
    },
    "freqeuncy": "Daily",
    "extracted_metadata": {
        "sha1": "2a1b8d9939b41f7c17daa45505f6bce3ce0b6c06",
        "filename": "202006042348CONTIFY_NEWS____0053455770.json",
        "file_type": "json"
    },
    "companyRecord": "NASDAQ-NMS|FB|CUSIP:30303M102;ISIN:US30303M1027|Facebook Inc.|extractor|DUNS:196337864;NECOID:1300573027;ACORN:1289573027|MENTION||PARENT||XNAS|REFERENCE",
    "publicationTime": "2020-06-04T23:48:00-04:00",
    "title": "Cop gets 'A+' for rushing to donate blood to teen",
    "html": "<p>A <location idsrc=\"xmltag.org\" value=\"LU/in..bombay\">Mumbai</location> police constable received plaudits on social media for rushing to the assistance of a 14-year-old girl who was about to undergo open heart surgery. She was in need of A+ blood, but because of the prevailing cyclonic conditions on Wednesday, her relatives could not reach on time. At this point, Constable <person>Akash Gaikwad</person>, 27, rushed to the scene and donated blood.</p><p>According to police, the teen was scheduled for open heart surgery at <org>Hinduja Hospital</org> on Wednesday and required A+ blood. But the situation was ominous, since Cyclone Nisarga was on its way.</p><p>\"I received a <org idsrc=\"xmltag.org\" value=\"ACORN:2768321335\">WhatsApp</org> message about the teen who needed blood. In this pandemic, people are afraid of donating blood. Given Wednesday's cyclonic conditions as well as the lockdown, I wondered how many donors would actually be able to make it there. So I decided to go and donate blood,\" says Gaikwad, simply.</p><p>Gaikwad is attached to the Local Arms unit and on Wednesday, he was posted in the Mazgaon area.</p><p>Sensing the urgency of the situation faced by the girl, Gaikwad took permission from his superiors and rushed to do the needful. He is a professional bodybuilder and a regular blood donor.</p><p>After a video of Gaikwad donating blood went viral on social media, he received kudos from many, including Maharashtra Home Minister <person>Anil Deshmukh</person>.</p>",
    "geoFocus": [
        [
            "GC/in",
            "India"
        ],
        [
            "GR/glb",
            "Global"
        ]
    ]
}