{
    "id": "3f0473f4-0237-4907-a1f9-8318760fc518",
    "result_metadata": {
        "score": 1
    },
    "copyright": "(c) 2020 News Corp Australia. All rights reserved.",
    "geoOrigin": "Queensland, Australia",
    "sourceType": "Newspaper",
    "source": "Innisfail Advocate (Queensland, Australia)",
    "corpus_document_id": "83779585378779147134",
    "description": "IF you are on a bicycle, it is important to remember that you are still bound by the general road rules as well as additional road rules specific to cyclists. Cyclists can be issued traffic fines for riding through a red light, not wearing a helmet, or riding the wrong way along the street are among the most common traffic offences. Always use your common sense, obey the...",
    "serviceName": "Newspapers",
    "locationCode": [],
    "sourceClass": "General News",
    "subjectCode": [
        {
            "parent": null,
            "relevance_score": "9",
            "description": "Life and Society",
            "code": "IS/lifesoc#9#50#99",
            "level": 0
        },
        {
            "parent": "IS/lifesoc.trans",
            "relevance_score": "9",
            "description": "Land Transportation",
            "code": "IS/lifesoc.landtran#9#50#99",
            "level": 2
        },
        {
            "parent": "IS/lifesoc.landtran",
            "relevance_score": "9",
            "description": "Road Transport",
            "code": "IS/lifesoc.roadtran#9#99#50",
            "level": 3
        },
        {
            "parent": "IS/lifesoc",
            "relevance_score": "9",
            "description": "Traffic",
            "code": "IS/lifesoc.traffic#9#90#50",
            "level": 1
        }
    ],
    "text": "IF you are on a bicycle, it is important to remember that you are still bound\nby the general road rules as well as additional road rules specific to\ncyclists.\n\nCyclists can be issued traffic fines for riding through a red light, not\nwearing a helmet, or riding the wrong way along the street are among the most\ncommon traffic offences.\n\nAlways use your common sense, obey the road rules, and remember to regularly\ncheck your surroundings and the vehicles around you.\n\nSome of the penalties related specifically to cyclist include: \u2022 carrying more\npassengers than a bicycle is designed for; \u2022 failing to give way to\npedestrians on a footpath or shared path; and, \u2022 failing to display a light at\nnight or in hazardous weather conditions. Cyclists who break these road rules\nwill be given the same fines as motorists: \u2022 failing to stop at a red traffic\nlight; \u2022 disobeying a 'no U-turn' sign at an intersection; \u2022 failing to stop\nat a 'stop' sign at an intersection; and, \u2022 exceeding the speed limit in a\nspeed zone by less than 13km/h. As a motorist, it is important to remember\nthat bicycles are much smaller than cars and trucks, so they are harder to\nsee. Check your blind spots before changing lanes, turning, or when you open\nyour car door.\n\nIf it is safe, indicate and pass the cyclist at the minimum distance. If it is\nnot safe, slow down and wait until it is safe for you to pass. This should not\nhold you up for long and it could save the life of a cyclist.\n\nYou are allowed to cross centre lines, including double unbroken centre lines,\nto pass a cyclist as long as it is safe to do so. If it is not safe to pass a\ncyclist, you must wait until it is safe to pass.\n\nIt is legal for two cyclists to ride side-by-side on a road, as long as they\nare not more than 1.5m apart.\n\nIf a cyclist is ahead of you and you want to turn left, turn behind the\ncyclist. Overtaking and cutting off the cyclist is very dangerous. For more\ninformation on road rules specific to cyclists, please go to:\n<http://www.qld.gov.au/transport/safety/rules/nonpowered/bicycle/index.html>",
    "industryCode": [],
    "naviga_enrichment": {
        "org": [],
        "location": [],
        "person": [],
        "companies": []
    },
    "geoOrigin_code": "RU/au..qunsld",
    "language": "English",
    "filename": "202006051430NEWSCORPNEWS_____NEWSMMGLSTRY000429046280.XML",
    "providerName": "News Ltd.",
    "enriched_text": {
        "entities": [
            {
                "count": 1,
                "sentiment": {
                    "score": 0,
                    "label": "neutral"
                },
                "text": "13km/h",
                "relevance": 0.01,
                "type": "Quantity"
            },
            {
                "count": 1,
                "sentiment": {
                    "score": 0,
                    "label": "neutral"
                },
                "text": "1.5m",
                "relevance": 0.01,
                "type": "Quantity"
            }
        ],
        "semantic_roles": [
            {
                "subject": {
                    "text": "you"
                },
                "sentence": "IF you are on a bicycle, it is important to remember that you are still bound",
                "object": {
                    "text": "still bound"
                },
                "action": {
                    "verb": {
                        "text": "be",
                        "tense": "present"
                    },
                    "text": "are",
                    "normalized": "be"
                }
            },
            {
                "subject": {
                    "text": "you"
                },
                "sentence": "IF you are on a bicycle, it is important to remember that you are still bound",
                "action": {
                    "verb": {
                        "text": "bind",
                        "tense": "past"
                    },
                    "text": "bound",
                    "normalized": "bind"
                }
            },
            {
                "subject": {
                    "text": "Cyclists"
                },
                "sentence": " Cyclists can be issued traffic fines for riding through a red light, not",
                "object": {
                    "text": "traffic fines"
                },
                "action": {
                    "verb": {
                        "text": "issue",
                        "tense": "future"
                    },
                    "text": "can be issued",
                    "normalized": "can be issue"
                }
            },
            {
                "subject": {
                    "text": "the wrong way"
                },
                "sentence": " wearing a helmet, or riding the wrong way along the street are among the most",
                "action": {
                    "verb": {
                        "text": "ride",
                        "tense": "present"
                    },
                    "text": "riding",
                    "normalized": "ride"
                }
            },
            {
                "subject": {
                    "text": "the wrong way along the street"
                },
                "sentence": " wearing a helmet, or riding the wrong way along the street are among the most",
                "object": {
                    "text": "among the most"
                },
                "action": {
                    "verb": {
                        "text": "be",
                        "tense": "present"
                    },
                    "text": "are",
                    "normalized": "be"
                }
            },
            {
                "subject": {
                    "text": "your common sense"
                },
                "sentence": " Always use your common sense, obey the road rules, and remember to regularly",
                "object": {
                    "text": "obey the road rules, and remember to regularly"
                },
                "action": {
                    "verb": {
                        "text": "use",
                        "tense": "present"
                    },
                    "text": "use",
                    "normalized": "use"
                }
            },
            {
                "subject": {
                    "text": "\u2022"
                },
                "sentence": " Some of the penalties related specifically to cyclist include: \u2022 carrying more",
                "object": {
                    "text": "more"
                },
                "action": {
                    "verb": {
                        "text": "carry",
                        "tense": "present"
                    },
                    "text": "carrying",
                    "normalized": "carry"
                }
            },
            {
                "subject": {
                    "text": "\u2022"
                },
                "sentence": " passengers than a bicycle is designed for; \u2022 failing to give way to",
                "object": {
                    "text": "to give way to"
                },
                "action": {
                    "verb": {
                        "text": "fail",
                        "tense": "present"
                    },
                    "text": "failing",
                    "normalized": "fail"
                }
            },
            {
                "subject": {
                    "text": "\u2022"
                },
                "sentence": " passengers than a bicycle is designed for; \u2022 failing to give way to",
                "object": {
                    "text": "way"
                },
                "action": {
                    "verb": {
                        "text": "give",
                        "tense": "future"
                    },
                    "text": "failing to give",
                    "normalized": "fail to give"
                }
            },
            {
                "subject": {
                    "text": "\u2022"
                },
                "sentence": " pedestrians on a footpath or shared path; and, \u2022 failing to display a light at",
                "object": {
                    "text": "a light"
                },
                "action": {
                    "verb": {
                        "text": "display",
                        "tense": "future"
                    },
                    "text": "failing to display",
                    "normalized": "fail to display"
                }
            },
            {
                "subject": {
                    "text": "Cyclists"
                },
                "sentence": " Cyclists who break these road rules",
                "object": {
                    "text": "these road rules"
                },
                "action": {
                    "verb": {
                        "text": "break",
                        "tense": "present"
                    },
                    "text": "break",
                    "normalized": "break"
                }
            },
            {
                "subject": {
                    "text": "the same fines"
                },
                "sentence": " will be given the same fines as motorists: \u2022 failing to stop at a red traffic",
                "object": {
                    "text": "as motorists"
                },
                "action": {
                    "verb": {
                        "text": "give",
                        "tense": "future"
                    },
                    "text": "will be given",
                    "normalized": "will be give"
                }
            },
            {
                "subject": {
                    "text": "\u2022"
                },
                "sentence": " will be given the same fines as motorists: \u2022 failing to stop at a red traffic",
                "object": {
                    "text": "to stop at a red traffic"
                },
                "action": {
                    "verb": {
                        "text": "fail",
                        "tense": "present"
                    },
                    "text": "failing",
                    "normalized": "fail"
                }
            },
            {
                "subject": {
                    "text": "\u2022"
                },
                "sentence": " will be given the same fines as motorists: \u2022 failing to stop at a red traffic",
                "object": {
                    "text": "at a red traffic"
                },
                "action": {
                    "verb": {
                        "text": "stop",
                        "tense": "future"
                    },
                    "text": "failing to stop",
                    "normalized": "fail to stop"
                }
            },
            {
                "subject": {
                    "text": "\u2022"
                },
                "sentence": " light; \u2022 disobeying a 'no U-turn' sign at an intersection; \u2022 failing to stop",
                "object": {
                    "text": "a 'no U-turn' sign"
                },
                "action": {
                    "verb": {
                        "text": "disobey",
                        "tense": "present"
                    },
                    "text": "disobeying",
                    "normalized": "disobey"
                }
            },
            {
                "subject": {
                    "text": "\u2022"
                },
                "sentence": " light; \u2022 disobeying a 'no U-turn' sign at an intersection; \u2022 failing to stop",
                "object": {
                    "text": "to stop"
                },
                "action": {
                    "verb": {
                        "text": "fail",
                        "tense": "present"
                    },
                    "text": "failing",
                    "normalized": "fail"
                }
            },
            {
                "subject": {
                    "text": "\u2022"
                },
                "sentence": " at a 'stop' sign at an intersection; and, \u2022 exceeding the speed limit in a",
                "object": {
                    "text": "the speed limit"
                },
                "action": {
                    "verb": {
                        "text": "exceed",
                        "tense": "present"
                    },
                    "text": "exceeding",
                    "normalized": "exceed"
                }
            },
            {
                "subject": {
                    "text": "they"
                },
                "sentence": " that bicycles are much smaller than cars and trucks, so they are harder to",
                "object": {
                    "text": "harder"
                },
                "action": {
                    "verb": {
                        "text": "be",
                        "tense": "present"
                    },
                    "text": "are",
                    "normalized": "be"
                }
            },
            {
                "subject": {
                    "text": "it"
                },
                "sentence": " If it is safe, indicate and pass the cyclist at the minimum distance.",
                "object": {
                    "text": "safe"
                },
                "action": {
                    "verb": {
                        "text": "be",
                        "tense": "present"
                    },
                    "text": "is",
                    "normalized": "be"
                }
            },
            {
                "subject": {
                    "text": "you"
                },
                "sentence": " hold you up for long and it could save the life of a cyclist.",
                "object": {
                    "text": "up"
                },
                "action": {
                    "verb": {
                        "text": "hold",
                        "tense": "present"
                    },
                    "text": "hold",
                    "normalized": "hold"
                }
            },
            {
                "subject": {
                    "text": "it"
                },
                "sentence": " hold you up for long and it could save the life of a cyclist.",
                "object": {
                    "text": "the life of a cyclist"
                },
                "action": {
                    "verb": {
                        "text": "save",
                        "tense": "future"
                    },
                    "text": "could save",
                    "normalized": "could save"
                }
            },
            {
                "subject": {
                    "text": "You"
                },
                "sentence": " You are allowed to cross centre lines, including double unbroken centre lines,",
                "object": {
                    "text": "centre lines"
                },
                "action": {
                    "verb": {
                        "text": "cross",
                        "tense": "future"
                    },
                    "text": "are allowed to cross",
                    "normalized": "be allow to cross"
                }
            },
            {
                "subject": {
                    "text": "double unbroken centre lines"
                },
                "sentence": " You are allowed to cross centre lines, including double unbroken centre lines,",
                "object": {
                    "text": "centre lines"
                },
                "action": {
                    "verb": {
                        "text": "include",
                        "tense": "present"
                    },
                    "text": "including",
                    "normalized": "include"
                }
            },
            {
                "subject": {
                    "text": "it"
                },
                "sentence": " to pass a cyclist as long as it is safe to do so.",
                "object": {
                    "text": "safe"
                },
                "action": {
                    "verb": {
                        "text": "be",
                        "tense": "present"
                    },
                    "text": "is",
                    "normalized": "be"
                }
            },
            {
                "subject": {
                    "text": "it"
                },
                "sentence": " If it is not safe to pass a",
                "object": {
                    "text": "not safe"
                },
                "action": {
                    "verb": {
                        "text": "be",
                        "tense": "present"
                    },
                    "text": "is",
                    "normalized": "be"
                }
            },
            {
                "subject": {
                    "text": "you"
                },
                "sentence": " cyclist, you must wait until it is safe to pass.",
                "action": {
                    "verb": {
                        "text": "wait",
                        "tense": "future"
                    },
                    "text": "must wait",
                    "normalized": "must wait"
                }
            },
            {
                "subject": {
                    "text": "it"
                },
                "sentence": " cyclist, you must wait until it is safe to pass.",
                "object": {
                    "text": "safe"
                },
                "action": {
                    "verb": {
                        "text": "be",
                        "tense": "future"
                    },
                    "text": "is",
                    "normalized": "be"
                }
            },
            {
                "subject": {
                    "text": "It"
                },
                "sentence": " It is legal for two cyclists to ride side-by-side on a road, as long as they",
                "object": {
                    "text": "legal for two cyclists"
                },
                "action": {
                    "verb": {
                        "text": "be",
                        "tense": "present"
                    },
                    "text": "is",
                    "normalized": "be"
                }
            },
            {
                "subject": {
                    "text": "a cyclist"
                },
                "sentence": " If a cyclist is ahead of you and you want to turn left, turn behind the",
                "object": {
                    "text": "ahead of you"
                },
                "action": {
                    "verb": {
                        "text": "be",
                        "tense": "present"
                    },
                    "text": "is",
                    "normalized": "be"
                }
            },
            {
                "subject": {
                    "text": "you"
                },
                "sentence": " If a cyclist is ahead of you and you want to turn left, turn behind the",
                "object": {
                    "text": "to turn left"
                },
                "action": {
                    "verb": {
                        "text": "want",
                        "tense": "present"
                    },
                    "text": "want",
                    "normalized": "want"
                }
            },
            {
                "subject": {
                    "text": "cyclist. Overtaking and cutting off the cyclist"
                },
                "sentence": " cyclist. Overtaking and cutting off the cyclist is very dangerous.",
                "object": {
                    "text": "very dangerous"
                },
                "action": {
                    "verb": {
                        "text": "be",
                        "tense": "present"
                    },
                    "text": "is",
                    "normalized": "be"
                }
            },
            {
                "subject": {
                    "text": "road rules"
                },
                "sentence": " information on road rules specific to cyclists, please go to:",
                "object": {
                    "text": "to cyclists"
                },
                "action": {
                    "verb": {
                        "text": "specific",
                        "tense": "present"
                    },
                    "text": "specific",
                    "normalized": "specific"
                }
            }
        ],
        "categories": [
            {
                "score": 0.993399,
                "label": "/automotive and vehicles/bicycles and accessories"
            },
            {
                "score": 0.824231,
                "label": "/sports/bicycling"
            }
        ],
        "relations": [
            {
                "type": "locatedAt",
                "sentence": "IF you are on a bicycle, it is important to remember that you are still bound by the general road rules as well as additional road rules specific to cyclists.",
                "score": 0.730849,
                "arguments": [
                    {
                        "text": "you",
                        "location": [
                            3,
                            6
                        ],
                        "entities": [
                            {
                                "type": "Person",
                                "text": "your"
                            }
                        ]
                    },
                    {
                        "text": "bicycle",
                        "location": [
                            16,
                            23
                        ],
                        "entities": [
                            {
                                "type": "Vehicle",
                                "text": "bicycle"
                            }
                        ]
                    }
                ]
            },
            {
                "type": "locatedAt",
                "sentence": "Always use your common sense, obey the road rules, and remember to regularly check your surroundings and the vehicles around you.",
                "score": 0.605482,
                "arguments": [
                    {
                        "text": "your",
                        "location": [
                            420,
                            424
                        ],
                        "entities": [
                            {
                                "type": "Person",
                                "text": "your"
                            }
                        ]
                    },
                    {
                        "text": "vehicles",
                        "location": [
                            446,
                            454
                        ],
                        "entities": [
                            {
                                "type": "Vehicle",
                                "text": "vehicles"
                            }
                        ]
                    }
                ]
            },
            {
                "type": "locatedAt",
                "sentence": "Always use your common sense, obey the road rules, and remember to regularly check your surroundings and the vehicles around you.",
                "score": 0.575961,
                "arguments": [
                    {
                        "text": "you",
                        "location": [
                            462,
                            465
                        ],
                        "entities": [
                            {
                                "type": "Person",
                                "text": "your"
                            }
                        ]
                    },
                    {
                        "text": "vehicles",
                        "location": [
                            446,
                            454
                        ],
                        "entities": [
                            {
                                "type": "Vehicle",
                                "text": "vehicles"
                            }
                        ]
                    }
                ]
            },
            {
                "type": "locatedAt",
                "sentence": "Some of the penalties related specifically to cyclist include: \u00b7 carrying more passengers than a bicycle is designed for; \u00b7 failing to give way to pedestrians on a footpath or shared path; and, \u00b7 failing to display a light at night or in hazardous weather conditions.",
                "score": 0.682328,
                "arguments": [
                    {
                        "text": "passengers",
                        "location": [
                            547,
                            557
                        ],
                        "entities": [
                            {
                                "type": "Person",
                                "text": "passengers"
                            }
                        ]
                    },
                    {
                        "text": "bicycle",
                        "location": [
                            565,
                            572
                        ],
                        "entities": [
                            {
                                "type": "Vehicle",
                                "text": "bicycle"
                            }
                        ]
                    }
                ]
            },
            {
                "type": "affectedBy",
                "sentence": "Cyclists who break these road rules will be given the same fines as motorists: \u00b7 failing to stop at a red traffic light; \u00b7 disobeying a 'no U-turn' sign at an intersection; \u00b7 failing to stop at a 'stop' sign at an intersection; and, \u00b7 exceeding the speed limit in a speed zone by less than 13km/h.",
                "score": 0.500708,
                "arguments": [
                    {
                        "text": "motorists",
                        "location": [
                            804,
                            813
                        ],
                        "entities": [
                            {
                                "type": "Person",
                                "text": "motorists"
                            }
                        ]
                    },
                    {
                        "text": "fines",
                        "location": [
                            795,
                            800
                        ],
                        "entities": [
                            {
                                "type": "EventLegal",
                                "text": "fines"
                            }
                        ]
                    }
                ]
            },
            {
                "type": "ownerOf",
                "sentence": "Check your blind spots before changing lanes, turning, or when you open your car door.",
                "score": 0.53767,
                "arguments": [
                    {
                        "text": "your",
                        "location": [
                            1229,
                            1233
                        ],
                        "entities": [
                            {
                                "type": "Person",
                                "text": "your"
                            }
                        ]
                    },
                    {
                        "text": "car",
                        "location": [
                            1234,
                            1237
                        ],
                        "entities": [
                            {
                                "type": "Vehicle",
                                "text": "vehicles"
                            }
                        ]
                    }
                ]
            },
            {
                "type": "affectedBy",
                "sentence": "You are allowed to cross centre lines, including double unbroken centre lines, to pass a cyclist as long as it is safe to do so.",
                "score": 0.479565,
                "arguments": [
                    {
                        "text": "cyclist",
                        "location": [
                            1555,
                            1562
                        ],
                        "entities": [
                            {
                                "type": "Person",
                                "text": "cyclists"
                            }
                        ]
                    },
                    {
                        "text": "pass",
                        "location": [
                            1548,
                            1552
                        ],
                        "entities": [
                            {
                                "type": "EventLegislation",
                                "text": "pass"
                            }
                        ]
                    }
                ]
            }
        ],
        "keywords": [
            {
                "text": "red light",
                "relevance": 0.617764,
                "count": 1
            },
            {
                "text": "general road rules",
                "relevance": 0.612868,
                "count": 1
            },
            {
                "text": "U-turn' sign",
                "relevance": 0.608172,
                "count": 1
            },
            {
                "text": "speed limit",
                "relevance": 0.603929,
                "count": 1
            },
            {
                "text": "cyclists",
                "relevance": 0.58604,
                "count": 5
            },
            {
                "text": "traffic fines",
                "relevance": 0.582266,
                "count": 1
            },
            {
                "text": "stop' sign",
                "relevance": 0.572158,
                "count": 1
            },
            {
                "text": "common sense",
                "relevance": 0.565771,
                "count": 1
            },
            {
                "text": "cross centre lines",
                "relevance": 0.564203,
                "count": 1
            },
            {
                "text": "common traffic offences",
                "relevance": 0.55396,
                "count": 1
            },
            {
                "text": "passengers",
                "relevance": 0.552289,
                "count": 1
            },
            {
                "text": "blind spots",
                "relevance": 0.545435,
                "count": 1
            },
            {
                "text": "bicycle",
                "relevance": 0.541095,
                "count": 2
            },
            {
                "text": "additional road rules",
                "relevance": 0.540854,
                "count": 1
            },
            {
                "text": "life of a cyclist",
                "relevance": 0.540282,
                "count": 1
            },
            {
                "text": "minimum distance",
                "relevance": 0.537355,
                "count": 1
            },
            {
                "text": "double unbroken centre lines",
                "relevance": 0.533605,
                "count": 1
            },
            {
                "text": "pedestrians",
                "relevance": 0.529896,
                "count": 1
            },
            {
                "text": "cyclist",
                "relevance": 0.528936,
                "count": 7
            },
            {
                "text": "speed zone",
                "relevance": 0.52846,
                "count": 1
            },
            {
                "text": "penalties",
                "relevance": 0.524465,
                "count": 1
            },
            {
                "text": "footpath",
                "relevance": 0.517103,
                "count": 1
            },
            {
                "text": "intersection",
                "relevance": 0.516598,
                "count": 2
            },
            {
                "text": "night",
                "relevance": 0.516107,
                "count": 1
            },
            {
                "text": "light",
                "relevance": 0.515727,
                "count": 1
            },
            {
                "text": "motorists",
                "relevance": 0.515191,
                "count": 1
            },
            {
                "text": "bicycles",
                "relevance": 0.513726,
                "count": 1
            },
            {
                "text": "hazardous weather conditions",
                "relevance": 0.513105,
                "count": 1
            },
            {
                "text": "information",
                "relevance": 0.512657,
                "count": 1
            },
            {
                "text": "cars",
                "relevance": 0.511457,
                "count": 1
            },
            {
                "text": "path",
                "relevance": 0.511182,
                "count": 1
            },
            {
                "text": "fines",
                "relevance": 0.509912,
                "count": 1
            },
            {
                "text": "helmet",
                "relevance": 0.509881,
                "count": 1
            },
            {
                "text": "side",
                "relevance": 0.508241,
                "count": 2
            },
            {
                "text": "motorist",
                "relevance": 0.507597,
                "count": 1
            },
            {
                "text": "lanes",
                "relevance": 0.507001,
                "count": 1
            },
            {
                "text": "surroundings",
                "relevance": 0.506786,
                "count": 1
            },
            {
                "text": "trucks",
                "relevance": 0.505774,
                "count": 1
            },
            {
                "text": "road rules",
                "relevance": 0.505106,
                "count": 3
            },
            {
                "text": "vehicles",
                "relevance": 0.504762,
                "count": 1
            },
            {
                "text": "street",
                "relevance": 0.504762,
                "count": 1
            },
            {
                "text": "road",
                "relevance": 0.504665,
                "count": 1
            },
            {
                "text": "way",
                "relevance": 0.502887,
                "count": 1
            },
            {
                "text": "wrong way",
                "relevance": 0.497878,
                "count": 1
            },
            {
                "text": "car door",
                "relevance": 0.492075,
                "count": 1
            },
            {
                "text": "Overtaking",
                "relevance": 0.47419,
                "count": 1
            },
            {
                "text": "turn",
                "relevance": 0.463806,
                "count": 1
            },
            {
                "text": "turning",
                "relevance": 0.460679,
                "count": 1
            },
            {
                "text": "13km",
                "relevance": 0.460679,
                "count": 1
            },
            {
                "text": "1.5m",
                "relevance": 0.459673,
                "count": 1
            }
        ]
    },
    "freqeuncy": "Twice a week",
    "extracted_metadata": {
        "sha1": "ad91175785d4f8488fb8d327f777bcd7e3559afc",
        "filename": "202006051430NEWSCORPNEWS_____NEWSMMGLSTRY000429046280.json",
        "file_type": "json"
    },
    "companyRecord": "",
    "publicationTime": "2020-06-05T14:30:00-04:00",
    "title": "DO ROAD RULES APPLY TO CYCLISTS?",
    "html": "<p>IF you are on a bicycle, it is important to remember that you are still bound by the general road rules as well as additional road rules specific to cyclists.</p>\n\n<p>Cyclists can be issued traffic fines for riding through a red light, not wearing a helmet, or riding the wrong way along the street are among the most common traffic offences.</p>\n\n<p>Always use your common sense, obey the road rules, and remember to regularly check your surroundings and the vehicles around you.</p>\n\n<p>Some of the penalties related specifically to cyclist include:   &#8226; carrying more passengers than a bicycle is designed for;   &#8226; failing to give way to pedestrians on a footpath or shared path; and,   &#8226; failing to display a light at night or in hazardous weather conditions.   Cyclists who break these road rules will be given the same fines as motorists:   &#8226; failing to stop at a red traffic light;   &#8226; disobeying a &#8216;no U-turn&#8217; sign at an intersection;   &#8226; failing to stop at a &#8216;stop&#8217; sign at an intersection; and,   &#8226; exceeding the speed limit in a speed zone by less than 13km/h.   As a motorist, it is important to remember that bicycles are much smaller than cars and trucks, so they are harder to see. Check your blind spots before changing lanes, turning, or when you open your car door.</p>\n\n<p>If it is safe, indicate and pass the cyclist at the minimum distance.   If it is not safe, slow down and wait until it is safe for you to pass. This should not hold you up for long and it could save the life of a cyclist.</p>\n\n<p>You are allowed to cross centre lines, including double unbroken centre lines, to pass a cyclist as long as it is safe to do so. If it is not safe to pass a cyclist, you must wait until it is safe to pass.</p>\n\n<p>It is legal for two cyclists to ride side-by-side on a road, as long as they are not more than 1.5m apart.</p>\n\n<p>If a cyclist is ahead of you and you want to turn left, turn behind the cyclist. Overtaking and cutting off the cyclist is very dangerous.  For more information on road rules specific to cyclists, please go to: <a href=\"http://www.qld.gov.au/transport/safety/rules/nonpowered/bicycle/index.html\">http://www.qld.gov.au/transport/safety/rules/nonpowered/bicycle/index.html</a></p>",
    "geoFocus": [
        [
            "GU/au..qunsld",
            "Queensland"
        ]
    ]
}