{
    "id": "41d64fa7-ccd3-4864-a127-c65d7d713ea0",
    "result_metadata": {
        "score": 1
    },
    "copyright": "\u00a9 Copyright (c) 2020,  The Saratogian. All rights reserved",
    "geoOrigin": "Saratoga Springs, New York",
    "sourceType": "Newspaper",
    "source": "Saratogian, The (Saratoga Springs, NY)",
    "corpus_document_id": "31926996896086160032",
    "description": "This week, Mazda wanted a piece of the review pie and delivered its economical Mazda3. This four-door sedan blew me away, starting with a base price of only $21,500. Our Mazda3 AWD Premium sported a bunch of standard package features: Bose 12- speaker premium sound, heated front seats, SiriusXM radio, 18- inch wheels, leather seats and a power moon roof.",
    "serviceName": "Newspapers",
    "locationCode": [],
    "sourceClass": "General News",
    "subjectCode": [
        {
            "parent": "IS/lifesoc.review",
            "relevance_score": "9",
            "description": "Motor Vehicle Reviews",
            "code": "IS/lifesoc.autore#9#92#50",
            "level": 3
        },
        {
            "parent": "IS/lifesoc.spec",
            "relevance_score": "9",
            "description": "Reviews",
            "code": "IS/lifesoc.review#9#50#92",
            "level": 2
        },
        {
            "parent": "IS/spec",
            "relevance_score": "9",
            "description": "Structured Life and Society Content",
            "code": "IS/lifesoc.spec#9#50#92",
            "level": 1
        },
        {
            "parent": null,
            "relevance_score": "9",
            "description": "Structured Content",
            "code": "IS/spec#9#50#92",
            "level": 0
        }
    ],
    "text": "Impressive is an understatement.\n\nBy now, you know that our reviews are predominantly of higher-end vehicles --\nwith higher-end packages and loaded to the roofline with options. Fact is, we\ncan only test and review the vehicles that show up.\n\nThis week, Mazda wanted a piece of the review pie and delivered its economical\nMazda3.\n\nThis four-door sedan blew me away, starting with a base price of only $21,500.\nFour package options include Base, Select, Preferred and Premium. All-wheel-\ndrive was also a drive-train selection.\n\nRegardless of package selection, the 3 comes with a 2.5L SKYACTIV dual-\noverhead-cam,16-valve, four-cylinder engine providing 186 horsepower and 186\nft.-lb. of torque. A six-speed automatic transmission with sport mode is\nstandard. The i-Active-All-Wheel-Drive system is a few thousand dollars more,\nbut well worth the spend. Our Mazda3 AWD Premium sported a bunch of standard\npackage features: Bose 12-speaker premium sound, heated front seats, SiriusXM\nradio, 18-inch wheels, leather seats and a power moon roof. All pretty upscale\nif you ask me.\n\nThe Mazda3 has what I like to call a shark-like exterior. It is really\nappealing and serves its purpose; providing an easy-on-the-eyes, inexpensive\nride for the average consumer.\n\nThe Mazda Connect infotainment system is simple and requires no thought at\nall. Protruding from the dash, it delivers easy-to-use and friendly\ncommunication setup, radio favorites and adjustable settings. Its center\nconsole turn dial is really easy to use and models BMW's set-up, serving the\ndriver easily (without the added chrome of course).\n\nPush-button ignition was also standard on our Machine Grey Metallic premium\ntester. The ride was quiet, the seats were comfortable (although the cabin was\nsmall). The 3 compares to a Honda Civic or Toyota Corolla in the compact sedan\nclass.\n\nFor Mazda, I get it. Provide a competitive alternative to Honda and Toyota\nwhile offering a great-looking, reliable and inexpensive option to the\nconsumer. I have to give them credit, not only did they deliver on that, but\nthey blew me away while doing it.\n\nI assure you, Mazda has come to the table with nothing but the diamonds. Test\none and you'll be just as impressed.\n\nMazda3\n\nMSRP: $27,900\n\nAs tested: $28,000\n\nMPG: 27 city, 33 highway, 30.9 as tested",
    "industryCode": [],
    "naviga_enrichment": {
        "org": [
            "Mazda",
            "SiriusXM",
            "BMW's",
            "Honda",
            "Toyota"
        ],
        "location": [],
        "person": [
            "Grey Metallic"
        ],
        "companies": [
            "Honda",
            "Mazda",
            "SiriusXM",
            "BMW's",
            "Toyota"
        ]
    },
    "geoOrigin_code": "RU/us.ny.sarngs",
    "language": "English",
    "filename": "202005300000NEWSBANKNEWSPPRS304606FBE77D2F155D6EFB638459896.XML",
    "providerName": "NewsBank",
    "enriched_text": {
        "entities": [
            {
                "count": 4,
                "sentiment": {
                    "score": 0,
                    "label": "neutral"
                },
                "text": "Mazda3",
                "relevance": 0.853704,
                "type": "Company"
            },
            {
                "count": 3,
                "sentiment": {
                    "score": 0.706132,
                    "label": "positive"
                },
                "text": "Mazda",
                "relevance": 0.570699,
                "type": "Company",
                "disambiguation": {
                    "subtype": [
                        "AwardWinner"
                    ],
                    "name": "Mazda",
                    "dbpedia_resource": "http://dbpedia.org/resource/Mazda"
                }
            },
            {
                "count": 1,
                "sentiment": {
                    "score": -0.32803,
                    "label": "negative"
                },
                "text": "Mazda Connect",
                "relevance": 0.389007,
                "type": "Company"
            },
            {
                "count": 2,
                "sentiment": {
                    "score": 0,
                    "label": "neutral"
                },
                "text": "Honda",
                "relevance": 0.38169,
                "type": "Company",
                "disambiguation": {
                    "subtype": [],
                    "name": "Honda",
                    "dbpedia_resource": "http://dbpedia.org/resource/Honda"
                }
            },
            {
                "count": 2,
                "sentiment": {
                    "score": 0,
                    "label": "neutral"
                },
                "text": "drive",
                "relevance": 0.300474,
                "type": "Person"
            },
            {
                "count": 1,
                "sentiment": {
                    "score": 0.661867,
                    "label": "positive"
                },
                "text": "BMW",
                "relevance": 0.283237,
                "type": "Company",
                "disambiguation": {
                    "subtype": [
                        "Engine",
                        "AutomobileCompany",
                        "AwardWinner"
                    ],
                    "name": "BMW",
                    "dbpedia_resource": "http://dbpedia.org/resource/BMW"
                }
            },
            {
                "count": 1,
                "sentiment": {
                    "score": 0,
                    "label": "neutral"
                },
                "text": "Toyota",
                "relevance": 0.266648,
                "type": "Company",
                "disambiguation": {
                    "subtype": [
                        "AutomobileCompany",
                        "ManufacturingPlant",
                        "AwardWinner"
                    ],
                    "name": "Toyota",
                    "dbpedia_resource": "http://dbpedia.org/resource/Toyota"
                }
            },
            {
                "count": 1,
                "sentiment": {
                    "score": 0,
                    "label": "neutral"
                },
                "text": "Civic",
                "relevance": 0.249244,
                "type": "Vehicle",
                "disambiguation": {
                    "subtype": [
                        "Automobile"
                    ]
                }
            },
            {
                "count": 1,
                "sentiment": {
                    "score": 0,
                    "label": "neutral"
                },
                "text": "thousand dollars",
                "relevance": 0.249244,
                "type": "Quantity"
            },
            {
                "count": 1,
                "sentiment": {
                    "score": 0,
                    "label": "neutral"
                },
                "text": "186 horsepower",
                "relevance": 0.249244,
                "type": "Quantity"
            },
            {
                "count": 1,
                "sentiment": {
                    "score": 0,
                    "label": "neutral"
                },
                "text": "$21,500",
                "relevance": 0.249244,
                "type": "Quantity"
            },
            {
                "count": 1,
                "sentiment": {
                    "score": 0,
                    "label": "neutral"
                },
                "text": "$27,900",
                "relevance": 0.249244,
                "type": "Quantity"
            },
            {
                "count": 1,
                "sentiment": {
                    "score": 0,
                    "label": "neutral"
                },
                "text": "$28,000",
                "relevance": 0.249244,
                "type": "Quantity"
            },
            {
                "count": 1,
                "sentiment": {
                    "score": 0,
                    "label": "neutral"
                },
                "text": "18-inch",
                "relevance": 0.249244,
                "type": "Quantity"
            },
            {
                "count": 1,
                "sentiment": {
                    "score": 0,
                    "label": "neutral"
                },
                "text": "186\nft",
                "relevance": 0.249244,
                "type": "Quantity"
            },
            {
                "count": 1,
                "sentiment": {
                    "score": 0,
                    "label": "neutral"
                },
                "text": "2.5L",
                "relevance": 0.249244,
                "type": "Quantity"
            }
        ],
        "semantic_roles": [
            {
                "subject": {
                    "text": "you"
                },
                "sentence": " By now, you know that our reviews are predominantly of higher-end vehicles --",
                "object": {
                    "text": "that our reviews are predominantly of higher-end vehicles"
                },
                "action": {
                    "verb": {
                        "text": "know",
                        "tense": "present"
                    },
                    "text": "know",
                    "normalized": "know"
                }
            },
            {
                "subject": {
                    "text": "to the roofline"
                },
                "sentence": " with higher-end packages and loaded to the roofline with options.",
                "object": {
                    "text": "with options"
                },
                "action": {
                    "verb": {
                        "text": "load",
                        "tense": "past"
                    },
                    "text": "loaded",
                    "normalized": "load"
                }
            },
            {
                "subject": {
                    "text": "the vehicles"
                },
                "sentence": " can only test and review the vehicles that show up.",
                "object": {
                    "text": "up"
                },
                "action": {
                    "verb": {
                        "text": "show",
                        "tense": "present"
                    },
                    "text": "show",
                    "normalized": "show"
                }
            },
            {
                "subject": {
                    "text": "Mazda"
                },
                "sentence": " This week, Mazda wanted a piece of the review pie and delivered its economical",
                "object": {
                    "text": "a piece of the review pie and delivered its economical"
                },
                "action": {
                    "verb": {
                        "text": "want",
                        "tense": "past"
                    },
                    "text": "wanted",
                    "normalized": "want"
                }
            },
            {
                "subject": {
                    "text": "Mazda"
                },
                "sentence": " This week, Mazda wanted a piece of the review pie and delivered its economical",
                "object": {
                    "text": "its economical"
                },
                "action": {
                    "verb": {
                        "text": "deliver",
                        "tense": "past"
                    },
                    "text": "delivered",
                    "normalized": "deliver"
                }
            },
            {
                "subject": {
                    "text": "This four-door sedan"
                },
                "sentence": " This four-door sedan blew me away, starting with a base price of only $21,500.",
                "object": {
                    "text": "with a base price of only $21,500"
                },
                "action": {
                    "verb": {
                        "text": "start",
                        "tense": "present"
                    },
                    "text": "starting",
                    "normalized": "start"
                }
            },
            {
                "subject": {
                    "text": "Base, Select, Preferred and Premium"
                },
                "sentence": " Four package options include Base, Select, Preferred and Premium.",
                "object": {
                    "text": "Four package options"
                },
                "action": {
                    "verb": {
                        "text": "include",
                        "tense": "present"
                    },
                    "text": "include",
                    "normalized": "include"
                }
            },
            {
                "subject": {
                    "text": "drive"
                },
                "sentence": " drive was also a drive-train selection.",
                "object": {
                    "text": "a drive-train selection"
                },
                "action": {
                    "verb": {
                        "text": "be",
                        "tense": "past"
                    },
                    "text": "was",
                    "normalized": "be"
                }
            },
            {
                "subject": {
                    "text": "four-cylinder engine"
                },
                "sentence": " overhead-cam,16-valve, four-cylinder engine providing 186 horsepower and 186",
                "object": {
                    "text": "186 horsepower"
                },
                "action": {
                    "verb": {
                        "text": "provide",
                        "tense": "present"
                    },
                    "text": "providing",
                    "normalized": "provide"
                }
            },
            {
                "subject": {
                    "text": "standard. The i-Active-All-Wheel-Drive system"
                },
                "sentence": " standard. The i-Active-All-Wheel-Drive system is a few thousand dollars more,",
                "object": {
                    "text": "a few thousand dollars more,"
                },
                "action": {
                    "verb": {
                        "text": "be",
                        "tense": "present"
                    },
                    "text": "is",
                    "normalized": "be"
                }
            },
            {
                "subject": {
                    "text": "Our Mazda3 AWD Premium"
                },
                "sentence": " Our Mazda3 AWD Premium sported a bunch of standard",
                "object": {
                    "text": "a bunch of standard"
                },
                "action": {
                    "verb": {
                        "text": "sport",
                        "tense": "past"
                    },
                    "text": "sported",
                    "normalized": "sport"
                }
            },
            {
                "subject": {
                    "text": "The Mazda3"
                },
                "sentence": " The Mazda3 has what I like to call a shark-like exterior.",
                "object": {
                    "text": "what I like to call a shark-like exterior"
                },
                "action": {
                    "verb": {
                        "text": "have",
                        "tense": "present"
                    },
                    "text": "has",
                    "normalized": "have"
                }
            },
            {
                "subject": {
                    "text": "The Mazda Connect infotainment system"
                },
                "sentence": " The Mazda Connect infotainment system is simple and requires no thought at",
                "object": {
                    "text": "simple"
                },
                "action": {
                    "verb": {
                        "text": "be",
                        "tense": "present"
                    },
                    "text": "is",
                    "normalized": "be"
                }
            },
            {
                "subject": {
                    "text": "The Mazda Connect infotainment system"
                },
                "sentence": " The Mazda Connect infotainment system is simple and requires no thought at",
                "object": {
                    "text": "no thought at"
                },
                "action": {
                    "verb": {
                        "text": "require",
                        "tense": "present"
                    },
                    "text": "requires",
                    "normalized": "require"
                }
            },
            {
                "subject": {
                    "text": "it"
                },
                "sentence": " all. Protruding from the dash, it delivers easy-to-use and friendly",
                "object": {
                    "text": "easy-to-use and friendly"
                },
                "action": {
                    "verb": {
                        "text": "deliver",
                        "tense": "present"
                    },
                    "text": "delivers",
                    "normalized": "deliver"
                }
            },
            {
                "subject": {
                    "text": "console turn dial"
                },
                "sentence": " console turn dial is really easy to use and models BMW's set-up, serving the",
                "object": {
                    "text": "really easy"
                },
                "action": {
                    "verb": {
                        "text": "be",
                        "tense": "present"
                    },
                    "text": "is",
                    "normalized": "be"
                }
            },
            {
                "subject": {
                    "text": "tester. The ride"
                },
                "sentence": " tester. The ride was quiet, the seats were comfortable (although the cabin was",
                "object": {
                    "text": "quiet"
                },
                "action": {
                    "verb": {
                        "text": "be",
                        "tense": "past"
                    },
                    "text": "was",
                    "normalized": "be"
                }
            },
            {
                "subject": {
                    "text": "I"
                },
                "sentence": " For Mazda, I get it.",
                "object": {
                    "text": "it"
                },
                "action": {
                    "verb": {
                        "text": "get",
                        "tense": "present"
                    },
                    "text": "get",
                    "normalized": "get"
                }
            },
            {
                "subject": {
                    "text": "a competitive alternative"
                },
                "sentence": " Provide a competitive alternative to Honda and Toyota",
                "object": {
                    "text": "to Honda and Toyota"
                },
                "action": {
                    "verb": {
                        "text": "Provide",
                        "tense": "present"
                    },
                    "text": "Provide",
                    "normalized": "Provide"
                }
            },
            {
                "subject": {
                    "text": "I"
                },
                "sentence": " consumer. I have to give them credit, not only did they deliver on that, but",
                "object": {
                    "text": "them credit"
                },
                "action": {
                    "verb": {
                        "text": "give",
                        "tense": "future"
                    },
                    "text": "have to give",
                    "normalized": "have to give"
                }
            },
            {
                "subject": {
                    "text": "they"
                },
                "sentence": " consumer. I have to give them credit, not only did they deliver on that, but",
                "object": {
                    "text": "on that"
                },
                "action": {
                    "verb": {
                        "text": "deliver",
                        "tense": "past"
                    },
                    "text": "deliver",
                    "normalized": "deliver"
                }
            },
            {
                "subject": {
                    "text": "they"
                },
                "sentence": " they blew me away while doing it.",
                "object": {
                    "text": "me"
                },
                "action": {
                    "verb": {
                        "text": "blow",
                        "tense": "past"
                    },
                    "text": "blew",
                    "normalized": "blow"
                }
            },
            {
                "subject": {
                    "text": "they"
                },
                "sentence": " they blew me away while doing it.",
                "object": {
                    "text": "it"
                },
                "action": {
                    "verb": {
                        "text": "do",
                        "tense": "present"
                    },
                    "text": "doing",
                    "normalized": "do"
                }
            },
            {
                "subject": {
                    "text": "Mazda"
                },
                "sentence": " I assure you, Mazda has come to the table with nothing but the diamonds.",
                "object": {
                    "text": "come to the table with nothing but the diamonds"
                },
                "action": {
                    "verb": {
                        "text": "have",
                        "tense": "present"
                    },
                    "text": "has",
                    "normalized": "have"
                }
            },
            {
                "subject": {
                    "text": "Mazda"
                },
                "sentence": " I assure you, Mazda has come to the table with nothing but the diamonds.",
                "object": {
                    "text": "to the table"
                },
                "action": {
                    "verb": {
                        "text": "come",
                        "tense": "past"
                    },
                    "text": "has come",
                    "normalized": "have come"
                }
            }
        ],
        "categories": [
            {
                "score": 0.999927,
                "label": "/automotive and vehicles/cars/sedan"
            },
            {
                "score": 0.994916,
                "label": "/automotive and vehicles/cars/coupe"
            },
            {
                "score": 0.976792,
                "label": "/automotive and vehicles/cars/wagon"
            }
        ],
        "relations": [
            {
                "type": "locatedAt",
                "sentence": "By now, you know that our reviews are predominantly of higher-end vehicles -- with higher-end packages and loaded to the roofline with options.",
                "score": 0.561383,
                "arguments": [
                    {
                        "text": "you",
                        "location": [
                            42,
                            45
                        ],
                        "entities": [
                            {
                                "type": "Person",
                                "text": "you"
                            }
                        ]
                    },
                    {
                        "text": "vehicles",
                        "location": [
                            100,
                            108
                        ],
                        "entities": [
                            {
                                "type": "Vehicle",
                                "text": "vehicles"
                            }
                        ]
                    }
                ]
            },
            {
                "type": "locatedAt",
                "sentence": "By now, you know that our reviews are predominantly of higher-end vehicles -- with higher-end packages and loaded to the roofline with options.",
                "score": 0.708281,
                "arguments": [
                    {
                        "text": "our",
                        "location": [
                            56,
                            59
                        ],
                        "entities": [
                            {
                                "type": "Person",
                                "text": "our"
                            }
                        ]
                    },
                    {
                        "text": "vehicles",
                        "location": [
                            100,
                            108
                        ],
                        "entities": [
                            {
                                "type": "Vehicle",
                                "text": "vehicles"
                            }
                        ]
                    }
                ]
            },
            {
                "type": "productOf",
                "sentence": "This week, Mazda wanted a piece of the review pie and delivered its economical Mazda3.",
                "score": 0.890574,
                "arguments": [
                    {
                        "text": "Mazda3",
                        "location": [
                            322,
                            328
                        ],
                        "entities": [
                            {
                                "type": "Product",
                                "text": "Mazda3 AWD Premium"
                            }
                        ]
                    },
                    {
                        "text": "its",
                        "location": [
                            307,
                            310
                        ],
                        "entities": [
                            {
                                "type": "Organization",
                                "text": "its"
                            }
                        ]
                    }
                ]
            },
            {
                "type": "agentOf",
                "sentence": "All pretty upscale if you ask me.",
                "score": 0.95635,
                "arguments": [
                    {
                        "text": "you",
                        "location": [
                            1065,
                            1068
                        ],
                        "entities": [
                            {
                                "type": "Person",
                                "text": "you"
                            }
                        ]
                    },
                    {
                        "text": "ask",
                        "location": [
                            1069,
                            1072
                        ],
                        "entities": [
                            {
                                "type": "EventCommunication",
                                "text": "ask"
                            }
                        ]
                    }
                ]
            },
            {
                "type": "affectedBy",
                "sentence": "All pretty upscale if you ask me.",
                "score": 0.81033,
                "arguments": [
                    {
                        "text": "me",
                        "location": [
                            1073,
                            1075
                        ],
                        "entities": [
                            {
                                "type": "Person",
                                "text": "me"
                            }
                        ]
                    },
                    {
                        "text": "ask",
                        "location": [
                            1069,
                            1072
                        ],
                        "entities": [
                            {
                                "type": "EventCommunication",
                                "text": "ask"
                            }
                        ]
                    }
                ]
            },
            {
                "type": "locatedAt",
                "sentence": "MPG: 27 city, 33 highway, 30.9 as tested",
                "score": 0.770722,
                "arguments": [
                    {
                        "text": "highway",
                        "location": [
                            2280,
                            2287
                        ],
                        "entities": [
                            {
                                "type": "Facility",
                                "text": "highway"
                            }
                        ]
                    },
                    {
                        "text": "city",
                        "location": [
                            2271,
                            2275
                        ],
                        "entities": [
                            {
                                "type": "GeopoliticalEntity",
                                "text": "city"
                            }
                        ]
                    }
                ]
            }
        ],
        "keywords": [
            {
                "text": "higher-end packages",
                "relevance": 0.667726,
                "count": 1
            },
            {
                "text": "higher-end vehicles",
                "relevance": 0.659959,
                "count": 1
            },
            {
                "text": "Mazda3 AWD Premium",
                "relevance": 0.653036,
                "count": 1
            },
            {
                "text": "i-Active",
                "relevance": 0.591918,
                "count": 1
            },
            {
                "text": "models BMW's set-up",
                "relevance": 0.577192,
                "count": 1
            },
            {
                "text": "radio favorites",
                "relevance": 0.575841,
                "count": 1
            },
            {
                "text": "four-door sedan",
                "relevance": 0.57526,
                "count": 1
            },
            {
                "text": "Honda Civic",
                "relevance": 0.574543,
                "count": 1
            },
            {
                "text": "Push-button ignition",
                "relevance": 0.573746,
                "count": 1
            },
            {
                "text": "Mazda Connect infotainment system",
                "relevance": 0.570075,
                "count": 1
            },
            {
                "text": "Mazda",
                "relevance": 0.570064,
                "count": 4
            },
            {
                "text": "four-cylinder engine",
                "relevance": 0.558684,
                "count": 1
            },
            {
                "text": "package options",
                "relevance": 0.557199,
                "count": 1
            },
            {
                "text": "Toyota Corolla",
                "relevance": 0.551744,
                "count": 1
            },
            {
                "text": "piece of the review pie",
                "relevance": 0.55015,
                "count": 1
            },
            {
                "text": "automatic transmission",
                "relevance": 0.546958,
                "count": 1
            },
            {
                "text": "week",
                "relevance": 0.545653,
                "count": 1
            },
            {
                "text": "leather seats",
                "relevance": 0.543877,
                "count": 1
            },
            {
                "text": "base price",
                "relevance": 0.54072,
                "count": 1
            },
            {
                "text": "Bose 12-speaker premium sound",
                "relevance": 0.538403,
                "count": 1
            },
            {
                "text": "average consumer",
                "relevance": 0.532244,
                "count": 1
            },
            {
                "text": "drive-train selection",
                "relevance": 0.531111,
                "count": 1
            },
            {
                "text": "reviews",
                "relevance": 0.527827,
                "count": 1
            },
            {
                "text": "package selection",
                "relevance": 0.526722,
                "count": 1
            },
            {
                "text": "Wheel-Drive system",
                "relevance": 0.525372,
                "count": 1
            },
            {
                "text": "cam",
                "relevance": 0.523712,
                "count": 1
            },
            {
                "text": "competitive alternative",
                "relevance": 0.523071,
                "count": 1
            },
            {
                "text": "18-inch wheels",
                "relevance": 0.521204,
                "count": 1
            },
            {
                "text": "MPG",
                "relevance": 0.516782,
                "count": 1
            },
            {
                "text": "shark-like exterior",
                "relevance": 0.516231,
                "count": 1
            },
            {
                "text": "wheel",
                "relevance": 0.51554,
                "count": 1
            },
            {
                "text": "front seats",
                "relevance": 0.514303,
                "count": 1
            },
            {
                "text": "six-speed",
                "relevance": 0.514261,
                "count": 1
            },
            {
                "text": "Premium",
                "relevance": 0.51152,
                "count": 1
            },
            {
                "text": "options",
                "relevance": 0.509794,
                "count": 1
            },
            {
                "text": "driver",
                "relevance": 0.509778,
                "count": 1
            },
            {
                "text": "test",
                "relevance": 0.509379,
                "count": 2
            },
            {
                "text": "purpose",
                "relevance": 0.509231,
                "count": 1
            },
            {
                "text": "city",
                "relevance": 0.509072,
                "count": 1
            },
            {
                "text": "dash",
                "relevance": 0.508077,
                "count": 1
            },
            {
                "text": "standard",
                "relevance": 0.507859,
                "count": 2
            },
            {
                "text": "ft",
                "relevance": 0.506862,
                "count": 1
            },
            {
                "text": "Machine",
                "relevance": 0.506482,
                "count": 1
            },
            {
                "text": "highway",
                "relevance": 0.506366,
                "count": 1
            },
            {
                "text": "Honda",
                "relevance": 0.506018,
                "count": 1
            },
            {
                "text": "credit",
                "relevance": 0.50534,
                "count": 1
            },
            {
                "text": "bunch",
                "relevance": 0.504664,
                "count": 1
            },
            {
                "text": "table",
                "relevance": 0.504498,
                "count": 1
            },
            {
                "text": "eyes",
                "relevance": 0.504202,
                "count": 1
            },
            {
                "text": "Toyota",
                "relevance": 0.504006,
                "count": 1
            }
        ]
    },
    "freqeuncy": "Daily",
    "extracted_metadata": {
        "sha1": "ccac182f9dc816f7c63ee649b20c41f9c14f52e9",
        "filename": "202005300000NEWSBANKNEWSPPRS304606FBE77D2F155D6EFB638459896.json",
        "file_type": "json"
    },
    "companyRecord": "NYSE|HMC|CUSIP:438128308;ISIN:US4381283088|Honda Motor Co. Ltd.|extractor|DUNS:690566815;NECOID:12436;ACORN:2844869923|MENTION|ADRTICKER=NYSE:HMC||ADR|XNYS|SYNONYM",
    "publicationTime": "2020-05-30T00:00:00-04:00",
    "title": "CarSmart: Mazda3: A diamond in the rough",
    "html": "<p>Impressive is an understatement.</p>\n<p>By now, you know that our reviews are predominantly of higher-end vehicles -- with higher-end packages and loaded to the roofline with options. Fact is, we can only test and review the vehicles that show up.</p>\n\n<p>This week, <org idsrc=\"xmltag.org\" value=\"Tokyo:7261\">Mazda</org> wanted a piece of the review pie and delivered its economical Mazda3.</p>\n\n<p>This four-door sedan blew me away, starting with a base price of only <money>$21,500</money>. Four package options include Base, Select, Preferred and Premium. All-wheel-drive was also a drive-train selection.</p>\n\n<p>Regardless of package selection, the 3 comes with a 2.5L SKYACTIV dual-overhead-cam,16-valve, four-cylinder engine providing 186 horsepower and 186 ft.-lb. of torque. A six-speed automatic transmission with sport mode is standard. The i-Active-All-Wheel-Drive system is a few thousand dollars more, but well worth the spend. Our Mazda3 AWD Premium sported a bunch of standard package features: Bose 12-speaker premium sound, heated front seats, <org>SiriusXM</org> radio, 18-inch wheels, leather seats and a power moon roof. All pretty upscale if you ask me.</p>\n\n<p>The Mazda3 has what I like to call a shark-like exterior. It is really appealing and serves its purpose; providing an easy-on-the-eyes, inexpensive ride for the average consumer.</p>\n\n<p>The Mazda Connect infotainment system is simple and requires no thought at all. Protruding from the dash, it delivers easy-to-use and friendly communication setup, radio favorites and adjustable settings. Its center console turn dial is really easy to use and models <org idsrc=\"xmltag.org\" value=\"Frankfurt:BMW3\">BMW's</org> set-up, serving the driver easily (without the added chrome of course).</p>\n\n<p>Push-button ignition was also standard on our Machine <person>Grey Metallic</person> premium tester. The ride was quiet, the seats were comfortable (although the cabin was small). The 3 compares to a Honda Civic or Toyota Corolla in the compact sedan class.</p>\n\n<p>For <org idsrc=\"xmltag.org\" value=\"Tokyo:7261\">Mazda</org>, I get it. Provide a competitive alternative to <org idsrc=\"xmltag.org\" value=\"Tokyo:7267\">Honda</org> and <org>Toyota</org> while offering a great-looking, reliable and inexpensive option to the consumer. I have to give them credit, not only did they deliver on that, but they blew me away while doing it.</p>\n\n<p>I assure you, <org idsrc=\"xmltag.org\" value=\"Tokyo:7261\">Mazda</org> has come to the table with nothing but the diamonds. Test one and you'll be just as impressed.</p>\n\n<p>Mazda3</p>\n\n<p>MSRP: <money>$27,900</money></p>\n\n<p>As tested: <money>$28,000</money></p>\n\n<p>MPG: 27 city, 33 highway, 30.9 as tested</p>",
    "geoFocus": [
        [
            "GU/us.ny.sarngs",
            "Saratoga Springs"
        ]
    ]
}