{
    "id": "420792a6-49c1-45cc-a59c-024fba6a5de2",
    "result_metadata": {
        "score": 1
    },
    "copyright": "\u00a9 Copyright, 2020, The Horry Independent, All Rights Reserved.",
    "geoOrigin": "Conway, South Carolina",
    "sourceType": "Newspaper",
    "source": "Horry Independent, The (Conway, SC)",
    "corpus_document_id": "28504831161371987194",
    "description": "When you read the title of this column, you are probably going to ask yourself, \"What kind of a lesson can we learn from a deadly virus?\" My claim is that even a negative and destructive force can serve as a life lesson for us. Even Israel's national anthem is called \"The Hope.",
    "serviceName": "Newspapers",
    "locationCode": [
        {
            "parent": "LR/am",
            "relevance_score": "7",
            "description": "North America",
            "code": "LB/nam#7#49#70",
            "level": 1
        },
        {
            "parent": "LR/as",
            "relevance_score": "7",
            "description": "Western Asia",
            "code": "LB/was#7#49#70",
            "level": 1
        },
        {
            "parent": "LB/was",
            "relevance_score": "7",
            "description": "Israel",
            "code": "LC/il#7#70#49",
            "level": 2
        },
        {
            "parent": "LB/nam",
            "relevance_score": "7",
            "description": "United States",
            "code": "LC/us#7#50#70",
            "level": 2
        }
    ],
    "sourceClass": "General News",
    "subjectCode": [
        {
            "parent": null,
            "relevance_score": "7",
            "description": "Health and Wellness",
            "code": "IS/haw#7#50#73",
            "level": 0
        },
        {
            "parent": "IS/haw",
            "relevance_score": "7",
            "description": "Medical Disorders and Diseases",
            "code": "IS/haw.disease#7#50#73",
            "level": 1
        },
        {
            "parent": "IS/haw.disease",
            "relevance_score": "7",
            "description": "Infections and Infectious Diseases",
            "code": "IS/haw.infectis#7#73#50",
            "level": 2
        },
        {
            "parent": null,
            "relevance_score": "6",
            "description": "Life and Society",
            "code": "IS/lifesoc#6#50#63",
            "level": 0
        }
    ],
    "text": "When you read the title of this column, you are probably going to ask\nyourself, \"What kind of a lesson can we learn from a deadly virus?\"\n\nMy claim is that even a negative and destructive force can serve as a life\nlesson for us. The COVID-19 pandemic changed our lives in many ways. Many\nsynagogues and churches are now doing online services, and it's amazing to see\nhow quickly we adjust to it; as humans, we can easily adopt new ways of life.\nWe are all keeping social distancing, and we try to stay home as much as\npossible.\n\nWe recognize Pikuach Nefesh -the principle in Jewish law (Halacha) that the\npreservation of human life overrides virtually any other religious rule.\nSaving of life is an important tenet of Judaism, and therefore every one of us\nneeds to try to do our best to follow the guidelines of the CDC.\n\nJudaism and Jewish history are all about hope (Tikvah) and optimism. Even\nIsrael's national anthem is called \"The Hope.\"\n\nI am fully aware of the coronavirus impact on our lives, our health, our\nfinances, our families, our businesses, and our homes. However, with this\ndarkness that suddenly immersed us, we must look positively and realize a few\nthings:\n\nFirst and most important, we must know that this situation is a temporary\nnuisance; it will pass, and in the near future, we will talk about it in past-\ntense terms. I am not taking it lightly. I know that it is a serious problem\nfor the world with devastating effects on all of us. However, I think that\nwith the resources of our country, and the scientists and doctors who are\nworking around the clock to find a vaccine, and with the social distancing\nmeasures that we take, our country will overcome the virus.\n\nSecond, I realize these days how many things in our lives we take for granted\n- like going to movies, to libraries, and to restaurants, or even for a walk\nin the beautiful parks that we have here in the Myrtle Beach area. All these\nplaces that we must avoid now in keeping with social distancing guidelines are\nactivities that we take for granted in normal circumstances.\n\nI think that when we pass this period, we will get a greater sense of\nappreciation for the simple things in life. The simple pleasures that are now\nprohibited will be appreciated when it all has passed. In that sense, we need\nto follow the teachings of the Talmudic sage Ben Zoma, who asked, \"Who is\nwealthy?\" and his answer to that question was, \"He who rejoices in his\nportion.\"\n\nAs it is said in Psalm 128:2, \"When you eat the labor of your hands, happy\nshall you be. And it shall be well with you in this world and the world to\ncome.\"\n\nThird, I learned to love and appreciate my community even more than ever\nbefore. I talked to many people who offered to help each other and volunteer\nat this time.\n\nMany of them followed my advice to call other members and friends and keep in\ntouch.\n\nThe coronavirus can be damaging to our souls if we will not work with each\nother. A sense of loneliness and depression can affect us all.\n\nPlease keep up the good work; it's a mitzvah (good deed), and your phone calls\nmay save lives. The mental health of your friends must be priority - one for\nall of you.\n\nI suggest that you should call at least 10 people every day. Rabbi Hillel\nsaid, \"Al Tifrush min Hatzibur.\" (Do not withdraw from the community.) At this\ntime, we need each other for help and comfort.\n\nFourth, if you know of any business owner from your local community who is\naffected by the situation, please support them. I know that it's easier to\norder from Amazon or other online shops, but we have to think locally.\n\nAnd fifth, I learned how important the family is; we all love and care for our\nfamilies, but at a time like this, we feel a greater need to be together.\n\nWe feel that we must prioritize, and when it's all over, we are going to visit\nthem. We are going to hug them and tell them how much we miss and love them.\nWe are going to make arrangements to see them soon. We learn to appreciate\nthese family moments more than ever before.\n\nSo, please start making arrangements for your next family reunions.\n\nMay God bless you and your loved ones with a blessing of peace and good\nhealth.",
    "industryCode": [],
    "naviga_enrichment": {
        "org": [
            "CDC"
        ],
        "location": [
            "Israel's",
            "Myrtle Beach"
        ],
        "person": [
            "Ben Zoma",
            "Rabbi Hillel"
        ],
        "companies": [
            "CDC"
        ]
    },
    "geoOrigin_code": "RU/us.sc.conway",
    "language": "English",
    "filename": "202005220000NEWSBANKNEWSPPRSFB4E1BDE49B4E310E2149EDCA3C581E.XML",
    "providerName": "NewsBank",
    "enriched_text": {
        "entities": [
            {
                "count": 3,
                "sentiment": {
                    "score": 0,
                    "label": "neutral"
                },
                "text": "Ben Zoma",
                "relevance": 0.658639,
                "type": "Person",
                "disambiguation": {
                    "subtype": [],
                    "name": "Simeon ben Zoma",
                    "dbpedia_resource": "http://dbpedia.org/resource/Simeon_ben_Zoma"
                }
            },
            {
                "count": 1,
                "sentiment": {
                    "score": 0,
                    "label": "neutral"
                },
                "text": "Israel",
                "relevance": 0.519371,
                "type": "Location",
                "disambiguation": {
                    "subtype": [
                        "GovernmentalJurisdiction",
                        "FilmArtDirector",
                        "Country"
                    ],
                    "name": "Israel",
                    "dbpedia_resource": "http://dbpedia.org/resource/Israel"
                }
            },
            {
                "count": 1,
                "sentiment": {
                    "score": 0,
                    "label": "neutral"
                },
                "text": "Tikvah",
                "relevance": 0.508506,
                "type": "Location",
                "disambiguation": {
                    "subtype": [
                        "City"
                    ]
                }
            },
            {
                "count": 1,
                "sentiment": {
                    "score": 0,
                    "label": "neutral"
                },
                "text": "Rabbi Hillel",
                "relevance": 0.503109,
                "type": "Person",
                "disambiguation": {
                    "subtype": [],
                    "name": "Hillel the Elder",
                    "dbpedia_resource": "http://dbpedia.org/resource/Hillel_the_Elder"
                }
            },
            {
                "count": 1,
                "sentiment": {
                    "score": 0,
                    "label": "neutral"
                },
                "text": "CDC",
                "relevance": 0.496903,
                "type": "Organization"
            },
            {
                "count": 1,
                "sentiment": {
                    "score": 0.688977,
                    "label": "positive"
                },
                "text": "Myrtle Beach",
                "relevance": 0.489064,
                "type": "GeographicFeature"
            },
            {
                "count": 1,
                "sentiment": {
                    "score": 0,
                    "label": "neutral"
                },
                "text": "Amazon",
                "relevance": 0.447376,
                "type": "Company"
            },
            {
                "count": 1,
                "sentiment": {
                    "score": 0,
                    "label": "neutral"
                },
                "text": "business owner",
                "relevance": 0.446494,
                "type": "JobTitle"
            }
        ],
        "semantic_roles": [
            {
                "subject": {
                    "text": "you"
                },
                "sentence": "When you read the title of this column, you are probably going to ask",
                "object": {
                    "text": "the title of this column"
                },
                "action": {
                    "verb": {
                        "text": "read",
                        "tense": "present"
                    },
                    "text": "read",
                    "normalized": "read"
                }
            },
            {
                "subject": {
                    "text": "you"
                },
                "sentence": "When you read the title of this column, you are probably going to ask",
                "action": {
                    "verb": {
                        "text": "be",
                        "tense": "present"
                    },
                    "text": "are probably going to ask",
                    "normalized": "be probably go to ask"
                }
            },
            {
                "subject": {
                    "text": "we"
                },
                "sentence": " yourself, \"What kind of a lesson can we learn from a deadly virus?\"",
                "object": {
                    "text": "from a deadly virus"
                },
                "action": {
                    "verb": {
                        "text": "learn",
                        "tense": "future"
                    },
                    "text": "learn",
                    "normalized": "learn"
                }
            },
            {
                "subject": {
                    "text": "My claim"
                },
                "sentence": " My claim is that even a negative and destructive force can serve as a life",
                "object": {
                    "text": "even a negative and destructive force"
                },
                "action": {
                    "verb": {
                        "text": "be",
                        "tense": "present"
                    },
                    "text": "is",
                    "normalized": "be"
                }
            },
            {
                "subject": {
                    "text": "synagogues and churches"
                },
                "sentence": " synagogues and churches are now doing online services, and it's amazing to see",
                "object": {
                    "text": "doing online services"
                },
                "action": {
                    "verb": {
                        "text": "be",
                        "tense": "present"
                    },
                    "text": "are",
                    "normalized": "be"
                }
            },
            {
                "subject": {
                    "text": "synagogues and churches"
                },
                "sentence": " synagogues and churches are now doing online services, and it's amazing to see",
                "object": {
                    "text": "online services"
                },
                "action": {
                    "verb": {
                        "text": "do",
                        "tense": "present"
                    },
                    "text": "doing",
                    "normalized": "do"
                }
            },
            {
                "subject": {
                    "text": "it"
                },
                "sentence": " synagogues and churches are now doing online services, and it's amazing to see",
                "object": {
                    "text": "amazing to see"
                },
                "action": {
                    "verb": {
                        "text": "has",
                        "tense": "present"
                    },
                    "text": "has",
                    "normalized": "has"
                }
            },
            {
                "subject": {
                    "text": "we"
                },
                "sentence": " how quickly we adjust to it; as humans, we can easily adopt new ways of life.",
                "object": {
                    "text": "how quickly"
                },
                "action": {
                    "verb": {
                        "text": "adjust",
                        "tense": "present"
                    },
                    "text": "adjust",
                    "normalized": "adjust"
                }
            },
            {
                "subject": {
                    "text": "we"
                },
                "sentence": " how quickly we adjust to it; as humans, we can easily adopt new ways of life.",
                "object": {
                    "text": "new ways of life"
                },
                "action": {
                    "verb": {
                        "text": "adopt",
                        "tense": "future"
                    },
                    "text": "adopt",
                    "normalized": "adopt"
                }
            },
            {
                "subject": {
                    "text": "We"
                },
                "sentence": " We are all keeping social distancing, and we try to stay home as much as",
                "object": {
                    "text": "social distancing"
                },
                "action": {
                    "verb": {
                        "text": "keep",
                        "tense": "present"
                    },
                    "text": "keeping",
                    "normalized": "keep"
                }
            },
            {
                "subject": {
                    "text": "we"
                },
                "sentence": " We are all keeping social distancing, and we try to stay home as much as",
                "object": {
                    "text": "to stay home as much as"
                },
                "action": {
                    "verb": {
                        "text": "try",
                        "tense": "present"
                    },
                    "text": "try",
                    "normalized": "try"
                }
            },
            {
                "subject": {
                    "text": "We"
                },
                "sentence": " We recognize Pikuach Nefesh -the principle in Jewish law (Halacha) that the",
                "object": {
                    "text": "Pikuach Nefesh -the principle in Jewish law"
                },
                "action": {
                    "verb": {
                        "text": "recognize",
                        "tense": "present"
                    },
                    "text": "recognize",
                    "normalized": "recognize"
                }
            },
            {
                "subject": {
                    "text": "Saving of life"
                },
                "sentence": " Saving of life is an important tenet of Judaism, and therefore every one of us",
                "object": {
                    "text": "an important tenet of Judaism"
                },
                "action": {
                    "verb": {
                        "text": "be",
                        "tense": "present"
                    },
                    "text": "is",
                    "normalized": "be"
                }
            },
            {
                "subject": {
                    "text": "Judaism and Jewish history"
                },
                "sentence": " Judaism and Jewish history are all about hope (Tikvah) and optimism.",
                "object": {
                    "text": "all about hope (Tikvah) and optimism"
                },
                "action": {
                    "verb": {
                        "text": "be",
                        "tense": "present"
                    },
                    "text": "are",
                    "normalized": "be"
                }
            },
            {
                "subject": {
                    "text": "Israel's national anthem"
                },
                "sentence": " Israel's national anthem is called \"The Hope.\"",
                "object": {
                    "text": "called \"The Hope"
                },
                "action": {
                    "verb": {
                        "text": "be",
                        "tense": "present"
                    },
                    "text": "is",
                    "normalized": "be"
                }
            },
            {
                "subject": {
                    "text": "Israel's national anthem"
                },
                "sentence": " Israel's national anthem is called \"The Hope.\"",
                "object": {
                    "text": "The Hope"
                },
                "action": {
                    "verb": {
                        "text": "call",
                        "tense": "past"
                    },
                    "text": "is called",
                    "normalized": "be call"
                }
            },
            {
                "subject": {
                    "text": "I"
                },
                "sentence": " I am fully aware of the coronavirus impact on our lives, our health, our",
                "object": {
                    "text": "fully aware of the coronavirus impact on our lives, our health, our"
                },
                "action": {
                    "verb": {
                        "text": "be",
                        "tense": "present"
                    },
                    "text": "am",
                    "normalized": "be"
                }
            },
            {
                "subject": {
                    "text": "darkness"
                },
                "sentence": " darkness that suddenly immersed us, we must look positively and realize a few",
                "object": {
                    "text": "us"
                },
                "action": {
                    "verb": {
                        "text": "immerse",
                        "tense": "past"
                    },
                    "text": "immersed",
                    "normalized": "immerse"
                }
            },
            {
                "subject": {
                    "text": "we"
                },
                "sentence": " First and most important, we must know that this situation is a temporary",
                "object": {
                    "text": "that this situation is a temporary"
                },
                "action": {
                    "verb": {
                        "text": "know",
                        "tense": "future"
                    },
                    "text": "must know",
                    "normalized": "must know"
                }
            },
            {
                "subject": {
                    "text": "we"
                },
                "sentence": " nuisance; it will pass, and in the near future, we will talk about it in past-",
                "object": {
                    "text": "about it"
                },
                "action": {
                    "verb": {
                        "text": "talk",
                        "tense": "future"
                    },
                    "text": "will talk",
                    "normalized": "will talk"
                }
            },
            {
                "subject": {
                    "text": "I"
                },
                "sentence": " I am not taking it lightly.",
                "object": {
                    "text": "it"
                },
                "action": {
                    "verb": {
                        "text": "take",
                        "tense": "present",
                        "negated": true
                    },
                    "text": "taking",
                    "normalized": "take"
                }
            },
            {
                "subject": {
                    "text": "I"
                },
                "sentence": " I know that it is a serious problem",
                "object": {
                    "text": "that it is a serious problem"
                },
                "action": {
                    "verb": {
                        "text": "know",
                        "tense": "present"
                    },
                    "text": "know",
                    "normalized": "know"
                }
            },
            {
                "subject": {
                    "text": "I"
                },
                "sentence": " However, I think that",
                "object": {
                    "text": "that"
                },
                "action": {
                    "verb": {
                        "text": "think",
                        "tense": "present"
                    },
                    "text": "think",
                    "normalized": "think"
                }
            },
            {
                "subject": {
                    "text": "we"
                },
                "sentence": " measures that we take, our country will overcome the virus.",
                "object": {
                    "text": "measures"
                },
                "action": {
                    "verb": {
                        "text": "take",
                        "tense": "present"
                    },
                    "text": "take",
                    "normalized": "take"
                }
            },
            {
                "subject": {
                    "text": "measures that we take, our country"
                },
                "sentence": " measures that we take, our country will overcome the virus.",
                "object": {
                    "text": "the virus"
                },
                "action": {
                    "verb": {
                        "text": "overcome",
                        "tense": "future"
                    },
                    "text": "will overcome",
                    "normalized": "will overcome"
                }
            },
            {
                "subject": {
                    "text": "I"
                },
                "sentence": " Second, I realize these days how many things in our lives we take for granted",
                "object": {
                    "text": "how many things in our lives we take for granted"
                },
                "action": {
                    "verb": {
                        "text": "realize",
                        "tense": "present"
                    },
                    "text": "realize",
                    "normalized": "realize"
                }
            },
            {
                "subject": {
                    "text": "we"
                },
                "sentence": " Second, I realize these days how many things in our lives we take for granted",
                "object": {
                    "text": "how many things in our lives"
                },
                "action": {
                    "verb": {
                        "text": "take",
                        "tense": "present"
                    },
                    "text": "take",
                    "normalized": "take"
                }
            },
            {
                "subject": {
                    "text": "we"
                },
                "sentence": " Second, I realize these days how many things in our lives we take for granted",
                "object": {
                    "text": "how many things in our lives"
                },
                "action": {
                    "verb": {
                        "text": "grant",
                        "tense": "past"
                    },
                    "text": "granted",
                    "normalized": "grant"
                }
            },
            {
                "subject": {
                    "text": "we"
                },
                "sentence": " in the beautiful parks that we have here in the Myrtle Beach area.",
                "object": {
                    "text": "here"
                },
                "action": {
                    "verb": {
                        "text": "have",
                        "tense": "present"
                    },
                    "text": "have",
                    "normalized": "have"
                }
            },
            {
                "subject": {
                    "text": "we"
                },
                "sentence": " places that we must avoid now in keeping with social distancing guidelines are",
                "action": {
                    "verb": {
                        "text": "avoid",
                        "tense": "future"
                    },
                    "text": "must avoid",
                    "normalized": "must avoid"
                }
            },
            {
                "subject": {
                    "text": "we"
                },
                "sentence": " places that we must avoid now in keeping with social distancing guidelines are",
                "object": {
                    "text": "with social distancing guidelines are"
                },
                "action": {
                    "verb": {
                        "text": "keep",
                        "tense": "future"
                    },
                    "text": "keeping",
                    "normalized": "keep"
                }
            },
            {
                "subject": {
                    "text": "we"
                },
                "sentence": " activities that we take for granted in normal circumstances.",
                "object": {
                    "text": "activities"
                },
                "action": {
                    "verb": {
                        "text": "grant",
                        "tense": "past"
                    },
                    "text": "granted",
                    "normalized": "grant"
                }
            },
            {
                "subject": {
                    "text": "I"
                },
                "sentence": " I think that when we pass this period, we will get a greater sense of",
                "object": {
                    "text": "that when we pass this period, we will get a greater sense of"
                },
                "action": {
                    "verb": {
                        "text": "think",
                        "tense": "present"
                    },
                    "text": "think",
                    "normalized": "think"
                }
            },
            {
                "subject": {
                    "text": "we"
                },
                "sentence": " I think that when we pass this period, we will get a greater sense of",
                "action": {
                    "verb": {
                        "text": "pass",
                        "tense": "present"
                    },
                    "text": "pass",
                    "normalized": "pass"
                }
            },
            {
                "subject": {
                    "text": "we"
                },
                "sentence": " I think that when we pass this period, we will get a greater sense of",
                "action": {
                    "verb": {
                        "text": "get",
                        "tense": "future"
                    },
                    "text": "will get",
                    "normalized": "will get"
                }
            },
            {
                "subject": {
                    "text": "The simple pleasures that"
                },
                "sentence": " The simple pleasures that are now",
                "action": {
                    "verb": {
                        "text": "be",
                        "tense": "present"
                    },
                    "text": "are",
                    "normalized": "be"
                }
            },
            {
                "subject": {
                    "text": "it all"
                },
                "sentence": " prohibited will be appreciated when it all has passed.",
                "object": {
                    "text": "passed"
                },
                "action": {
                    "verb": {
                        "text": "have",
                        "tense": "present"
                    },
                    "text": "has",
                    "normalized": "have"
                }
            },
            {
                "subject": {
                    "text": "He"
                },
                "sentence": " wealthy?\" and his answer to that question was, \"He who rejoices in his",
                "action": {
                    "verb": {
                        "text": "rejoice",
                        "tense": "past"
                    },
                    "text": "rejoices",
                    "normalized": "rejoice"
                }
            },
            {
                "subject": {
                    "text": "it"
                },
                "sentence": " As it is said in Psalm 128:2, \"When you eat the labor of your hands, happy",
                "action": {
                    "verb": {
                        "text": "say",
                        "tense": "past"
                    },
                    "text": "is said",
                    "normalized": "be say"
                }
            },
            {
                "subject": {
                    "text": "you"
                },
                "sentence": " As it is said in Psalm 128:2, \"When you eat the labor of your hands, happy",
                "object": {
                    "text": "the labor of your hands"
                },
                "action": {
                    "verb": {
                        "text": "eat",
                        "tense": "present"
                    },
                    "text": "eat",
                    "normalized": "eat"
                }
            },
            {
                "subject": {
                    "text": "I"
                },
                "sentence": " Third, I learned to love and appreciate my community even more than ever",
                "object": {
                    "text": "to love and appreciate my community even more than ever"
                },
                "action": {
                    "verb": {
                        "text": "learn",
                        "tense": "past"
                    },
                    "text": "learned",
                    "normalized": "learn"
                }
            },
            {
                "subject": {
                    "text": "I"
                },
                "sentence": " Third, I learned to love and appreciate my community even more than ever",
                "object": {
                    "text": "my community"
                },
                "action": {
                    "verb": {
                        "text": "appreciate",
                        "tense": "present"
                    },
                    "text": "learned to love and appreciate",
                    "normalized": "learn to love and appreciate"
                }
            },
            {
                "subject": {
                    "text": "many people"
                },
                "sentence": " before. I talked to many people who offered to help each other and volunteer",
                "object": {
                    "text": "to help each other and volunteer"
                },
                "action": {
                    "verb": {
                        "text": "offer",
                        "tense": "past"
                    },
                    "text": "offered",
                    "normalized": "offer"
                }
            },
            {
                "subject": {
                    "text": "many people"
                },
                "sentence": " before. I talked to many people who offered to help each other and volunteer",
                "object": {
                    "text": "each other and volunteer"
                },
                "action": {
                    "verb": {
                        "text": "help",
                        "tense": "future"
                    },
                    "text": "offered to help",
                    "normalized": "offer to help"
                }
            },
            {
                "subject": {
                    "text": "my advice to call other members and friends"
                },
                "sentence": " Many of them followed my advice to call other members and friends and keep in",
                "object": {
                    "text": "Many of them"
                },
                "action": {
                    "verb": {
                        "text": "follow",
                        "tense": "past"
                    },
                    "text": "followed",
                    "normalized": "follow"
                }
            },
            {
                "subject": {
                    "text": "The coronavirus"
                },
                "sentence": " The coronavirus can be damaging to our souls if we will not work with each",
                "object": {
                    "text": "damaging to our souls"
                },
                "action": {
                    "verb": {
                        "text": "be",
                        "tense": "future"
                    },
                    "text": "be",
                    "normalized": "be"
                }
            },
            {
                "subject": {
                    "text": "The coronavirus"
                },
                "sentence": " The coronavirus can be damaging to our souls if we will not work with each",
                "object": {
                    "text": "to our souls"
                },
                "action": {
                    "verb": {
                        "text": "damage",
                        "tense": "future"
                    },
                    "text": "can be damaging",
                    "normalized": "can be damage"
                }
            },
            {
                "subject": {
                    "text": "other. A sense of loneliness and depression"
                },
                "sentence": " other. A sense of loneliness and depression can affect us all.",
                "object": {
                    "text": "us"
                },
                "action": {
                    "verb": {
                        "text": "affect",
                        "tense": "future"
                    },
                    "text": "can affect",
                    "normalized": "can affect"
                }
            },
            {
                "subject": {
                    "text": "it"
                },
                "sentence": " Please keep up the good work; it's a mitzvah (good deed), and your phone calls",
                "object": {
                    "text": "a mitzvah (good deed), and your phone calls"
                },
                "action": {
                    "verb": {
                        "text": "has",
                        "tense": "present"
                    },
                    "text": "has",
                    "normalized": "has"
                }
            },
            {
                "subject": {
                    "text": "The mental health of your friends"
                },
                "sentence": " The mental health of your friends must be priority - one for",
                "object": {
                    "text": "priority"
                },
                "action": {
                    "verb": {
                        "text": "be",
                        "tense": "future"
                    },
                    "text": "must be",
                    "normalized": "must be"
                }
            }
        ],
        "categories": [
            {
                "score": 0.912155,
                "label": "/religion and spirituality/judaism"
            },
            {
                "score": 0.745946,
                "label": "/family and parenting/children"
            },
            {
                "score": 0.736676,
                "label": "/society/social institution/divorce"
            }
        ],
        "relations": [
            {
                "type": "agentOf",
                "sentence": "When you read the title of this column, you are probably going to ask yourself, \"What kind of a lesson can we learn from a deadly virus?\"",
                "score": 0.846836,
                "arguments": [
                    {
                        "text": "you",
                        "location": [
                            40,
                            43
                        ],
                        "entities": [
                            {
                                "type": "Person",
                                "text": "yourself"
                            }
                        ]
                    },
                    {
                        "text": "ask",
                        "location": [
                            66,
                            69
                        ],
                        "entities": [
                            {
                                "type": "EventCommunication",
                                "text": "ask"
                            }
                        ]
                    }
                ]
            },
            {
                "type": "locatedAt",
                "sentence": "As it is said in Psalm 128:2, \"When you eat the labor of your hands, happy shall you be.",
                "score": 0.593899,
                "arguments": [
                    {
                        "text": "said",
                        "location": [
                            2458,
                            2462
                        ],
                        "entities": [
                            {
                                "type": "EventCommunication",
                                "text": "said"
                            }
                        ]
                    },
                    {
                        "text": "Psalm",
                        "location": [
                            2466,
                            2471
                        ],
                        "entities": [
                            {
                                "type": "GeopoliticalEntity",
                                "text": "Psalm"
                            }
                        ]
                    }
                ]
            },
            {
                "type": "timeOf",
                "sentence": "As it is said in Psalm 128:2, \"When you eat the labor of your hands, happy shall you be.",
                "score": 0.603269,
                "arguments": [
                    {
                        "text": "128:2",
                        "location": [
                            2472,
                            2477
                        ],
                        "entities": [
                            {
                                "type": "Time",
                                "text": "128:2"
                            }
                        ]
                    },
                    {
                        "text": "said",
                        "location": [
                            2458,
                            2462
                        ],
                        "entities": [
                            {
                                "type": "EventCommunication",
                                "text": "said"
                            }
                        ]
                    }
                ]
            },
            {
                "type": "locatedAt",
                "sentence": "And it shall be well with you in this world and the world to come.\"",
                "score": 0.481441,
                "arguments": [
                    {
                        "text": "you",
                        "location": [
                            2564,
                            2567
                        ],
                        "entities": [
                            {
                                "type": "Person",
                                "text": "your"
                            }
                        ]
                    },
                    {
                        "text": "world",
                        "location": [
                            2590,
                            2595
                        ],
                        "entities": [
                            {
                                "type": "GeopoliticalEntity",
                                "text": "world",
                                "disambiguation": {
                                    "subtype": [
                                        "Area"
                                    ]
                                }
                            }
                        ]
                    }
                ]
            },
            {
                "type": "agentOf",
                "sentence": "I talked to many people who offered to help each other and volunteer at this time.",
                "score": 0.981818,
                "arguments": [
                    {
                        "text": "I",
                        "location": [
                            2688,
                            2689
                        ],
                        "entities": [
                            {
                                "type": "Person",
                                "text": "your"
                            }
                        ]
                    },
                    {
                        "text": "talked",
                        "location": [
                            2690,
                            2696
                        ],
                        "entities": [
                            {
                                "type": "EventCommunication",
                                "text": "talked"
                            }
                        ]
                    }
                ]
            },
            {
                "type": "affectedBy",
                "sentence": "I talked to many people who offered to help each other and volunteer at this time.",
                "score": 0.803823,
                "arguments": [
                    {
                        "text": "people",
                        "location": [
                            2705,
                            2711
                        ],
                        "entities": [
                            {
                                "type": "Person",
                                "text": "people"
                            }
                        ]
                    },
                    {
                        "text": "talked",
                        "location": [
                            2690,
                            2696
                        ],
                        "entities": [
                            {
                                "type": "EventCommunication",
                                "text": "talked"
                            }
                        ]
                    }
                ]
            },
            {
                "type": "partOfMany",
                "sentence": "Many of them followed my advice to call other members and friends and keep in touch.",
                "score": 0.913968,
                "arguments": [
                    {
                        "text": "Many",
                        "location": [
                            2772,
                            2776
                        ],
                        "entities": [
                            {
                                "type": "Cardinal",
                                "text": "people"
                            }
                        ]
                    },
                    {
                        "text": "them",
                        "location": [
                            2780,
                            2784
                        ],
                        "entities": [
                            {
                                "type": "Person",
                                "text": "members"
                            }
                        ]
                    }
                ]
            },
            {
                "type": "agentOf",
                "sentence": "Rabbi Hillel said, \"Al Tifrush min Hatzibur.",
                "score": 0.99471,
                "arguments": [
                    {
                        "text": "Rabbi Hillel",
                        "location": [
                            3227,
                            3239
                        ],
                        "entities": [
                            {
                                "type": "Person",
                                "text": "Rabbi Hillel"
                            }
                        ]
                    },
                    {
                        "text": "said",
                        "location": [
                            3240,
                            3244
                        ],
                        "entities": [
                            {
                                "type": "EventCommunication",
                                "text": "said"
                            }
                        ]
                    }
                ]
            },
            {
                "type": "relative",
                "sentence": "And fifth, I learned how important the family is; we all love and care for our families, but at a time like this, we feel a greater need to be together.",
                "score": 0.227717,
                "arguments": [
                    {
                        "text": "our",
                        "location": [
                            3664,
                            3667
                        ],
                        "entities": [
                            {
                                "type": "Person",
                                "text": "them"
                            }
                        ]
                    },
                    {
                        "text": "families",
                        "location": [
                            3668,
                            3676
                        ],
                        "entities": [
                            {
                                "type": "Person",
                                "text": "families"
                            }
                        ]
                    }
                ]
            },
            {
                "type": "agentOf",
                "sentence": "We are going to hug them and tell them how much we miss and love them.",
                "score": 0.645174,
                "arguments": [
                    {
                        "text": "them",
                        "location": [
                            3848,
                            3852
                        ],
                        "entities": [
                            {
                                "type": "Person",
                                "text": "them"
                            }
                        ]
                    },
                    {
                        "text": "tell",
                        "location": [
                            3857,
                            3861
                        ],
                        "entities": [
                            {
                                "type": "EventCommunication",
                                "text": "tell"
                            }
                        ]
                    }
                ]
            },
            {
                "type": "affectedBy",
                "sentence": "We are going to hug them and tell them how much we miss and love them.",
                "score": 0.872042,
                "arguments": [
                    {
                        "text": "them",
                        "location": [
                            3862,
                            3866
                        ],
                        "entities": [
                            {
                                "type": "Person",
                                "text": "them"
                            }
                        ]
                    },
                    {
                        "text": "tell",
                        "location": [
                            3857,
                            3861
                        ],
                        "entities": [
                            {
                                "type": "EventCommunication",
                                "text": "tell"
                            }
                        ]
                    }
                ]
            },
            {
                "type": "affectedBy",
                "sentence": "When you read the title of this column, you are probably going to ask yourself, \"What kind of a lesson can we learn from a deadly virus?\"",
                "score": 0.781729,
                "arguments": [
                    {
                        "text": "yourself",
                        "location": [
                            70,
                            78
                        ],
                        "entities": [
                            {
                                "type": "Person",
                                "text": "yourself"
                            }
                        ]
                    },
                    {
                        "text": "ask",
                        "location": [
                            66,
                            69
                        ],
                        "entities": [
                            {
                                "type": "EventCommunication",
                                "text": "ask"
                            }
                        ]
                    }
                ]
            },
            {
                "type": "relative",
                "sentence": "I am fully aware of the coronavirus impact on our lives, our health, our finances, our families, our businesses, and our homes.",
                "score": 0.239587,
                "arguments": [
                    {
                        "text": "our",
                        "location": [
                            1028,
                            1031
                        ],
                        "entities": [
                            {
                                "type": "Person",
                                "text": "our"
                            }
                        ]
                    },
                    {
                        "text": "families",
                        "location": [
                            1032,
                            1040
                        ],
                        "entities": [
                            {
                                "type": "Person",
                                "text": "families"
                            }
                        ]
                    }
                ]
            },
            {
                "type": "ownerOf",
                "sentence": "I am fully aware of the coronavirus impact on our lives, our health, our finances, our families, our businesses, and our homes.",
                "score": 0.464511,
                "arguments": [
                    {
                        "text": "our",
                        "location": [
                            1062,
                            1065
                        ],
                        "entities": [
                            {
                                "type": "Person",
                                "text": "our"
                            }
                        ]
                    },
                    {
                        "text": "homes",
                        "location": [
                            1066,
                            1071
                        ],
                        "entities": [
                            {
                                "type": "Facility",
                                "text": "homes"
                            }
                        ]
                    }
                ]
            },
            {
                "type": "agentOf",
                "sentence": "First and most important, we must know that this situation is a temporary nuisance; it will pass, and in the near future, we will talk about it in past- tense terms.",
                "score": 0.935384,
                "arguments": [
                    {
                        "text": "we",
                        "location": [
                            1301,
                            1303
                        ],
                        "entities": [
                            {
                                "type": "Person",
                                "text": "our"
                            }
                        ]
                    },
                    {
                        "text": "talk",
                        "location": [
                            1309,
                            1313
                        ],
                        "entities": [
                            {
                                "type": "EventCommunication",
                                "text": "talk"
                            }
                        ]
                    }
                ]
            },
            {
                "type": "residesIn",
                "sentence": "However, I think that with the resources of our country, and the scientists and doctors who are working around the clock to find a vaccine, and with the social distancing measures that we take, our country will overcome the virus.",
                "score": 0.43938,
                "arguments": [
                    {
                        "text": "our",
                        "location": [
                            1506,
                            1509
                        ],
                        "entities": [
                            {
                                "type": "Person",
                                "text": "our"
                            }
                        ]
                    },
                    {
                        "text": "country",
                        "location": [
                            1510,
                            1517
                        ],
                        "entities": [
                            {
                                "type": "GeopoliticalEntity",
                                "text": "country",
                                "disambiguation": {
                                    "subtype": [
                                        "Country"
                                    ]
                                }
                            }
                        ]
                    }
                ]
            },
            {
                "type": "locatedAt",
                "sentence": "Second, I realize these days how many things in our lives we take for granted - like going to movies, to libraries, and to restaurants, or even for a walk in the beautiful parks that we have here in the Myrtle Beach area.",
                "score": 0.536125,
                "arguments": [
                    {
                        "text": "restaurants",
                        "location": [
                            1817,
                            1828
                        ],
                        "entities": [
                            {
                                "type": "Organization",
                                "text": "restaurants",
                                "disambiguation": {
                                    "subtype": [
                                        "Commercial"
                                    ]
                                }
                            }
                        ]
                    },
                    {
                        "text": "parks",
                        "location": [
                            1866,
                            1871
                        ],
                        "entities": [
                            {
                                "type": "Facility",
                                "text": "parks"
                            }
                        ]
                    }
                ]
            },
            {
                "type": "employedBy",
                "sentence": "In that sense, we need to follow the teachings of the Talmudic sage Ben Zoma, who asked, \"Who is wealthy?",
                "score": 0.340619,
                "arguments": [
                    {
                        "text": "sage",
                        "location": [
                            2333,
                            2337
                        ],
                        "entities": [
                            {
                                "type": "Person",
                                "text": "Ben Zoma"
                            }
                        ]
                    },
                    {
                        "text": "Talmudic",
                        "location": [
                            2324,
                            2332
                        ],
                        "entities": [
                            {
                                "type": "Organization",
                                "text": "Talmudic"
                            }
                        ]
                    }
                ]
            },
            {
                "type": "agentOf",
                "sentence": "In that sense, we need to follow the teachings of the Talmudic sage Ben Zoma, who asked, \"Who is wealthy?",
                "score": 0.981267,
                "arguments": [
                    {
                        "text": "who",
                        "location": [
                            2348,
                            2351
                        ],
                        "entities": [
                            {
                                "type": "Person",
                                "text": "Ben Zoma"
                            }
                        ]
                    },
                    {
                        "text": "asked",
                        "location": [
                            2352,
                            2357
                        ],
                        "entities": [
                            {
                                "type": "EventCommunication",
                                "text": "asked"
                            }
                        ]
                    }
                ]
            }
        ],
        "keywords": [
            {
                "text": "good work",
                "relevance": 0.617279,
                "count": 1
            },
            {
                "text": "important tenet of Judaism",
                "relevance": 0.60352,
                "count": 1
            },
            {
                "text": "greater sense",
                "relevance": 0.569558,
                "count": 1
            },
            {
                "text": "greater need",
                "relevance": 0.56837,
                "count": 1
            },
            {
                "text": "coronavirus impact",
                "relevance": 0.5673,
                "count": 1
            },
            {
                "text": "kind of a lesson",
                "relevance": 0.565448,
                "count": 1
            },
            {
                "text": "phone calls",
                "relevance": 0.555585,
                "count": 1
            },
            {
                "text": "May God",
                "relevance": 0.554799,
                "count": 1
            },
            {
                "text": "Pikuach Nefesh",
                "relevance": 0.552575,
                "count": 1
            },
            {
                "text": "online services",
                "relevance": 0.548133,
                "count": 1
            },
            {
                "text": "good deed",
                "relevance": 0.544224,
                "count": 1
            },
            {
                "text": "world",
                "relevance": 0.543405,
                "count": 3
            },
            {
                "text": "preservation of human life overrides",
                "relevance": 0.54239,
                "count": 1
            },
            {
                "text": "title of this column",
                "relevance": 0.541499,
                "count": 1
            },
            {
                "text": "near future",
                "relevance": 0.53892,
                "count": 1
            },
            {
                "text": "Israel's national anthem",
                "relevance": 0.537461,
                "count": 1
            },
            {
                "text": "beautiful parks",
                "relevance": 0.536081,
                "count": 1
            },
            {
                "text": "families",
                "relevance": 0.5326,
                "count": 2
            },
            {
                "text": "simple things",
                "relevance": 0.531493,
                "count": 1
            },
            {
                "text": "teachings of the Talmudic sage Ben Zoma",
                "relevance": 0.531411,
                "count": 1
            },
            {
                "text": "destructive force",
                "relevance": 0.529845,
                "count": 1
            },
            {
                "text": "social distancing",
                "relevance": 0.529002,
                "count": 1
            },
            {
                "text": "Jewish history",
                "relevance": 0.527336,
                "count": 1
            },
            {
                "text": "new ways of life",
                "relevance": 0.526474,
                "count": 1
            },
            {
                "text": "next family reunions",
                "relevance": 0.525399,
                "count": 1
            },
            {
                "text": "business owner",
                "relevance": 0.523055,
                "count": 1
            },
            {
                "text": "devastating effects",
                "relevance": 0.521945,
                "count": 1
            },
            {
                "text": "family moments",
                "relevance": 0.520267,
                "count": 1
            },
            {
                "text": "normal circumstances",
                "relevance": 0.519814,
                "count": 1
            },
            {
                "text": "resources of our country",
                "relevance": 0.519649,
                "count": 1
            },
            {
                "text": "deadly virus",
                "relevance": 0.518801,
                "count": 1
            },
            {
                "text": "lives",
                "relevance": 0.518024,
                "count": 4
            },
            {
                "text": "Al Tifrush min Hatzibur",
                "relevance": 0.517063,
                "count": 1
            },
            {
                "text": "family",
                "relevance": 0.516318,
                "count": 1
            },
            {
                "text": "Jewish law",
                "relevance": 0.516274,
                "count": 1
            },
            {
                "text": "online shops",
                "relevance": 0.51548,
                "count": 1
            },
            {
                "text": "local community",
                "relevance": 0.51457,
                "count": 1
            },
            {
                "text": "claim",
                "relevance": 0.513795,
                "count": 1
            },
            {
                "text": "synagogues",
                "relevance": 0.513083,
                "count": 1
            },
            {
                "text": "darkness",
                "relevance": 0.512241,
                "count": 1
            },
            {
                "text": "places",
                "relevance": 0.511908,
                "count": 1
            },
            {
                "text": "sense of loneliness",
                "relevance": 0.511859,
                "count": 1
            },
            {
                "text": "order",
                "relevance": 0.511849,
                "count": 1
            },
            {
                "text": "humans",
                "relevance": 0.509727,
                "count": 1
            },
            {
                "text": "appreciation",
                "relevance": 0.509038,
                "count": 1
            },
            {
                "text": "arrangements",
                "relevance": 0.508683,
                "count": 2
            },
            {
                "text": "love",
                "relevance": 0.508659,
                "count": 1
            },
            {
                "text": "finances",
                "relevance": 0.508355,
                "count": 1
            },
            {
                "text": "clock",
                "relevance": 0.507777,
                "count": 1
            },
            {
                "text": "period",
                "relevance": 0.507636,
                "count": 1
            }
        ]
    },
    "freqeuncy": "Weekly",
    "extracted_metadata": {
        "sha1": "f9e3faf4d78327c472b147025bca6d696c3a9958",
        "filename": "202005220000NEWSBANKNEWSPPRSFB4E1BDE49B4E310E2149EDCA3C581E.json",
        "file_type": "json"
    },
    "companyRecord": "|||Centers for Disease Prevention and Control|extractor|DUNS:927645465;NECOID:1443072899;ACORN:1432072899;UDUNS:161906193;UACORN:2653674111|MENTION||||XXXX|REFERENCE",
    "publicationTime": "2020-05-22T00:00:00-04:00",
    "title": "Personal lessons learned from a global pandemic",
    "html": "<p>When you read the title of this column, you are probably going to ask yourself, \"What kind of a lesson can we learn from a deadly virus?\"</p>\n<p>My claim is that even a negative and destructive force can serve as a life lesson for us. The COVID-19 pandemic changed our lives in many ways. Many synagogues and churches are now doing online services, and it's amazing to see how quickly we adjust to it; as humans, we can easily adopt new ways of life. We are all keeping social distancing, and we try to stay home as much as possible.</p>\n\n<p>We recognize Pikuach Nefesh -the principle in Jewish law (Halacha) that the preservation of human life overrides virtually any other religious rule. Saving of life is an important tenet of Judaism, and therefore every one of us needs to try to do our best to follow the guidelines of the <org idsrc=\"xmltag.org\" value=\"ACORN:1432072899\">CDC</org>.</p>\n\n<p>Judaism and Jewish history are all about hope (Tikvah) and optimism. Even <location idsrc=\"xmltag.org\" value=\"LC/il\">Israel's</location> national anthem is called \"The Hope.\"</p>\n\n<p>I am fully aware of the coronavirus impact on our lives, our health, our finances, our families, our businesses, and our homes. However, with this darkness that suddenly immersed us, we must look positively and realize a few things:</p>\n\n<p>First and most important, we must know that this situation is a temporary nuisance; it will pass, and in the near future, we will talk about it in past-tense terms. I am not taking it lightly. I know that it is a serious problem for the world with devastating effects on all of us. However, I think that with the resources of our country, and the scientists and doctors who are working around the clock to find a vaccine, and with the social distancing measures that we take, our country will overcome the virus.</p>\n\n<p>Second, I realize these days how many things in our lives we take for granted - like going to movies, to libraries, and to restaurants, or even for a walk in the beautiful parks that we have here in the <location idsrc=\"xmltag.org\" value=\"LU/us.sc.myrach\">Myrtle Beach</location> area. All these places that we must avoid now in keeping with social distancing guidelines are activities that we take for granted in normal circumstances.</p>\n\n<p>I think that when we pass this period, we will get a greater sense of appreciation for the simple things in life. The simple pleasures that are now prohibited will be appreciated when it all has passed. In that sense, we need to follow the teachings of the Talmudic sage <person>Ben Zoma</person>, who asked, \"Who is wealthy?\" and his answer to that question was, \"He who rejoices in his portion.\"</p>\n\n<p>As it is said in Psalm 128:2, \"When you eat the labor of your hands, happy shall you be. And it shall be well with you in this world and the world to come.\"</p>\n\n<p>Third, I learned to love and appreciate my community even more than ever before. I talked to many people who offered to help each other and volunteer at this time.</p>\n\n<p>Many of them followed my advice to call other members and friends and keep in touch.</p>\n\n<p>The coronavirus can be damaging to our souls if we will not work with each other. A sense of loneliness and depression can affect us all.</p>\n\n<p>Please keep up the good work; it's a mitzvah (good deed), and your phone calls may save lives. The mental health of your friends must be priority - one for all of you.</p>\n\n<p>I suggest that you should call at least 10 people every day. <person>Rabbi Hillel</person> said, \"Al Tifrush min Hatzibur.\" (Do not withdraw from the community.) At this time, we need each other for help and comfort.</p>\n\n<p>Fourth, if you know of any business owner from your local community who is affected by the situation, please support them. I know that it's easier to order from Amazon or other online shops, but we have to think locally.</p>\n\n<p>And fifth, I learned how important the family is; we all love and care for our families, but at a time like this, we feel a greater need to be together.</p>\n\n<p>We feel that we must prioritize, and when it's all over, we are going to visit them. We are going to hug them and tell them how much we miss and love them. We are going to make arrangements to see them soon. We learn to appreciate these family moments more than ever before.</p>\n\n<p>So, please start making arrangements for your next family reunions.</p>\n\n<p>May God bless you and your loved ones with a blessing of peace and good health.</p>",
    "geoFocus": [
        [
            "GU/us.sc.conway",
            "Conway"
        ]
    ]
}