{
    "id": "434672e8-8909-46a9-9b4a-fb9c94fd2044",
    "result_metadata": {
        "score": 1
    },
    "copyright": "(c)  2020, TenderNews.com Provided by SyndiGate Media Inc. (Syndigate.info).",
    "geoOrigin": "New Delhi, India",
    "sourceType": "General Newswire",
    "source": "TenderNews.com - Tenders (India)",
    "corpus_document_id": "43178265454790500439",
    "description": "Reagents and consumables for performing automated analytical techniques and leasing the necessary equipment in the microbiology-serology laboratory more info: Location: Saragossa BidDate: 3/ 2/ 2020 Tender Country: Spain Tender Type: Corrigendum Tendering Authority: Zaragoza Health Sector Management 3 Tendering Authority Address: Address: Avenida San...",
    "serviceName": "Middle East & North African Newspapers",
    "locationCode": [],
    "sourceClass": "Business and Commerce",
    "subjectCode": [
        {
            "parent": "IS/pol.spec",
            "relevance_score": "9",
            "description": "Government Contract Solicitations",
            "code": "IS/pol.govrfp#9#99#50",
            "level": 2
        },
        {
            "parent": "IS/spec",
            "relevance_score": "9",
            "description": "Structured Politics and Government Content",
            "code": "IS/pol.spec#9#50#99",
            "level": 1
        },
        {
            "parent": null,
            "relevance_score": "9",
            "description": "Structured Content",
            "code": "IS/spec#9#50#99",
            "level": 0
        }
    ],
    "text": "Reagents and consumables for performing automated analytical techniques and\nleasing the necessary equipment in the microbiology-serology laboratory more\ninfo : Location : Saragossa BidDate : 3/2/2020 Tender Country : Spain Tender\nType : Corrigendum Tendering Authority : Zaragoza Health Sector Management 3\nTendering Authority Address : Address: Avenida San Juan Bosco, 15 Postal Code:\n50009 Town: Zaragoza Financier : Self Funded Tearn Money : Not Specified",
    "industryCode": [],
    "naviga_enrichment": {
        "org": [],
        "location": [],
        "person": [],
        "companies": []
    },
    "geoOrigin_code": "RU/in..newdel",
    "language": "English",
    "filename": "202006050210ALBA____ME_NA_NE_32398_176209344_138.151.XML",
    "providerName": "SyndiGate Media Inc.",
    "enriched_text": {
        "entities": [
            {
                "count": 1,
                "sentiment": {
                    "score": 0,
                    "label": "neutral"
                },
                "text": "Corrigendum Tendering Authority",
                "relevance": 0.931696,
                "type": "Organization"
            },
            {
                "count": 1,
                "sentiment": {
                    "score": 0,
                    "label": "neutral"
                },
                "text": "Zaragoza Health Sector Management",
                "relevance": 0.67968,
                "type": "Organization"
            },
            {
                "count": 1,
                "sentiment": {
                    "score": 0,
                    "label": "neutral"
                },
                "text": "Zaragoza",
                "relevance": 0.601001,
                "type": "Location",
                "disambiguation": {
                    "subtype": [
                        "City"
                    ],
                    "name": "Zaragoza",
                    "dbpedia_resource": "http://dbpedia.org/resource/Zaragoza"
                }
            },
            {
                "count": 1,
                "sentiment": {
                    "score": 0,
                    "label": "neutral"
                },
                "text": "Avenida San Juan Bosco",
                "relevance": 0.591729,
                "type": "Location",
                "disambiguation": {
                    "subtype": [
                        "City"
                    ]
                }
            },
            {
                "count": 1,
                "sentiment": {
                    "score": 0.643401,
                    "label": "positive"
                },
                "text": "Spain",
                "relevance": 0.328643,
                "type": "Location",
                "disambiguation": {
                    "subtype": [
                        "Country"
                    ],
                    "name": "Francoist Spain",
                    "dbpedia_resource": "http://dbpedia.org/resource/Francoist_Spain"
                }
            }
        ],
        "semantic_roles": [
            {
                "subject": {
                    "text": "Reagents and consumables"
                },
                "sentence": "Reagents and consumables for performing automated analytical techniques and",
                "object": {
                    "text": "automated analytical techniques"
                },
                "action": {
                    "verb": {
                        "text": "perform",
                        "tense": "present"
                    },
                    "text": "performing",
                    "normalized": "perform"
                }
            }
        ],
        "categories": [
            {
                "score": 0.579265,
                "label": "/business and industrial/business operations/management/business process"
            },
            {
                "score": 0.579063,
                "label": "/law, govt and politics"
            },
            {
                "score": 0.564152,
                "label": "/business and industrial/business operations/human resources/payroll services"
            }
        ],
        "relations": [
            {
                "type": "productOf",
                "sentence": "Reagents and consumables for performing automated analytical techniques and leasing the necessary equipment in the microbiology-serology laboratory more info : Location : Saragossa BidDate : 3/2/2020 Tender Country : Spain Tender Type : Corrigendum Tendering Authority : Zaragoza Health Sector Management 3 Tendering Authority Address : Address: Avenida San Juan Bosco, 15 Postal Code: 50009 Town: Zaragoza Financier : Self Funded Tearn Money : Not Specified",
                "score": 0.224758,
                "arguments": [
                    {
                        "text": "Tender\nType : Corrigendum Tendering Authority : Zaragoza Health Sector Management 3\nTendering Authority Address : Address: Avenida San",
                        "location": [
                            223,
                            357
                        ],
                        "entities": [
                            {
                                "type": "TitleWork",
                                "text": "Tender\nType : Corrigendum Tendering Authority : Zaragoza Health Sector Management 3\nTendering Authority Address : Address: Avenida San"
                            }
                        ]
                    },
                    {
                        "text": "Spain",
                        "location": [
                            217,
                            222
                        ],
                        "entities": [
                            {
                                "type": "GeopoliticalEntity",
                                "text": "Spain",
                                "disambiguation": {
                                    "subtype": [
                                        "Country"
                                    ]
                                }
                            }
                        ]
                    }
                ]
            },
            {
                "type": "residesIn",
                "sentence": "Reagents and consumables for performing automated analytical techniques and leasing the necessary equipment in the microbiology-serology laboratory more info : Location : Saragossa BidDate : 3/2/2020 Tender Country : Spain Tender Type : Corrigendum Tendering Authority : Zaragoza Health Sector Management 3 Tendering Authority Address : Address: Avenida San Juan Bosco, 15 Postal Code: 50009 Town: Zaragoza Financier : Self Funded Tearn Money : Not Specified",
                "score": 0.433598,
                "arguments": [
                    {
                        "text": "Bosco",
                        "location": [
                            363,
                            368
                        ],
                        "entities": [
                            {
                                "type": "Person",
                                "text": "Bosco"
                            }
                        ]
                    },
                    {
                        "text": "Juan",
                        "location": [
                            358,
                            362
                        ],
                        "entities": [
                            {
                                "type": "GeopoliticalEntity",
                                "text": "Juan"
                            }
                        ]
                    }
                ]
            },
            {
                "type": "locatedAt",
                "sentence": "Reagents and consumables for performing automated analytical techniques and leasing the necessary equipment in the microbiology-serology laboratory more info : Location : Saragossa BidDate : 3/2/2020 Tender Country : Spain Tender Type : Corrigendum Tendering Authority : Zaragoza Health Sector Management 3 Tendering Authority Address : Address: Avenida San Juan Bosco, 15 Postal Code: 50009 Town: Zaragoza Financier : Self Funded Tearn Money : Not Specified",
                "score": 0.744985,
                "arguments": [
                    {
                        "text": "Town",
                        "location": [
                            392,
                            396
                        ],
                        "entities": [
                            {
                                "type": "GeopoliticalEntity",
                                "text": "Town"
                            }
                        ]
                    },
                    {
                        "text": "Zaragoza",
                        "location": [
                            398,
                            406
                        ],
                        "entities": [
                            {
                                "type": "GeopoliticalEntity",
                                "text": "Zaragoza"
                            }
                        ]
                    }
                ]
            },
            {
                "type": "residesIn",
                "sentence": "Reagents and consumables for performing automated analytical techniques and leasing the necessary equipment in the microbiology-serology laboratory more info : Location : Saragossa BidDate : 3/2/2020 Tender Country : Spain Tender Type : Corrigendum Tendering Authority : Zaragoza Health Sector Management 3 Tendering Authority Address : Address: Avenida San Juan Bosco, 15 Postal Code: 50009 Town: Zaragoza Financier : Self Funded Tearn Money : Not Specified",
                "score": 0.310501,
                "arguments": [
                    {
                        "text": "Financier",
                        "location": [
                            407,
                            416
                        ],
                        "entities": [
                            {
                                "type": "Person",
                                "text": "Financier"
                            }
                        ]
                    },
                    {
                        "text": "Zaragoza",
                        "location": [
                            398,
                            406
                        ],
                        "entities": [
                            {
                                "type": "GeopoliticalEntity",
                                "text": "Zaragoza"
                            }
                        ]
                    }
                ]
            }
        ],
        "keywords": [
            {
                "text": "Corrigendum Tendering Authority",
                "relevance": 0.77349,
                "count": 1
            },
            {
                "text": "necessary equipment",
                "relevance": 0.732075,
                "count": 1
            },
            {
                "text": "Tender Country",
                "relevance": 0.685166,
                "count": 1
            },
            {
                "text": "Authority Address",
                "relevance": 0.659563,
                "count": 1
            },
            {
                "text": "Zaragoza Health Sector Management",
                "relevance": 0.612591,
                "count": 1
            },
            {
                "text": "Postal Code",
                "relevance": 0.60219,
                "count": 1
            },
            {
                "text": "info",
                "relevance": 0.595489,
                "count": 1
            },
            {
                "text": "Saragossa BidDate",
                "relevance": 0.58896,
                "count": 1
            },
            {
                "text": "Avenida San Juan Bosco",
                "relevance": 0.56663,
                "count": 1
            },
            {
                "text": "Reagents",
                "relevance": 0.562472,
                "count": 1
            },
            {
                "text": "Location",
                "relevance": 0.554964,
                "count": 1
            },
            {
                "text": "Town",
                "relevance": 0.549816,
                "count": 1
            },
            {
                "text": "consumables",
                "relevance": 0.535402,
                "count": 1
            },
            {
                "text": "Address",
                "relevance": 0.531835,
                "count": 1
            },
            {
                "text": "Self Funded Tearn Money",
                "relevance": 0.528232,
                "count": 1
            },
            {
                "text": "Zaragoza Financier",
                "relevance": 0.522693,
                "count": 1
            },
            {
                "text": "microbiology-serology laboratory",
                "relevance": 0.476913,
                "count": 1
            },
            {
                "text": "analytical techniques",
                "relevance": 0.409468,
                "count": 1
            }
        ]
    },
    "freqeuncy": "Daily",
    "extracted_metadata": {
        "sha1": "0ac9d1dd9d2979f6bc3bf2e405572a18878dd4ba",
        "filename": "202006050210ALBA____ME_NA_NE_32398_176209344_138.151.json",
        "file_type": "json"
    },
    "companyRecord": "",
    "publicationTime": "2020-06-05T02:10:00-04:00",
    "title": "Reagents and consumables for performing automated analytical techniques and leasing the necessary equipment in the microbiology-serology laboratory [TenderNews.com - Tenders (India)]",
    "html": "<p>Reagents and consumables for performing automated analytical techniques and leasing the necessary equipment in the microbiology-serology laboratory more info :  Location : Saragossa\nBidDate : <chron>3/2/2020</chron>\nTender Country : Spain\nTender Type : <org>Corrigendum\nTendering Authority</org> : Zaragoza Health Sector Management 3\nTendering Authority Address : Address: Avenida San Juan Bosco, 15\nPostal Code: 50009\nTown: Zaragoza\nFinancier : Self Funded\n<person>Tearn Money</person> : Not Specified</p>",
    "geoFocus": [
        [
            "GC/in",
            "India"
        ]
    ]
}