{
    "id": "43f4c714-194c-4b91-b032-3b26dcffddff",
    "result_metadata": {
        "score": 1
    },
    "copyright": "\u2117 & \u00a9 2020 William Reed Business Media",
    "geoOrigin": "Crawley, England, United Kingdom",
    "sourceType": "Professional, Business, or Trade Journal",
    "source": "FoodNavigator-USA.com",
    "corpus_document_id": "18330876034181749642",
    "description": "EPG\u2013 a new plant-based oil that has been restructured in such a way that virtually none of it is absorbed by the body\u2013 is attracting interest from formulators across the food industry, as firms see an opportunity to make significant calorie reductions without compromising on taste or texture, claims the firm. Products already on the market containing Epogee\u200b\u200b...",
    "serviceName": "Navigator",
    "locationCode": [],
    "sourceClass": "Food",
    "subjectCode": [
        {
            "parent": null,
            "relevance_score": "7",
            "description": "Business and Commerce",
            "code": "IS/biz#7#50#75",
            "level": 0
        },
        {
            "parent": "IS/biz",
            "relevance_score": "7",
            "description": "Business Life Cycle",
            "code": "IS/biz.dev#7#50#75",
            "level": 1
        },
        {
            "parent": "IS/impact.ops",
            "relevance_score": "7",
            "description": "Business Expansion",
            "code": "IS/biz.growth#7#50#75",
            "level": 2
        },
        {
            "parent": "IS/biz",
            "relevance_score": "7",
            "description": "Manufacturing Operations",
            "code": "IS/biz.man#7#50#75",
            "level": 1
        }
    ],
    "text": "EPG (brand name: Epogee) - a new plant-based oil that has been restructured in\nsuch a way that virtually none of it is absorbed by the body - is attracting\ninterest from formulators across the food industry, as firms see an\nopportunity to make significant calorie reductions without compromising on\ntaste or texture, claims the firm.\n\nProducts already on the market containing [**Epogee**\n\u200b](https://www.epogee.com/#about)\u200b include enrobed caramel clusters and a\nfast-growing low-calorie ice cream brand delivering a _ \"super-premium creamy\nmouthfeel,\"_\u200b Epogee chief commercial officer Jayme Caruso told reporters in a\nbriefing on Wednesday.\n\n_\" We have a customer about to launch a peanut spread and a chocolate hazelnut\nspread with EPG and we expect to see many more products hitting the market\nwith EPG in the coming months.\"_\u200b\n\n###  **Ingredients listing: EPG (modified plant-based oil)** \u200b\n\nEPG (esterified propoxylated glycerol) - which be listed on food labels as\n'EPG (modified plant-based oil)' \\- can be used to replace up to 85% of the\nfat in scores of applications from confectionery to baking mixes, said Caruso,\nwho said the FDA had just confirmed it had no objections to extending a GRAS\ndetermination for EPG to include potato chips, corn-based savory snacks,\nchicken nuggets, plant-based protein products, dairy analogs, and\nbeverages/beverage bases.\n\n###  **1g of Epogee contains 0.7 calories** \u200b\n\nTo make EPG, the company splits rapeseed oil (although other vegetable oils\ncan also be used) into glycerin and fatty acid, inserts a food-grade link, and\nreconnects them (see box below for details).\n\nThe modified fat (EPG) has a high melting point of 102\u02daF, which means that it\ndoesn't liquify when it passes through the body (which typically has a\ntemperature of around 98.6\u02daF) and has \" _the consistency of soft candlewax, \"\n_\u200bCaruso told FoodNavigator-USA.\n\nIt largely resists digestion because digestive enzymes are prevented from\nbreaking it down, so hardly any of its calories are released, added Caruso,\nwho is talking to potential partners from leading CPG brands to 'disruptive'\nstartups.\n\nTo put this into perspective, 1g of fat contains 9 calories, while 1g of\nEpogee contains 0.7 calories.\n\n###  **No messy side effects \u2026**\u200b\n\nUnlike Olestra (which had a lower melting point and messy side effects) or fat\nreplacers made from sugars, gums, starches or fibers (which provide bulking,\nhumectancy and mouthfeel but many firms don't want to include on the\ningredients list), EPG functions like fat in food products and in the human\nbody because it's made from fat _,_ \u200bsaid Caruso.\n\n\" _In a nutshell, \" _\u200bhe said, EPG is unique in the food formulation space\nbecause it's an _ \"alternative fat, not a fat 'substitute'\u2026 EPG looks feels,\ntastes, and functions like fat because it's made from fat, it just doesn't\ndeliver the calories.\"_\u200b\n\n###  **' EPG looks feels, tastes, and functions like fat because it's made\nfrom fat'**\u200b\n\nWhile fat reduction and replacement might have been all the rage in the 80s\nand 90s, consumers today - some of whom are actively embracing high fat keto\ndiets - are more worried about sugar, acknowledged Caruso.\n\nBut they're also worried about their weight, and they are still paying\nattention to calories, and given that fat contains a lot more calories per\ngram (9) than carbs or protein (4), it is \" _the easiest target to drive\ncalories out of products, \" _\u200bhe said.\n\n\" _The low-fat ship sailed 25 years ago, but this is not about low fat, it 's\nabout caloric reduction.\"_\u200b\n\n###  **' There is currently nothing like this is on the market'**\u200b\n\nAnd if food culture has undoubtedly changed since the technology behind EPGs\nwas first developed three decades ago, most Americans are still consuming more\ncalories than they are burning off, and many of them come from fat, added\nCaruso.\n\n_' There is currently nothing like this is on the market. We have two\nproducts, a confectionery EPG with a very sharp melting curve designed to\nmimic cocoa butter or fractionated palm kernel oil, and our workhorse\nspreadable EPG, which works in all of the other applications.\"_\u200b\n\nAs to whether EPG would be considered 'clean label,' there's no simple answer\nas this is not a legally defined term, said Caruso, although he conceded that\nsome natural and organic brands might not be interested.\n\nHowever, brands that are trying to appeal to calorie-conscious consumers are\nparticularly excited by Epogee's potential to cut calories but also eliminate\ningredients such as gums, starches and binders, preservatives and flavor\nenhancers that are often used in low calorie or low fat foods, he said.",
    "industryCode": [
        {
            "parent": null,
            "relevance_score": "5",
            "description": "Food, Beverage and Tobacco",
            "code": "II/fbt#5#58#58",
            "level": 0
        },
        {
            "parent": "II/fbt",
            "relevance_score": "5",
            "description": "Food",
            "code": "II/fbt.food#5#58#50",
            "level": 1
        }
    ],
    "naviga_enrichment": {
        "org": [
            "FoodNavigator-USA"
        ],
        "location": [],
        "person": [
            "Jayme Caruso"
        ],
        "companies": [
            "FoodNavigator-USA"
        ]
    },
    "geoOrigin_code": "RU/gb.eng.craley",
    "language": "English",
    "filename": "202006080822WILLREEDNAVIGATR_6EEDCF9A3A42F2D3D32BB05.XML",
    "providerName": "William Reed Business Media",
    "enriched_text": {
        "entities": [
            {
                "count": 8,
                "sentiment": {
                    "score": 0.540847,
                    "label": "positive"
                },
                "text": "Jayme Caruso",
                "relevance": 0.838879,
                "type": "Person"
            },
            {
                "count": 14,
                "sentiment": {
                    "score": -0.022444,
                    "label": "negative"
                },
                "text": "EPGs",
                "relevance": 0.700422,
                "type": "Company"
            },
            {
                "count": 4,
                "sentiment": {
                    "score": 0,
                    "label": "neutral"
                },
                "text": "Epogee",
                "relevance": 0.446574,
                "type": "Company"
            },
            {
                "count": 2,
                "sentiment": {
                    "score": 0,
                    "label": "neutral"
                },
                "text": "_\u200bhe",
                "relevance": 0.277091,
                "type": "Person"
            },
            {
                "count": 2,
                "sentiment": {
                    "score": 0.236732,
                    "label": "positive"
                },
                "text": "Epogee",
                "relevance": 0.270146,
                "type": "Person"
            },
            {
                "count": 1,
                "sentiment": {
                    "score": 0,
                    "label": "neutral"
                },
                "text": "FDA",
                "relevance": 0.250444,
                "type": "Organization"
            },
            {
                "count": 1,
                "sentiment": {
                    "score": 0,
                    "label": "neutral"
                },
                "text": "chief commercial officer",
                "relevance": 0.244987,
                "type": "JobTitle"
            },
            {
                "count": 1,
                "sentiment": {
                    "score": 0,
                    "label": "neutral"
                },
                "text": "replacers",
                "relevance": 0.237833,
                "type": "Person"
            },
            {
                "count": 1,
                "sentiment": {
                    "score": 0,
                    "label": "neutral"
                },
                "text": "Olestra",
                "relevance": 0.231534,
                "type": "Company"
            },
            {
                "count": 5,
                "sentiment": {
                    "score": 0,
                    "label": "neutral"
                },
                "text": "#",
                "relevance": 0.210829,
                "type": "Hashtag"
            },
            {
                "count": 3,
                "sentiment": {
                    "score": 0,
                    "label": "neutral"
                },
                "text": "1g",
                "relevance": 0.210829,
                "type": "Quantity"
            },
            {
                "count": 2,
                "sentiment": {
                    "score": 0,
                    "label": "neutral"
                },
                "text": "0.7 calories",
                "relevance": 0.210829,
                "type": "Quantity"
            },
            {
                "count": 1,
                "sentiment": {
                    "score": 0,
                    "label": "neutral"
                },
                "text": "three decades",
                "relevance": 0.210829,
                "type": "Quantity"
            },
            {
                "count": 1,
                "sentiment": {
                    "score": 0,
                    "label": "neutral"
                },
                "text": "9 calories",
                "relevance": 0.210829,
                "type": "Quantity"
            },
            {
                "count": 1,
                "sentiment": {
                    "score": 0,
                    "label": "neutral"
                },
                "text": "25 years",
                "relevance": 0.210829,
                "type": "Quantity"
            },
            {
                "count": 1,
                "sentiment": {
                    "score": 0,
                    "label": "neutral"
                },
                "text": "85%",
                "relevance": 0.210829,
                "type": "Quantity"
            }
        ],
        "semantic_roles": [
            {
                "subject": {
                    "text": "a new plant-based oil"
                },
                "sentence": "EPG (brand name: Epogee) - a new plant-based oil that has been restructured in",
                "object": {
                    "text": "restructured in"
                },
                "action": {
                    "verb": {
                        "text": "be",
                        "tense": "past"
                    },
                    "text": "been",
                    "normalized": "be"
                }
            },
            {
                "subject": {
                    "text": "virtually none of it"
                },
                "sentence": " such a way that virtually none of it is absorbed by the body - is attracting",
                "object": {
                    "text": "absorbed by the body"
                },
                "action": {
                    "verb": {
                        "text": "be",
                        "tense": "present"
                    },
                    "text": "is",
                    "normalized": "be"
                }
            },
            {
                "subject": {
                    "text": "by the body"
                },
                "sentence": " such a way that virtually none of it is absorbed by the body - is attracting",
                "object": {
                    "text": "virtually none of it"
                },
                "action": {
                    "verb": {
                        "text": "absorb",
                        "tense": "past"
                    },
                    "text": "is absorbed",
                    "normalized": "be absorb"
                }
            },
            {
                "subject": {
                    "text": "taste or texture,"
                },
                "sentence": " taste or texture, claims the firm.",
                "object": {
                    "text": "the firm"
                },
                "action": {
                    "verb": {
                        "text": "claim",
                        "tense": "present"
                    },
                    "text": "claims",
                    "normalized": "claim"
                }
            },
            {
                "subject": {
                    "text": "enrobed caramel clusters"
                },
                "sentence": " \u200b](https://www.epogee.com/#about)\u200b include enrobed caramel clusters and a",
                "object": {
                    "text": "https://www.epogee.com/#about)\u200b"
                },
                "action": {
                    "verb": {
                        "text": "include",
                        "tense": "present"
                    },
                    "text": "include",
                    "normalized": "include"
                }
            },
            {
                "subject": {
                    "text": "fast-growing low-calorie ice cream brand"
                },
                "sentence": " fast-growing low-calorie ice cream brand delivering a _ \"super-premium creamy",
                "object": {
                    "text": "a _ \"super-premium creamy"
                },
                "action": {
                    "verb": {
                        "text": "deliver",
                        "tense": "present"
                    },
                    "text": "delivering",
                    "normalized": "deliver"
                }
            },
            {
                "subject": {
                    "text": "We"
                },
                "sentence": " _\" We have a customer about to launch a peanut spread and a chocolate hazelnut",
                "object": {
                    "text": "a customer about to launch a peanut spread and a chocolate hazelnut"
                },
                "action": {
                    "verb": {
                        "text": "have",
                        "tense": "present"
                    },
                    "text": "have",
                    "normalized": "have"
                }
            },
            {
                "subject": {
                    "text": "We"
                },
                "sentence": " _\" We have a customer about to launch a peanut spread and a chocolate hazelnut",
                "object": {
                    "text": "a peanut spread and a chocolate hazelnut"
                },
                "action": {
                    "verb": {
                        "text": "launch",
                        "tense": "future"
                    },
                    "text": "to launch",
                    "normalized": "to launch"
                }
            },
            {
                "subject": {
                    "text": "we"
                },
                "sentence": " spread with EPG and we expect to see many more products hitting the market",
                "object": {
                    "text": "to see many more products hitting the market"
                },
                "action": {
                    "verb": {
                        "text": "expect",
                        "tense": "present"
                    },
                    "text": "expect",
                    "normalized": "expect"
                }
            },
            {
                "subject": {
                    "text": "we"
                },
                "sentence": " spread with EPG and we expect to see many more products hitting the market",
                "object": {
                    "text": "many more products hitting the market"
                },
                "action": {
                    "verb": {
                        "text": "see",
                        "tense": "future"
                    },
                    "text": "expect to see",
                    "normalized": "expect to see"
                }
            },
            {
                "subject": {
                    "text": "### **Ingredients"
                },
                "sentence": " ### **Ingredients listing: EPG (modified plant-based oil)** \u200b",
                "object": {
                    "text": "EPG (modified plant-based oil)** \u200b"
                },
                "action": {
                    "verb": {
                        "text": "list",
                        "tense": "present"
                    },
                    "text": "listing",
                    "normalized": "list"
                }
            },
            {
                "subject": {
                    "text": "EPG"
                },
                "sentence": " EPG (esterified propoxylated glycerol) - which be listed on food labels as",
                "object": {
                    "text": "propoxylated glycerol) - which be listed on food labels"
                },
                "action": {
                    "verb": {
                        "text": "esterify",
                        "tense": "past"
                    },
                    "text": "esterified",
                    "normalized": "esterify"
                }
            },
            {
                "subject": {
                    "text": "esterified"
                },
                "sentence": " EPG (esterified propoxylated glycerol) - which be listed on food labels as",
                "object": {
                    "text": "glycerol) - which be listed on food labels"
                },
                "action": {
                    "verb": {
                        "text": "propoxylated",
                        "tense": "past"
                    },
                    "text": "propoxylated",
                    "normalized": "propoxylated"
                }
            },
            {
                "subject": {
                    "text": "the FDA"
                },
                "sentence": " who said the FDA had just confirmed it had no objections to extending a GRAS",
                "object": {
                    "text": "just confirmed it had no objections to extending a GRAS"
                },
                "action": {
                    "verb": {
                        "text": "have",
                        "tense": "past"
                    },
                    "text": "had",
                    "normalized": "have"
                }
            },
            {
                "subject": {
                    "text": "the FDA had just"
                },
                "sentence": " who said the FDA had just confirmed it had no objections to extending a GRAS",
                "object": {
                    "text": "it had no objections to extending a GRAS"
                },
                "action": {
                    "verb": {
                        "text": "confirm",
                        "tense": "past"
                    },
                    "text": "confirmed",
                    "normalized": "confirm"
                }
            },
            {
                "subject": {
                    "text": "it"
                },
                "sentence": " who said the FDA had just confirmed it had no objections to extending a GRAS",
                "object": {
                    "text": "a GRAS"
                },
                "action": {
                    "verb": {
                        "text": "extend",
                        "tense": "past"
                    },
                    "text": "extending",
                    "normalized": "extend"
                }
            },
            {
                "subject": {
                    "text": "potato chips, corn-based savory snacks,"
                },
                "sentence": " determination for EPG to include potato chips, corn-based savory snacks,",
                "object": {
                    "text": "determination for EPG"
                },
                "action": {
                    "verb": {
                        "text": "include",
                        "tense": "future"
                    },
                    "text": "to include",
                    "normalized": "to include"
                }
            },
            {
                "subject": {
                    "text": "### **1g of Epogee"
                },
                "sentence": " ### **1g of Epogee contains 0.7 calories** \u200b",
                "object": {
                    "text": "0.7 calories** \u200b"
                },
                "action": {
                    "verb": {
                        "text": "contain",
                        "tense": "present"
                    },
                    "text": "contains",
                    "normalized": "contain"
                }
            },
            {
                "subject": {
                    "text": "the company"
                },
                "sentence": " To make EPG, the company splits rapeseed oil (although other vegetable oils",
                "object": {
                    "text": "rapeseed oil"
                },
                "action": {
                    "verb": {
                        "text": "split",
                        "tense": "present"
                    },
                    "text": "splits",
                    "normalized": "split"
                }
            },
            {
                "subject": {
                    "text": "them"
                },
                "sentence": " reconnects them (see box below for details).",
                "object": {
                    "text": "box"
                },
                "action": {
                    "verb": {
                        "text": "see",
                        "tense": "present"
                    },
                    "text": "see",
                    "normalized": "see"
                }
            },
            {
                "subject": {
                    "text": "The modified fat (EPG)"
                },
                "sentence": " The modified fat (EPG) has a high melting point of 102\u02daF, which means that it",
                "object": {
                    "text": "a high melting point of 102\u02daF, which means that it"
                },
                "action": {
                    "verb": {
                        "text": "have",
                        "tense": "present"
                    },
                    "text": "has",
                    "normalized": "have"
                }
            },
            {
                "subject": {
                    "text": "102\u02daF"
                },
                "sentence": " The modified fat (EPG) has a high melting point of 102\u02daF, which means that it",
                "object": {
                    "text": "that it"
                },
                "action": {
                    "verb": {
                        "text": "mean",
                        "tense": "present"
                    },
                    "text": "means",
                    "normalized": "mean"
                }
            },
            {
                "subject": {
                    "text": "liquify"
                },
                "sentence": " doesn't liquify when it passes through the body (which typically has a",
                "action": {
                    "verb": {
                        "text": "do",
                        "tense": "present",
                        "negated": true
                    },
                    "text": "does",
                    "normalized": "do"
                }
            },
            {
                "subject": {
                    "text": "the body"
                },
                "sentence": " doesn't liquify when it passes through the body (which typically has a",
                "object": {
                    "text": "a"
                },
                "action": {
                    "verb": {
                        "text": "have",
                        "tense": "present"
                    },
                    "text": "has",
                    "normalized": "have"
                }
            },
            {
                "subject": {
                    "text": "It"
                },
                "sentence": " It largely resists digestion because digestive enzymes are prevented from",
                "object": {
                    "text": "digestion"
                },
                "action": {
                    "verb": {
                        "text": "resist",
                        "tense": "present"
                    },
                    "text": "resists",
                    "normalized": "resist"
                }
            },
            {
                "subject": {
                    "text": "Epogee"
                },
                "sentence": " Epogee contains 0.7 calories.",
                "object": {
                    "text": "0.7 calories"
                },
                "action": {
                    "verb": {
                        "text": "contain",
                        "tense": "present"
                    },
                    "text": "contains",
                    "normalized": "contain"
                }
            },
            {
                "subject": {
                    "text": "Olestra"
                },
                "sentence": " Unlike Olestra (which had a lower melting point and messy side effects) or fat",
                "object": {
                    "text": "a lower melting point and messy side effects) or fat"
                },
                "action": {
                    "verb": {
                        "text": "have",
                        "tense": "past"
                    },
                    "text": "had",
                    "normalized": "have"
                }
            },
            {
                "subject": {
                    "text": "humectancy and mouthfeel but many firms"
                },
                "sentence": " humectancy and mouthfeel but many firms don't want to include on the",
                "object": {
                    "text": "n't want"
                },
                "action": {
                    "verb": {
                        "text": "do",
                        "tense": "present"
                    },
                    "text": "do",
                    "normalized": "do"
                }
            },
            {
                "subject": {
                    "text": "humectancy and mouthfeel but many firms"
                },
                "sentence": " humectancy and mouthfeel but many firms don't want to include on the",
                "object": {
                    "text": "to include on the"
                },
                "action": {
                    "verb": {
                        "text": "want",
                        "tense": "future",
                        "negated": true
                    },
                    "text": "want",
                    "normalized": "want"
                }
            },
            {
                "subject": {
                    "text": "it"
                },
                "sentence": " body because it's made from fat _,_ \u200bsaid Caruso.",
                "object": {
                    "text": "made from fat _,_ \u200bsaid Caruso"
                },
                "action": {
                    "verb": {
                        "text": "has",
                        "tense": "present"
                    },
                    "text": "has",
                    "normalized": "has"
                }
            },
            {
                "subject": {
                    "text": "it"
                },
                "sentence": " body because it's made from fat _,_ \u200bsaid Caruso.",
                "object": {
                    "text": "from fat _,_ \u200bsaid Caruso"
                },
                "action": {
                    "verb": {
                        "text": "make",
                        "tense": "past"
                    },
                    "text": "made",
                    "normalized": "make"
                }
            },
            {
                "subject": {
                    "text": "it"
                },
                "sentence": " body because it's made from fat _,_ \u200bsaid Caruso.",
                "object": {
                    "text": "Caruso"
                },
                "action": {
                    "verb": {
                        "text": "\u200bsaid",
                        "tense": "past"
                    },
                    "text": "\u200bsaid",
                    "normalized": "\u200bsaid"
                }
            },
            {
                "subject": {
                    "text": "_\u200bhe"
                },
                "sentence": " \" _In a nutshell, \" _\u200bhe said, EPG is unique in the food formulation space",
                "object": {
                    "text": "_In a nutshell"
                },
                "action": {
                    "verb": {
                        "text": "say",
                        "tense": "past"
                    },
                    "text": "said",
                    "normalized": "say"
                }
            },
            {
                "subject": {
                    "text": "EPG"
                },
                "sentence": " \" _In a nutshell, \" _\u200bhe said, EPG is unique in the food formulation space",
                "object": {
                    "text": "unique"
                },
                "action": {
                    "verb": {
                        "text": "be",
                        "tense": "present"
                    },
                    "text": "is",
                    "normalized": "be"
                }
            },
            {
                "subject": {
                    "text": "it"
                },
                "sentence": " because it's an _ \"alternative fat, not a fat 'substitute'\u2026 EPG looks feels,",
                "object": {
                    "text": "an _ \"alternative fat, not a fat 'substitute'\u2026 EPG"
                },
                "action": {
                    "verb": {
                        "text": "has",
                        "tense": "present"
                    },
                    "text": "has",
                    "normalized": "has"
                }
            },
            {
                "subject": {
                    "text": "not a fat 'substitute'\u2026 EPG"
                },
                "sentence": " because it's an _ \"alternative fat, not a fat 'substitute'\u2026 EPG looks feels,",
                "object": {
                    "text": "feels"
                },
                "action": {
                    "verb": {
                        "text": "look",
                        "tense": "present"
                    },
                    "text": "looks",
                    "normalized": "look"
                }
            },
            {
                "subject": {
                    "text": "it"
                },
                "sentence": " tastes, and functions like fat because it's made from fat, it just doesn't",
                "object": {
                    "text": "made from fat"
                },
                "action": {
                    "verb": {
                        "text": "has",
                        "tense": "present"
                    },
                    "text": "has",
                    "normalized": "has"
                }
            },
            {
                "subject": {
                    "text": "it"
                },
                "sentence": " tastes, and functions like fat because it's made from fat, it just doesn't",
                "object": {
                    "text": "from fat"
                },
                "action": {
                    "verb": {
                        "text": "make",
                        "tense": "past"
                    },
                    "text": "made",
                    "normalized": "make"
                }
            },
            {
                "subject": {
                    "text": "### **' EPG"
                },
                "sentence": " ### **' EPG looks feels, tastes, and functions like fat because it's made",
                "object": {
                    "text": "feels, tastes, and functions like fat"
                },
                "action": {
                    "verb": {
                        "text": "look",
                        "tense": "present"
                    },
                    "text": "looks",
                    "normalized": "look"
                }
            },
            {
                "subject": {
                    "text": "it"
                },
                "sentence": " ### **' EPG looks feels, tastes, and functions like fat because it's made",
                "object": {
                    "text": "made"
                },
                "action": {
                    "verb": {
                        "text": "has",
                        "tense": "present"
                    },
                    "text": "has",
                    "normalized": "has"
                }
            },
            {
                "subject": {
                    "text": "fat reduction and replacement"
                },
                "sentence": " While fat reduction and replacement might have been all the rage in the 80s",
                "object": {
                    "text": "all the rage"
                },
                "action": {
                    "verb": {
                        "text": "be",
                        "tense": "past"
                    },
                    "text": "might have been",
                    "normalized": "might have be"
                }
            },
            {
                "subject": {
                    "text": "diets -"
                },
                "sentence": " diets - are more worried about sugar, acknowledged Caruso.",
                "object": {
                    "text": "more worried about sugar"
                },
                "action": {
                    "verb": {
                        "text": "be",
                        "tense": "present"
                    },
                    "text": "are",
                    "normalized": "be"
                }
            },
            {
                "subject": {
                    "text": "they"
                },
                "sentence": " But they're also worried about their weight, and they are still paying",
                "object": {
                    "text": "worried about their weight"
                },
                "action": {
                    "verb": {
                        "text": "be",
                        "tense": "present"
                    },
                    "text": "are",
                    "normalized": "be"
                }
            },
            {
                "subject": {
                    "text": "they"
                },
                "sentence": " But they're also worried about their weight, and they are still paying",
                "object": {
                    "text": "about their weight"
                },
                "action": {
                    "verb": {
                        "text": "worry",
                        "tense": "past"
                    },
                    "text": "worried",
                    "normalized": "worry"
                }
            },
            {
                "subject": {
                    "text": "they"
                },
                "sentence": " But they're also worried about their weight, and they are still paying",
                "object": {
                    "text": "still paying"
                },
                "action": {
                    "verb": {
                        "text": "be",
                        "tense": "present"
                    },
                    "text": "are",
                    "normalized": "be"
                }
            },
            {
                "subject": {
                    "text": "they"
                },
                "sentence": " But they're also worried about their weight, and they are still paying",
                "action": {
                    "verb": {
                        "text": "pay",
                        "tense": "present"
                    },
                    "text": "paying",
                    "normalized": "pay"
                }
            },
            {
                "subject": {
                    "text": "fat"
                },
                "sentence": " attention to calories, and given that fat contains a lot more calories per",
                "object": {
                    "text": "a lot more calories per"
                },
                "action": {
                    "verb": {
                        "text": "contain",
                        "tense": "present"
                    },
                    "text": "contains",
                    "normalized": "contain"
                }
            },
            {
                "subject": {
                    "text": "_\u200bhe"
                },
                "sentence": " calories out of products, \" _\u200bhe said.",
                "object": {
                    "text": "calories out of products"
                },
                "action": {
                    "verb": {
                        "text": "say",
                        "tense": "past"
                    },
                    "text": "said",
                    "normalized": "say"
                }
            },
            {
                "subject": {
                    "text": "_The low-fat ship"
                },
                "sentence": " \" _The low-fat ship sailed 25 years ago, but this is not about low fat, it 's",
                "action": {
                    "verb": {
                        "text": "sail",
                        "tense": "past"
                    },
                    "text": "sailed",
                    "normalized": "sail"
                }
            },
            {
                "subject": {
                    "text": "this"
                },
                "sentence": " \" _The low-fat ship sailed 25 years ago, but this is not about low fat, it 's",
                "object": {
                    "text": "not about low fat"
                },
                "action": {
                    "verb": {
                        "text": "be",
                        "tense": "present"
                    },
                    "text": "is",
                    "normalized": "be"
                }
            }
        ],
        "categories": [
            {
                "score": 0.985637,
                "label": "/food and drink/health and lowfat cooking"
            },
            {
                "score": 0.926284,
                "label": "/food and drink/food"
            },
            {
                "score": 0.768397,
                "label": "/food and drink/desserts and baking"
            }
        ],
        "relations": [
            {
                "type": "affectedBy",
                "sentence": "EPG (brand name: Epogee) - a new plant-based oil that has been restructured in such a way that virtually none of it is absorbed by the body - is attracting interest from formulators across the food industry, as firms see an opportunity to make significant calorie reductions without compromising on taste or texture, claims the firm.",
                "score": 0.549548,
                "arguments": [
                    {
                        "text": "firm",
                        "location": [
                            328,
                            332
                        ],
                        "entities": [
                            {
                                "type": "Organization",
                                "text": "firm",
                                "disambiguation": {
                                    "subtype": [
                                        "Commercial"
                                    ]
                                }
                            }
                        ]
                    },
                    {
                        "text": "claims",
                        "location": [
                            317,
                            323
                        ],
                        "entities": [
                            {
                                "type": "EventCommunication",
                                "text": "claims"
                            }
                        ]
                    }
                ]
            },
            {
                "type": "agentOf",
                "sentence": "It largely resists digestion because digestive enzymes are prevented from breaking it down, so hardly any of its calories are released, added Caruso, who is talking to potential partners from leading CPG brands to 'disruptive' startups.",
                "score": 0.711259,
                "arguments": [
                    {
                        "text": "who",
                        "location": [
                            2029,
                            2032
                        ],
                        "entities": [
                            {
                                "type": "Person",
                                "text": "Jayme Caruso"
                            }
                        ]
                    },
                    {
                        "text": "talking",
                        "location": [
                            2036,
                            2043
                        ],
                        "entities": [
                            {
                                "type": "EventCommunication",
                                "text": "talking"
                            }
                        ]
                    }
                ]
            },
            {
                "type": "affectedBy",
                "sentence": "It largely resists digestion because digestive enzymes are prevented from breaking it down, so hardly any of its calories are released, added Caruso, who is talking to potential partners from leading CPG brands to 'disruptive' startups.",
                "score": 0.883636,
                "arguments": [
                    {
                        "text": "partners",
                        "location": [
                            2057,
                            2065
                        ],
                        "entities": [
                            {
                                "type": "Person",
                                "text": "partners"
                            }
                        ]
                    },
                    {
                        "text": "talking",
                        "location": [
                            2036,
                            2043
                        ],
                        "entities": [
                            {
                                "type": "EventCommunication",
                                "text": "talking"
                            }
                        ]
                    }
                ]
            },
            {
                "type": "agentOf",
                "sentence": "Unlike Olestra (which had a lower melting point and messy side effects) or fat replacers made from sugars, gums, starches or fibers (which provide bulking, humectancy and mouthfeel but many firms don't want to include on the ingredients list), EPG functions like fat in food products and in the human body because it's made from fat _,_  said Caruso.",
                "score": 0.898983,
                "arguments": [
                    {
                        "text": "Caruso",
                        "location": [
                            2599,
                            2605
                        ],
                        "entities": [
                            {
                                "type": "Person",
                                "text": "Jayme Caruso"
                            }
                        ]
                    },
                    {
                        "text": "said",
                        "location": [
                            2594,
                            2598
                        ],
                        "entities": [
                            {
                                "type": "EventCommunication",
                                "text": "acknowledged"
                            }
                        ]
                    }
                ]
            },
            {
                "type": "agentOf",
                "sentence": "\" _In a nutshell, \" _ he said, EPG is unique in the food formulation space because it's an _ \"alternative fat, not a fat 'substitute'\u2026 EPG looks feels, tastes, and functions like fat because it's made from fat, it just doesn't deliver the calories.",
                "score": 0.982657,
                "arguments": [
                    {
                        "text": "he",
                        "location": [
                            2630,
                            2632
                        ],
                        "entities": [
                            {
                                "type": "Person",
                                "text": "Jayme Caruso"
                            }
                        ]
                    },
                    {
                        "text": "said",
                        "location": [
                            2633,
                            2637
                        ],
                        "entities": [
                            {
                                "type": "EventCommunication",
                                "text": "acknowledged"
                            }
                        ]
                    }
                ]
            },
            {
                "type": "agentOf",
                "sentence": "While fat reduction and replacement might have been all the rage in the 80s and 90s, consumers today - some of whom are actively embracing high fat keto diets - are more worried about sugar, acknowledged Caruso.",
                "score": 0.753129,
                "arguments": [
                    {
                        "text": "Caruso",
                        "location": [
                            3154,
                            3160
                        ],
                        "entities": [
                            {
                                "type": "Person",
                                "text": "Jayme Caruso"
                            }
                        ]
                    },
                    {
                        "text": "acknowledged",
                        "location": [
                            3141,
                            3153
                        ],
                        "entities": [
                            {
                                "type": "EventCommunication",
                                "text": "acknowledged"
                            }
                        ]
                    }
                ]
            },
            {
                "type": "agentOf",
                "sentence": "But they're also worried about their weight, and they are still paying attention to calories, and given that fat contains a lot more calories per gram (9) than carbs or protein (4), it is \" _the easiest target to drive calories out of products, \" _ he said.",
                "score": 0.983071,
                "arguments": [
                    {
                        "text": "he",
                        "location": [
                            3412,
                            3414
                        ],
                        "entities": [
                            {
                                "type": "Person",
                                "text": "Jayme Caruso"
                            }
                        ]
                    },
                    {
                        "text": "said",
                        "location": [
                            3415,
                            3419
                        ],
                        "entities": [
                            {
                                "type": "EventCommunication",
                                "text": "acknowledged"
                            }
                        ]
                    }
                ]
            },
            {
                "type": "partOfMany",
                "sentence": "And if food culture has undoubtedly changed since the technology behind EPGs was first developed three decades ago, most Americans are still consuming more calories than they are burning off, and many of them come from fat, added Caruso.",
                "score": 0.822365,
                "arguments": [
                    {
                        "text": "many",
                        "location": [
                            3793,
                            3797
                        ],
                        "entities": [
                            {
                                "type": "Cardinal",
                                "text": "carbs"
                            }
                        ]
                    },
                    {
                        "text": "them",
                        "location": [
                            3801,
                            3805
                        ],
                        "entities": [
                            {
                                "type": "Person",
                                "text": "consumers"
                            }
                        ]
                    }
                ]
            },
            {
                "type": "agentOf",
                "sentence": "As to whether EPG would be considered 'clean label,' there's no simple answer as this is not a legally defined term, said Caruso, although he conceded that some natural and organic brands might not be interested.",
                "score": 0.956347,
                "arguments": [
                    {
                        "text": "Caruso",
                        "location": [
                            4238,
                            4244
                        ],
                        "entities": [
                            {
                                "type": "Person",
                                "text": "Jayme Caruso"
                            }
                        ]
                    },
                    {
                        "text": "said",
                        "location": [
                            4233,
                            4237
                        ],
                        "entities": [
                            {
                                "type": "EventCommunication",
                                "text": "said"
                            }
                        ]
                    }
                ]
            },
            {
                "type": "agentOf",
                "sentence": "However, brands that are trying to appeal to calorie-conscious consumers are particularly excited by Epogee's potential to cut calories but also eliminate ingredients such as gums, starches and binders, preservatives and flavor enhancers that are often used in low calorie or low fat foods, he said.",
                "score": 0.982392,
                "arguments": [
                    {
                        "text": "he",
                        "location": [
                            4621,
                            4623
                        ],
                        "entities": [
                            {
                                "type": "Person",
                                "text": "Jayme Caruso"
                            }
                        ]
                    },
                    {
                        "text": "said",
                        "location": [
                            4624,
                            4628
                        ],
                        "entities": [
                            {
                                "type": "EventCommunication",
                                "text": "said"
                            }
                        ]
                    }
                ]
            },
            {
                "type": "agentOf",
                "sentence": "As to whether EPG would be considered 'clean label,' there's no simple answer as this is not a legally defined term, said Caruso, although he conceded that some natural and organic brands might not be interested.",
                "score": 0.995621,
                "arguments": [
                    {
                        "text": "he",
                        "location": [
                            4255,
                            4257
                        ],
                        "entities": [
                            {
                                "type": "Person",
                                "text": "Jayme Caruso"
                            }
                        ]
                    },
                    {
                        "text": "conceded",
                        "location": [
                            4258,
                            4266
                        ],
                        "entities": [
                            {
                                "type": "EventCommunication",
                                "text": "conceded"
                            }
                        ]
                    }
                ]
            },
            {
                "type": "agentOf",
                "sentence": "Products already on the market containing [**Epogee**  ](https://www.epogee.com/#about)  include enrobed caramel clusters and a fast-growing low-calorie ice cream brand delivering a _ \"super-premium creamy mouthfeel,\"_  Epogee chief commercial officer Jayme Caruso told reporters in a briefing on Wednesday.",
                "score": 0.996587,
                "arguments": [
                    {
                        "text": "Jayme Caruso",
                        "location": [
                            587,
                            599
                        ],
                        "entities": [
                            {
                                "type": "Person",
                                "text": "Jayme Caruso"
                            }
                        ]
                    },
                    {
                        "text": "told",
                        "location": [
                            600,
                            604
                        ],
                        "entities": [
                            {
                                "type": "EventCommunication",
                                "text": "told"
                            }
                        ]
                    }
                ]
            },
            {
                "type": "agentOf",
                "sentence": "The modified fat (EPG) has a high melting point of 102\u00b0F, which means that it doesn't liquify when it passes through the body (which typically has a temperature of around 98.6\u00b0F) and has \" _the consistency of soft candlewax, \" _ Caruso told FoodNavigator-USA.",
                "score": 0.995636,
                "arguments": [
                    {
                        "text": "Caruso",
                        "location": [
                            1847,
                            1853
                        ],
                        "entities": [
                            {
                                "type": "Person",
                                "text": "Jayme Caruso"
                            }
                        ]
                    },
                    {
                        "text": "told",
                        "location": [
                            1854,
                            1858
                        ],
                        "entities": [
                            {
                                "type": "EventCommunication",
                                "text": "told"
                            }
                        ]
                    }
                ]
            },
            {
                "type": "affectedBy",
                "sentence": "Products already on the market containing [**Epogee**  ](https://www.epogee.com/#about)  include enrobed caramel clusters and a fast-growing low-calorie ice cream brand delivering a _ \"super-premium creamy mouthfeel,\"_  Epogee chief commercial officer Jayme Caruso told reporters in a briefing on Wednesday.",
                "score": 0.989152,
                "arguments": [
                    {
                        "text": "reporters",
                        "location": [
                            605,
                            614
                        ],
                        "entities": [
                            {
                                "type": "Person",
                                "text": "reporters"
                            }
                        ]
                    },
                    {
                        "text": "told",
                        "location": [
                            600,
                            604
                        ],
                        "entities": [
                            {
                                "type": "EventCommunication",
                                "text": "told"
                            }
                        ]
                    }
                ]
            },
            {
                "type": "partOf",
                "sentence": "Products already on the market containing [**Epogee**  ](https://www.epogee.com/#about)  include enrobed caramel clusters and a fast-growing low-calorie ice cream brand delivering a _ \"super-premium creamy mouthfeel,\"_  Epogee chief commercial officer Jayme Caruso told reporters in a briefing on Wednesday.",
                "score": 0.675503,
                "arguments": [
                    {
                        "text": "told",
                        "location": [
                            600,
                            604
                        ],
                        "entities": [
                            {
                                "type": "EventCommunication",
                                "text": "told"
                            }
                        ]
                    },
                    {
                        "text": "briefing",
                        "location": [
                            620,
                            628
                        ],
                        "entities": [
                            {
                                "type": "EventMeeting",
                                "text": "briefing"
                            }
                        ]
                    }
                ]
            },
            {
                "type": "timeOf",
                "sentence": "Products already on the market containing [**Epogee**  ](https://www.epogee.com/#about)  include enrobed caramel clusters and a fast-growing low-calorie ice cream brand delivering a _ \"super-premium creamy mouthfeel,\"_  Epogee chief commercial officer Jayme Caruso told reporters in a briefing on Wednesday.",
                "score": 0.781665,
                "arguments": [
                    {
                        "text": "Wednesday",
                        "location": [
                            632,
                            641
                        ],
                        "entities": [
                            {
                                "type": "Date",
                                "text": "Wednesday"
                            }
                        ]
                    },
                    {
                        "text": "told",
                        "location": [
                            600,
                            604
                        ],
                        "entities": [
                            {
                                "type": "EventCommunication",
                                "text": "told"
                            }
                        ]
                    }
                ]
            },
            {
                "type": "timeOf",
                "sentence": "Products already on the market containing [**Epogee**  ](https://www.epogee.com/#about)  include enrobed caramel clusters and a fast-growing low-calorie ice cream brand delivering a _ \"super-premium creamy mouthfeel,\"_  Epogee chief commercial officer Jayme Caruso told reporters in a briefing on Wednesday.",
                "score": 0.757299,
                "arguments": [
                    {
                        "text": "Wednesday",
                        "location": [
                            632,
                            641
                        ],
                        "entities": [
                            {
                                "type": "Date",
                                "text": "Wednesday"
                            }
                        ]
                    },
                    {
                        "text": "briefing",
                        "location": [
                            620,
                            628
                        ],
                        "entities": [
                            {
                                "type": "EventMeeting",
                                "text": "briefing"
                            }
                        ]
                    }
                ]
            },
            {
                "type": "agentOf",
                "sentence": "EPG (esterified propoxylated glycerol) - which be listed on food labels as 'EPG (modified plant-based oil)' \\- can be used to replace up to 85% of the fat in scores of applications from confectionery to baking mixes, said Caruso, who said the FDA had just confirmed it had no objections to extending a GRAS determination for EPG to include potato chips, corn-based savory snacks, chicken nuggets, plant-based protein products, dairy analogs, and beverages/beverage bases.",
                "score": 0.920974,
                "arguments": [
                    {
                        "text": "Caruso",
                        "location": [
                            1119,
                            1125
                        ],
                        "entities": [
                            {
                                "type": "Person",
                                "text": "Jayme Caruso"
                            }
                        ]
                    },
                    {
                        "text": "said",
                        "location": [
                            1114,
                            1118
                        ],
                        "entities": [
                            {
                                "type": "EventCommunication",
                                "text": "said"
                            }
                        ]
                    }
                ]
            },
            {
                "type": "agentOf",
                "sentence": "EPG (esterified propoxylated glycerol) - which be listed on food labels as 'EPG (modified plant-based oil)' \\- can be used to replace up to 85% of the fat in scores of applications from confectionery to baking mixes, said Caruso, who said the FDA had just confirmed it had no objections to extending a GRAS determination for EPG to include potato chips, corn-based savory snacks, chicken nuggets, plant-based protein products, dairy analogs, and beverages/beverage bases.",
                "score": 0.915839,
                "arguments": [
                    {
                        "text": "who",
                        "location": [
                            1127,
                            1130
                        ],
                        "entities": [
                            {
                                "type": "Person",
                                "text": "Jayme Caruso"
                            }
                        ]
                    },
                    {
                        "text": "said",
                        "location": [
                            1131,
                            1135
                        ],
                        "entities": [
                            {
                                "type": "EventCommunication",
                                "text": "said"
                            }
                        ]
                    }
                ]
            },
            {
                "type": "affectedBy",
                "sentence": "The modified fat (EPG) has a high melting point of 102\u00b0F, which means that it doesn't liquify when it passes through the body (which typically has a temperature of around 98.6\u00b0F) and has \" _the consistency of soft candlewax, \" _ Caruso told FoodNavigator-USA.",
                "score": 0.933228,
                "arguments": [
                    {
                        "text": "FoodNavigator-USA",
                        "location": [
                            1859,
                            1876
                        ],
                        "entities": [
                            {
                                "type": "Organization",
                                "text": "FoodNavigator-USA",
                                "disambiguation": {
                                    "subtype": [
                                        "Commercial"
                                    ]
                                }
                            }
                        ]
                    },
                    {
                        "text": "told",
                        "location": [
                            1854,
                            1858
                        ],
                        "entities": [
                            {
                                "type": "EventCommunication",
                                "text": "told"
                            }
                        ]
                    }
                ]
            },
            {
                "type": "employedBy",
                "sentence": "It largely resists digestion because digestive enzymes are prevented from breaking it down, so hardly any of its calories are released, added Caruso, who is talking to potential partners from leading CPG brands to 'disruptive' startups.",
                "score": 0.762645,
                "arguments": [
                    {
                        "text": "calories",
                        "location": [
                            1992,
                            2000
                        ],
                        "entities": [
                            {
                                "type": "Person",
                                "text": "consumers"
                            }
                        ]
                    },
                    {
                        "text": "its",
                        "location": [
                            1988,
                            1991
                        ],
                        "entities": [
                            {
                                "type": "Organization",
                                "text": "EPG"
                            }
                        ]
                    }
                ]
            }
        ],
        "keywords": [
            {
                "text": "modified fat",
                "relevance": 0.651659,
                "count": 1
            },
            {
                "text": "significant calorie reductions",
                "relevance": 0.629376,
                "count": 1
            },
            {
                "text": "low-calorie ice cream brand",
                "relevance": 0.629196,
                "count": 1
            },
            {
                "text": "ingredients list",
                "relevance": 0.588607,
                "count": 1
            },
            {
                "text": "1g of fat",
                "relevance": 0.585194,
                "count": 1
            },
            {
                "text": "EPG",
                "relevance": 0.581861,
                "count": 13
            },
            {
                "text": "food industry",
                "relevance": 0.572262,
                "count": 1
            },
            {
                "text": "brand name",
                "relevance": 0.571269,
                "count": 1
            },
            {
                "text": "fat",
                "relevance": 0.565147,
                "count": 9
            },
            {
                "text": "high melting point",
                "relevance": 0.56302,
                "count": 1
            },
            {
                "text": "potential partners",
                "relevance": 0.557736,
                "count": 1
            },
            {
                "text": "alternative fat",
                "relevance": 0.551085,
                "count": 1
            },
            {
                "text": "EPG functions",
                "relevance": 0.549355,
                "count": 1
            },
            {
                "text": "beverage bases",
                "relevance": 0.542945,
                "count": 1
            },
            {
                "text": "lower melting point",
                "relevance": 0.541923,
                "count": 1
            },
            {
                "text": "fat 'substitute",
                "relevance": 0.540393,
                "count": 1
            },
            {
                "text": "mimic cocoa butter",
                "relevance": 0.539722,
                "count": 1
            },
            {
                "text": "low-fat ship",
                "relevance": 0.533657,
                "count": 1
            },
            {
                "text": "new plant",
                "relevance": 0.532477,
                "count": 1
            },
            {
                "text": "peanut spread",
                "relevance": 0.531799,
                "count": 1
            },
            {
                "text": "fatty acid",
                "relevance": 0.531358,
                "count": 1
            },
            {
                "text": "potato chips",
                "relevance": 0.529283,
                "count": 1
            },
            {
                "text": "Ingredients",
                "relevance": 0.527691,
                "count": 2
            },
            {
                "text": "food products",
                "relevance": 0.526306,
                "count": 1
            },
            {
                "text": "spreadable EPG",
                "relevance": 0.525219,
                "count": 1
            },
            {
                "text": "1g of Epogee",
                "relevance": 0.524668,
                "count": 1
            },
            {
                "text": "coming months",
                "relevance": 0.522763,
                "count": 1
            },
            {
                "text": "chicken nuggets",
                "relevance": 0.521689,
                "count": 1
            },
            {
                "text": "scores of applications",
                "relevance": 0.520415,
                "count": 1
            },
            {
                "text": "consumers today",
                "relevance": 0.519213,
                "count": 1
            },
            {
                "text": "digestive enzymes",
                "relevance": 0.518717,
                "count": 1
            },
            {
                "text": "messy side effects",
                "relevance": 0.5177,
                "count": 2
            },
            {
                "text": "beverages",
                "relevance": 0.517686,
                "count": 1
            },
            {
                "text": "taste",
                "relevance": 0.515662,
                "count": 1
            },
            {
                "text": "Products",
                "relevance": 0.515499,
                "count": 4
            },
            {
                "text": "food labels",
                "relevance": 0.514673,
                "count": 1
            },
            {
                "text": "confectionery EPG",
                "relevance": 0.513883,
                "count": 1
            },
            {
                "text": "vegetable oils",
                "relevance": 0.513284,
                "count": 1
            },
            {
                "text": "commercial officer Jayme Caruso",
                "relevance": 0.512846,
                "count": 1
            },
            {
                "text": "low fat",
                "relevance": 0.512246,
                "count": 1
            },
            {
                "text": "protein products",
                "relevance": 0.512122,
                "count": 1
            },
            {
                "text": "CPG brands",
                "relevance": 0.510845,
                "count": 1
            },
            {
                "text": "confectionery",
                "relevance": 0.510478,
                "count": 1
            },
            {
                "text": "calories",
                "relevance": 0.510339,
                "count": 10
            },
            {
                "text": "customer",
                "relevance": 0.509998,
                "count": 1
            },
            {
                "text": "way",
                "relevance": 0.509966,
                "count": 1
            },
            {
                "text": "company splits rapeseed oil",
                "relevance": 0.509145,
                "count": 1
            },
            {
                "text": "Epogee chief",
                "relevance": 0.5087,
                "count": 1
            },
            {
                "text": "body",
                "relevance": 0.508696,
                "count": 2
            },
            {
                "text": "nutshell",
                "relevance": 0.508271,
                "count": 1
            }
        ]
    },
    "freqeuncy": "Continuous feed",
    "extracted_metadata": {
        "sha1": "b918a95b0bd6eae41c0bde4c5477c9dc32a62dfc",
        "filename": "202006080822WILLREEDNAVIGATR_6EEDCF9A3A42F2D3D32BB05.json",
        "file_type": "json"
    },
    "companyRecord": "",
    "publicationTime": "2020-06-08T08:22:00-04:00",
    "title": "Fat alternative Epogee gains traction: \u2018The low-fat ship sailed 25 years ago... this is not about low fat, it\u2019s about caloric reduction\u2019",
    "html": "<p>EPG (brand name: Epogee) &#8211; a new plant-based oil that has been restructured in such a way that virtually none of it is absorbed by the body &#8211; is attracting interest from formulators across the food industry, as firms see an opportunity to make significant calorie reductions without compromising on taste or texture, claims the firm.</p>\n    <p>Products already on the market containing <a href=\"https://www.epogee.com/#about\" target=\"_blank\"><strong>Epogee</strong>&#8203;</a>&#8203;&#160;include enrobed caramel clusters and a fast-growing low-calorie ice cream brand delivering a<em>&#160;&#8220;super-premium creamy mouthfeel,&#8221;</em>&#8203;&#160;Epogee chief commercial officer <person>Jayme Caruso</person> told reporters in a briefing on Wednesday.</p>\n    <p><em>&#8220;We have a customer about to launch a peanut spread and a chocolate hazelnut spread with EPG and we expect to see many more products hitting the market with EPG in the coming months.&#8221;</em>&#8203;</p>\n    <h3>\n<strong>Ingredients listing: EPG (modified plant-based oil)</strong>&#8203;</h3>\n    <p>EPG (esterified propoxylated glycerol) &#8211; which be listed on food labels as &#8216;EPG (modified plant-based oil)&#8217; - can be used to replace up to 85% of the fat in scores of applications from confectionery to baking mixes, said Caruso, who said the FDA had just confirmed it had no objections to extending a GRAS determination for EPG to include potato chips, corn-based savory snacks, chicken nuggets, plant-based protein products, dairy analogs, and beverages/beverage bases.&#160;&#160;</p>\n    <h3>\n<strong>1g of Epogee contains 0.7 calories</strong>&#8203;</h3>\n    <p>To make EPG, the company splits rapeseed oil (although other vegetable oils can also be used) into glycerin and fatty acid, inserts a food-grade link, and reconnects them (see box below for details).</p>\n    <p>The modified fat (EPG) has a high melting point of 102&#730;F, which means that it doesn&#8217;t liquify when it passes through the body (which typically has a temperature of around 98.6&#730;F) and has &#8220;<em>the consistency of soft candlewax,&#8221; </em>&#8203;Caruso told <org>FoodNavigator-USA</org>.</p>\n    <p>It largely resists digestion because digestive enzymes are prevented from breaking it down, so hardly any of its calories are released, added Caruso, who is talking to potential partners from leading CPG brands to &#8216;disruptive&#8217; startups.</p>\n    <p>To put this into perspective, 1g of fat contains 9 calories, while 1g of Epogee contains 0.7 calories.</p>\n    <h3>\n<strong>No messy side effects&#8230;</strong>&#8203;</h3>\n    <p>Unlike Olestra (which had a lower melting point and messy side effects) or fat replacers made from sugars, gums, starches or fibers (which provide bulking, humectancy and mouthfeel but many firms don&#8217;t want to include on the ingredients list), EPG functions like fat in food products and in the human body because it&#8217;s made from fat<em>, </em>&#8203;said Caruso.</p>\n    <p>&#8220;<em>In a nutshell,&#8221; </em>&#8203;he said, EPG is unique in the food formulation space because it&#8217;s an<em>&#160;&#8220;alternative fat, not a fat &#8216;substitute&#8217;&#8230; EPG looks feels, tastes, and functions like fat because it&#8217;s made from fat, it just doesn&#8217;t deliver the calories.&#8221;</em>&#8203;</p>\n    <h3>\n<strong>&#8216;EPG looks feels, tastes, and functions like fat because it&#8217;s made from fat&#8217;</strong>&#8203;</h3>\n    <p>While fat reduction and replacement might have been all the rage in the 80s and 90s, consumers today &#8211; some of whom are actively embracing high fat keto diets &#8211; are more worried about sugar, acknowledged Caruso.</p>\n    <p>But they&#8217;re also worried about their weight, and they are still paying attention to calories, and given that fat contains a lot more calories per gram (9) than carbs or protein (4), it is &#8220;<em>the easiest target to drive calories out of products,&#8221; </em>&#8203;he said.</p>\n    <p>&#8220;<em>The low-fat ship sailed 25 years ago, but this is not about low fat, it&#8217;s about caloric reduction.&#8221;</em>&#8203;</p>\n    <h3>\n<strong>&#8216;There is currently nothing like this is on the market&#8217;</strong>&#8203;</h3>\n    <p>And if food culture has undoubtedly changed since the technology behind EPGs was first developed three decades ago, most Americans are still consuming more calories than they are burning off, and many of them come from fat, added Caruso.</p>\n    <p><em>&#8216;There is currently nothing like this is on the market. We have two products, a confectionery EPG with a very sharp melting curve designed to mimic cocoa butter or fractionated palm kernel oil, and our workhorse spreadable EPG, which works in all of the other applications.&#8221;</em>&#8203;</p>\n    <p>As to whether EPG would be considered &#8216;clean label,&#8217; there&#8217;s no simple answer as this is not a legally defined term, said Caruso, although he conceded that some natural and organic brands might not be interested.</p>\n    <p>However, brands that are trying to appeal to calorie-conscious consumers are particularly excited by Epogee's potential to cut calories but also eliminate ingredients such as gums, starches and binders, preservatives and flavor enhancers that are often used in low calorie or low fat foods, he said.</p>",
    "geoFocus": [
        [
            "GC/us",
            "United States"
        ]
    ]
}