{
    "id": "44771957-275a-404f-8a11-c5da46262422",
    "result_metadata": {
        "score": 1
    },
    "copyright": "Copyright\u00a9 2020, Globalipnews.com",
    "geoOrigin": "New Delhi, India",
    "sourceType": "Patent Abstract",
    "source": "Information Technology Patent News",
    "corpus_document_id": "51043614147822636521",
    "description": "Lynn Brian and Buchanan Whipple Cara have submitted a patent application for coordinating information across multiple devices to facilitate end-of-day dismissal at a school. The patent application number is 16/ 571110. An abstract released by the U.S. Patent and Trademark Office states: \"A system that is configured to coordinate student dismissal at end of...",
    "serviceName": "Global IP News",
    "locationCode": [
        {
            "code": "LP/eg..alxdra#9#99#50",
            "description": "",
            "relevance_score": "9"
        },
        {
            "code": "LP/eg#9#99#50",
            "description": "",
            "relevance_score": "9"
        }
    ],
    "sourceClass": "Information Technology, Patent Abstracts",
    "subjectCode": [
        {
            "parent": "IS/appsci.spec",
            "relevance_score": "8",
            "description": "Patent Applications",
            "code": "IS/appsci.patentap#8#87#50",
            "level": 2
        },
        {
            "parent": "IS/spec",
            "relevance_score": "8",
            "description": "Structured Science and Technology Content",
            "code": "IS/appsci.spec#8#50#87",
            "level": 1
        },
        {
            "parent": null,
            "relevance_score": "8",
            "description": "Structured Content",
            "code": "IS/spec#8#50#87",
            "level": 0
        }
    ],
    "text": "Alexandria, June 5 \\-- Lynn Brian and Buchanan Whipple Cara have submitted a\npatent application for coordinating information across multiple devices to\nfacilitate end-of-day dismissal at a school. The patent application number is\n16/571110. International Patent Classification codes are H04W 4/08 20060101\nH04W004/08, H04L 29/06 20060101 H04L029/06, H04L 29/08 20060101 H04L029/08,\nH04W 4/021 20060101 H04W004/021, G06F 3/14 20060101 G06F003/14, G06F 3/0482\n20060101 G06F003/0482 and G08G 1/00 20060101 G08G001/00. Cooperative Patent\nClassification codes are H04L 67/12 20130101, G06F 3/1423 20130101, H04W 4/08\n20130101, G06F 3/0482 20130101, H04W 4/021 20130101, G08G 1/207 20130101 and\nH04L 67/42 20130101.\n\nAn abstract released by the U.S. Patent and Trademark Office states: \"A system\nthat is configured to coordinate student dismissal at end of day. The system\nmay use a central server to maintain information across multiple different\ndevices, each for different functions in the dismissal process.\"",
    "industryCode": [],
    "naviga_enrichment": {
        "org": [
            "U.S. Patent and Trademark Office"
        ],
        "location": [
            "Alexandria"
        ],
        "person": [
            "Lynn Brian",
            "Buchanan Whipple Cara"
        ],
        "companies": [
            "U.S. Patent and Trademark Office"
        ]
    },
    "geoOrigin_code": "RU/in..newdel",
    "language": "English",
    "filename": "202006050800PEDIA___GIPN_____MJA0NDU5MTLAQEAYMDQ0NTKXOQ.XML",
    "providerName": "Pedia Content Solutions",
    "enriched_text": {
        "entities": [
            {
                "count": 1,
                "sentiment": {
                    "score": 0,
                    "label": "neutral"
                },
                "text": "U.S. Patent and Trademark Office",
                "relevance": 0.886209,
                "type": "Organization",
                "disambiguation": {
                    "subtype": [
                        "GovernmentAgency"
                    ],
                    "name": "United States Patent and Trademark Office",
                    "dbpedia_resource": "http://dbpedia.org/resource/United_States_Patent_and_Trademark_Office"
                }
            },
            {
                "count": 1,
                "sentiment": {
                    "score": 0,
                    "label": "neutral"
                },
                "text": "Buchanan Whipple Cara",
                "relevance": 0.687277,
                "type": "Company"
            },
            {
                "count": 1,
                "sentiment": {
                    "score": 0,
                    "label": "neutral"
                },
                "text": "Lynn Brian",
                "relevance": 0.51973,
                "type": "Person"
            },
            {
                "count": 1,
                "sentiment": {
                    "score": 0,
                    "label": "neutral"
                },
                "text": "Alexandria",
                "relevance": 0.498532,
                "type": "Location",
                "disambiguation": {
                    "subtype": [
                        "City"
                    ],
                    "name": "Alexandria, New York",
                    "dbpedia_resource": "http://dbpedia.org/resource/Alexandria,_New_York"
                }
            }
        ],
        "semantic_roles": [
            {
                "subject": {
                    "text": "Alexandria, June 5 \\-- Lynn Brian and Buchanan Whipple Cara"
                },
                "sentence": "Alexandria, June 5 \\-- Lynn Brian and Buchanan Whipple Cara have submitted a",
                "object": {
                    "text": "submitted a"
                },
                "action": {
                    "verb": {
                        "text": "have",
                        "tense": "present"
                    },
                    "text": "have",
                    "normalized": "have"
                }
            },
            {
                "subject": {
                    "text": "16/571110. International Patent Classification codes"
                },
                "sentence": " 16/571110. International Patent Classification codes are H04W 4/08 20060101",
                "object": {
                    "text": "H04W 4/08 20060101"
                },
                "action": {
                    "verb": {
                        "text": "be",
                        "tense": "present"
                    },
                    "text": "are",
                    "normalized": "be"
                }
            },
            {
                "subject": {
                    "text": "Classification codes"
                },
                "sentence": " Classification codes are H04L 67/12 20130101, G06F 3/1423 20130101, H04W 4/08",
                "object": {
                    "text": "H04L 67/12 20130101, G06F 3/1423 20130101, H04W 4/08"
                },
                "action": {
                    "verb": {
                        "text": "be",
                        "tense": "present"
                    },
                    "text": "are",
                    "normalized": "be"
                }
            },
            {
                "subject": {
                    "text": "by the U.S. Patent and Trademark Office states"
                },
                "sentence": " An abstract released by the U.S. Patent and Trademark Office states: \"A system",
                "object": {
                    "text": "An abstract"
                },
                "action": {
                    "verb": {
                        "text": "release",
                        "tense": "past"
                    },
                    "text": "released",
                    "normalized": "release"
                }
            },
            {
                "subject": {
                    "text": "An abstract released by the U.S. Patent and Trademark Office"
                },
                "sentence": " An abstract released by the U.S. Patent and Trademark Office states: \"A system",
                "object": {
                    "text": "A system"
                },
                "action": {
                    "verb": {
                        "text": "state",
                        "tense": "present"
                    },
                    "text": "states",
                    "normalized": "state"
                }
            },
            {
                "subject": {
                    "text": "student dismissal"
                },
                "sentence": " that is configured to coordinate student dismissal at end of day.",
                "action": {
                    "verb": {
                        "text": "coordinate",
                        "tense": "future"
                    },
                    "text": "is configured to coordinate",
                    "normalized": "be configure to coordinate"
                }
            },
            {
                "subject": {
                    "text": "a central server"
                },
                "sentence": " may use a central server to maintain information across multiple different",
                "object": {
                    "text": "to maintain information across multiple different"
                },
                "action": {
                    "verb": {
                        "text": "use",
                        "tense": "future"
                    },
                    "text": "may use",
                    "normalized": "may use"
                }
            },
            {
                "subject": {
                    "text": "a central server"
                },
                "sentence": " may use a central server to maintain information across multiple different",
                "object": {
                    "text": "information across multiple different"
                },
                "action": {
                    "verb": {
                        "text": "maintain",
                        "tense": "future"
                    },
                    "text": "to maintain",
                    "normalized": "to maintain"
                }
            }
        ],
        "categories": [
            {
                "score": 0.732128,
                "label": "/technology and computing/internet technology/email"
            },
            {
                "score": 0.725538,
                "label": "/technology and computing/operating systems"
            },
            {
                "score": 0.686859,
                "label": "/technology and computing/hardware/computer components"
            }
        ],
        "relations": [
            {
                "type": "agentOf",
                "sentence": "An abstract released by the U.S. Patent and Trademark Office states: \"A system that is configured to coordinate student dismissal at end of day.",
                "score": 0.969578,
                "arguments": [
                    {
                        "text": "U.S. Patent and Trademark Office",
                        "location": [
                            739,
                            771
                        ],
                        "entities": [
                            {
                                "type": "Organization",
                                "text": "U.S. Patent and Trademark Office",
                                "disambiguation": {
                                    "subtype": [
                                        "Government"
                                    ]
                                }
                            }
                        ]
                    },
                    {
                        "text": "states",
                        "location": [
                            772,
                            778
                        ],
                        "entities": [
                            {
                                "type": "EventCommunication",
                                "text": "states"
                            }
                        ]
                    }
                ]
            }
        ],
        "keywords": [
            {
                "text": "patent application",
                "relevance": 0.886431,
                "count": 1
            },
            {
                "text": "central server",
                "relevance": 0.698576,
                "count": 1
            },
            {
                "text": "International Patent Classification codes",
                "relevance": 0.681235,
                "count": 1
            },
            {
                "text": "G06F",
                "relevance": 0.671142,
                "count": 4
            },
            {
                "text": "different functions",
                "relevance": 0.632609,
                "count": 1
            },
            {
                "text": "Trademark Office",
                "relevance": 0.626501,
                "count": 1
            },
            {
                "text": "patent application number",
                "relevance": 0.617038,
                "count": 1
            },
            {
                "text": "H04L",
                "relevance": 0.615601,
                "count": 4
            },
            {
                "text": "H04W004",
                "relevance": 0.604122,
                "count": 2
            },
            {
                "text": "U.S. Patent",
                "relevance": 0.580563,
                "count": 1
            },
            {
                "text": "Alexandria",
                "relevance": 0.572369,
                "count": 1
            },
            {
                "text": "June",
                "relevance": 0.54159,
                "count": 1
            },
            {
                "text": "Lynn Brian",
                "relevance": 0.537394,
                "count": 1
            },
            {
                "text": "devices",
                "relevance": 0.525999,
                "count": 1
            },
            {
                "text": "information",
                "relevance": 0.52484,
                "count": 2
            },
            {
                "text": "end",
                "relevance": 0.520019,
                "count": 1
            },
            {
                "text": "G06F003",
                "relevance": 0.51735,
                "count": 2
            },
            {
                "text": "school",
                "relevance": 0.511191,
                "count": 1
            },
            {
                "text": "H04L029",
                "relevance": 0.509722,
                "count": 2
            },
            {
                "text": "Buchanan Whipple Cara",
                "relevance": 0.502406,
                "count": 1
            },
            {
                "text": "day dismissal",
                "relevance": 0.489482,
                "count": 1
            },
            {
                "text": "student dismissal",
                "relevance": 0.464994,
                "count": 1
            },
            {
                "text": "abstract",
                "relevance": 0.448134,
                "count": 1
            },
            {
                "text": "H04",
                "relevance": 0.442754,
                "count": 4
            },
            {
                "text": "G08G",
                "relevance": 0.428351,
                "count": 2
            },
            {
                "text": "dismissal process",
                "relevance": 0.423491,
                "count": 1
            },
            {
                "text": "end of day",
                "relevance": 0.420536,
                "count": 1
            },
            {
                "text": "G08G001",
                "relevance": 0.409501,
                "count": 1
            },
            {
                "text": "system",
                "relevance": 0.370579,
                "count": 2
            }
        ]
    },
    "freqeuncy": "Daily",
    "extracted_metadata": {
        "sha1": "e8ab3235342995a14408b9f2ae5cf55fd96f80a0",
        "filename": "202006050800PEDIA___GIPN_____MJA0NDU5MTLAQEAYMDQ0NTKXOQ.json",
        "file_type": "json"
    },
    "companyRecord": "|||US Patent and Trademark Office|extractor|DUNS:070921085;NECOID:201872415;ACORN:0190872415;UDUNS:161906193;UACORN:2653674111|MENTION||||XXXX|REFERENCE",
    "publicationTime": "2020-06-05T08:00:00-04:00",
    "title": "Lynn Brian and Buchanan Whipple Cara Submit United States Patent Application for Coordinating Information Across Multiple Devices to Facilitate End-of-Day Dismissal at a School",
    "html": "<p><location idsrc=\"xmltag.org\" value=\"LU/eg..alxdra\">Alexandria</location>, <chron>June 5</chron> -- <person>Lynn Brian</person> and <person>Buchanan Whipple Cara</person> have submitted a patent application for coordinating information across multiple devices to facilitate end-of-day dismissal at a school. The patent application number is 16/571110. International Patent Classification codes are H04W 4/08 20060101 H04W004/08, H04L 29/06 20060101 H04L029/06, H04L 29/08 20060101 H04L029/08, H04W 4/021 20060101 H04W004/021, G06F 3/14 20060101 G06F003/14, G06F 3/0482 20060101 G06F003/0482 and G08G 1/00 20060101 G08G001/00. Cooperative Patent Classification codes are H04L 67/12 20130101, G06F 3/1423 20130101, H04W 4/08 20130101, G06F 3/0482 20130101, H04W 4/021 20130101, G08G 1/207 20130101 and H04L 67/42 20130101.</p>\n<p>An abstract released by the <org idsrc=\"xmltag.org\" value=\"ACORN:0190872415\">U.S. Patent and Trademark Office</org> states: \"A system that is configured to coordinate student dismissal at end of day. The system may use a central server to maintain information across multiple different devices, each for different functions in the dismissal process.\"</p>\n<p />",
    "geoFocus": [
        [
            "GR/glb",
            "Global"
        ]
    ]
}